Newspaper Name,Issue No,Date (mm/dd/yyyy),Content,Source,Image
The Boston Newsletter,641,7/23/1716,"This is to give notice that on the 16th of July, 1716, Runaway from his Master, David Lyell, an Indian Man named Nim, he lately belonged to Mr. James Moore, he is about one and twenty years of Age and is a short broad shouldered Fellow his hair hath lately been cut off, he has a swelling on the back of his right hand, and can do something in the Carpenters trade, he hath with him two new shirts, a new wastecoat, and breeches of white course linnen, and the same of blew striped; a homespun Coat, wears a Hat, Shoes, stockings. ’Tis believed he endeavours to get on board some Vessel. Whoever takes up the said Indian in the Jerseys, and brings him to his said Master shall have forty shillings and charges and if in any other government Five pounds if they give but notice where his is, so that his Master may have him again. Direct to David Lyell in NewYork or at Amboy in New-Jersey.","Hodges, Graham Russell Gao, and Alan Edward Brown, eds. “Pretends to Be Free”: Runaway Slave Advertisements from Colonial and Revolutionary New York and New Jersey. 1st ed. Fordham University Press, 2019. https://doi.org/10.2307/j.ctv7xbrzd.",
The American Weekly Mercury (Philadelphia),153,11/15/1722,"Runaway from William Yard of Trenton in West-Jersey, the Fifth Day of this Instant November, a Negroe Man named Fransh Manuel, but commonly called Manuel, of a pretty tall stature, and speaks indifferent English. He wears a dark coloured homespun coat, an Ozenbrig Jacket, old Leather breeches, Sheep-russet Stockings, new Shoes and an old Beveret hat. He pretended formerly to be a Freeman and had Passes; but he did belong to one John Raymond of Fairfield in New England and I bought him of said Raymond. And the said Negro boy has told since he has run away, That he found a Quantity of Ore for his Master, and that his Master had given him Free. Whoever takes up the said Negroe, secures him and brings him to Mr. William Bradford of New York, or to Mr. William Burge of Philadelphia or to his said Master at Trenton, shall have forty shillings Reward, beside all reasonable charges, paid by me, William Yard.","Hodges, Graham Russell Gao, and Alan Edward Brown, eds. “Pretends to Be Free”: Runaway Slave Advertisements from Colonial and Revolutionary New York and New Jersey. 1st ed. Fordham University Press, 2019. https://doi.org/10.2307/j.ctv7xbrzd.",
The American Weekly Mercury (Philadelphia),190,8/1/1723,"Runaway about the 15th of June last, from Gabriel Stelle of Shrewsbury, an Negro Man named Jack, of small stature, he had on an Osenbrigs shirt and a woollen shirt, a pair of Leather Breeches, a dark homespun Jacket, a dark Cloase bodied fashionable Coat with a brown Kersey Great-Coat, an Old Beaver hat, a pair of square toed shoes with wooden heels, he is a Madagascar Negro. Whoever takes up the said Negro and brings him to his said Master or to Issac Stelle in Allens Town, shall have two Pistoles as a Reward besides Reasonable Charges.","Hodges, Graham Russell Gao, and Alan Edward Brown, eds. “Pretends to Be Free”: Runaway Slave Advertisements from Colonial and Revolutionary New York and New Jersey. 1st ed. Fordham University Press, 2019. https://doi.org/10.2307/j.ctv7xbrzd.",
The American Weekly Mercury (Philadelphia),239,7/9/1724,"Second River, June 30, 1762. Run away from his Master a negro man named Frank, tall, slim, had on when he went away; a Tow shirt and Trousers, bare foot and bare legged, has a Scar on his Upper Lip, from his Nose downwards: Whoever takes up the said negro, and secures him, so that his Master may have him again shall have Forty Shillings reward, and all reasonable charges paid by John Kingsland.","Hodges, Graham Russell Gao, and Alan Edward Brown, eds. “Pretends to Be Free”: Runaway Slave Advertisements from Colonial and Revolutionary New York and New Jersey. 1st ed. Fordham University Press, 2019. https://doi.org/10.2307/j.ctv7xbrzd.",
The American Weekly Mercury (Philadelphia),249,9/17/1724,"Runaway from the Plantation of Cornelius Van Horne on Rariton River a Malisgasco Negroe Man, named Tom, he is a black likely fellow, pretty Tall, a grave Look, has on a Homespun brown jacket, and lined the same, has brass Buttons. Whoever takes up the said Negroe and delivers him to his said M aster Cornelius Van Horne, in New York or in Amboy goal, shall have Three Pounds as a Reward plus reasonable charges.","Hodges, Graham Russell Gao, and Alan Edward Brown, eds. “Pretends to Be Free”: Runaway Slave Advertisements from Colonial and Revolutionary New York and New Jersey. 1st ed. Fordham University Press, 2019. https://doi.org/10.2307/j.ctv7xbrzd.",
The American Weekly Mercury (Philadelphia),343,7/14/1726,"Notice is hereby given, That there is come to the House of John Leonards at south River Bridge, near Amboy, in the Eastern Division of the Province of New Jersey, a Negroe Man, who was forced to the said House for want of Sustenance; he is a middle sized Man, talks no English or feigns that he cannot, he calls himself PoPaw, his teeth seem to be Fil’d or Whet Sharp; he will not tell his Masters Name. Whoever Ownes the said Negroe may have him from the said Leonard on coming or sending for, paying according to Reward (if any be) or if not, according to the Laws of this Province and also reasonably for his Diet ’till fetched.","Hodges, Graham Russell Gao, and Alan Edward Brown, eds. “Pretends to Be Free”: Runaway Slave Advertisements from Colonial and Revolutionary New York and New Jersey. 1st ed. Fordham University Press, 2019. https://doi.org/10.2307/j.ctv7xbrzd.",
The American Weekly Mercury (Philadelphia),378,4/6/1727,"There is in custody of William Nichols, Esq; High Sheriff of the County of Monmouth, a likely young Negroe man about 24 years old; he calls himself James, speaks little English and can given no account where he came from or who he belongs to. Any person that owns said Negro paying Charges may have him.","Hodges, Graham Russell Gao, and Alan Edward Brown, eds. “Pretends to Be Free”: Runaway Slave Advertisements from Colonial and Revolutionary New York and New Jersey. 1st ed. Fordham University Press, 2019. https://doi.org/10.2307/j.ctv7xbrzd.",
The American Weekly Mercury (Philadelphia),386,6/1/1727,"Run Away the 21st Day of May last, from James Leonard of Somerset in New Jersey, a Negroe Man named Will, aged about 26 years and has with him an old Lightish color’d Great Coat and Leather Breeches, and two Shirts and old pair of black and white Stockings and ’tis supposed that he has a Gun with him, he speaks good English. Whoever takes up the said Negroe and secures him so that his said Master may have him shall be well Rewarded, by said James Leonard.","Hodges, Graham Russell Gao, and Alan Edward Brown, eds. “Pretends to Be Free”: Runaway Slave Advertisements from Colonial and Revolutionary New York and New Jersey. 1st ed. Fordham University Press, 2019. https://doi.org/10.2307/j.ctv7xbrzd.",
The American Weekly Mercury (Philadelphia),487,5/1/1729,"These are to be given Notice that on the First Day of this Instant May, 1729, was taken up a Negroeman, about fortythree Years of Age and put into the Gaol at Burlington, for Stealing from Several persons sundry sorts of Goods; the Negroe Man saith he belongs to one Roger Mathews living in Baltimore County in Maryland, brother-in-law to one Edward Hall. N.B. The said Negroe man formerly belonged to Governeur Markham and was sold down at Maryland by Mr. Reneir, Attorney at Law.","Hodges, Graham Russell Gao, and Alan Edward Brown, eds. “Pretends to Be Free”: Runaway Slave Advertisements from Colonial and Revolutionary New York and New Jersey. 1st ed. Fordham University Press, 2019. https://doi.org/10.2307/j.ctv7xbrzd.",
The American Weekly Mercury (Philadelphia),511,10/16/1729,"Burlington, October 20, 1729. Broke out of the Gaol at Burlington, the 20th Day of October, Two Men. One named Aristoblus Christopher, about Thirty years of age, of a Swarthy Complexion, thick Brown Hair, about five feet and eight Inches high, Shipwright by Trade. The other a Malato and goes by the name of Malato John, about Forty Years of age about six Feet and two Inches high and well set, and smooth Fac’d, short Brown Hair, he pretends to be a Housecarpenter by Trade. Whosoever takes up the said Persons or either of them and bring them to Burlington shall have Forty Shillings Reward for Each and Reasonable charges paid by Thomas Hunlock.","Hodges, Graham Russell Gao, and Alan Edward Brown, eds. “Pretends to Be Free”: Runaway Slave Advertisements from Colonial and Revolutionary New York and New Jersey. 1st ed. Fordham University Press, 2019. https://doi.org/10.2307/j.ctv7xbrzd.",
The New-York Gazette,238,5/18/1730,"Ran Away, a Negro Man named Quash, from his master Cornelius DePeyster of New York City. The said Negro has thick lips, and has lost a foretooth. Whoever can take up said negro man and bring him to his Master, or secure him and give Notice, so that his Master can get him again, shall have forty shillings reward and all reasonable Charges.","Hodges, Graham Russell Gao, and Alan Edward Brown, eds. “Pretends to Be Free”: Runaway Slave Advertisements from Colonial and Revolutionary New York and New Jersey. 1st ed. Fordham University Press, 2019. https://doi.org/10.2307/j.ctv7xbrzd.",
The New-York Gazette,239,5/25/1730,"Run away from Soloman Bates o f Elizabeth-Town a Negroe man named Clause, aged about 27 years old, has got with him a Homespun Coat of Linen and Wool, with Brass Buttons, an Ozenbrig Vest with black Buttons and Button­ holes, and an old striped vest, Leather Breeches, new homespun Worsted Stockings, black shoes with Buckles, he has a Hat and Cap and he can play upon the Fiddle and speaks English and Dutch. Whoever can take up the said Negroe and bring him to his said Master, or secure him and give Notice, so that his Master can have him again, shall have reasonable satisfaction besides all reasonable charges.","Hodges, Graham Russell Gao, and Alan Edward Brown, eds. “Pretends to Be Free”: Runaway Slave Advertisements from Colonial and Revolutionary New York and New Jersey. 1st ed. Fordham University Press, 2019. https://doi.org/10.2307/j.ctv7xbrzd.",
The New-York Gazette,253,8/31/1730,"Run Away last Tuesday two Negro Men, both branded RN on their shoulders; one remarkably scarrified over the forehead, clothed with trousers, The other with a coat and trousers. Whoever brings the said Negroes to Jason Vaughn in New-York, shall have thirty shillings and all reasonable charges paid.","Hodges, Graham Russell Gao, and Alan Edward Brown, eds. “Pretends to Be Free”: Runaway Slave Advertisements from Colonial and Revolutionary New York and New Jersey. 1st ed. Fordham University Press, 2019. https://doi.org/10.2307/j.ctv7xbrzd.",
The New-York Gazette,329,1/30/1732,"Run away about 10 o ’clock Thursday last, from John Cannon, New York City, three Negroes with a sloop belonging to said Cannon, burthen about 35 tons. W hoever takes up and returns said Negroe Men and the Sloop shall receive Twenty Pounds and all reasonable Charges from John Cannon.","Hodges, Graham Russell Gao, and Alan Edward Brown, eds. “Pretends to Be Free”: Runaway Slave Advertisements from Colonial and Revolutionary New York and New Jersey. 1st ed. Fordham University Press, 2019. https://doi.org/10.2307/j.ctv7xbrzd.",
The New-York Gazette,342,5/8/1732,"Run Away from Solomon Baites of Elizabeth Town in NewJersey, a Negro Man named Clauss, about 28 years old, but he sometimes calls himself Nicolas, he formerly belonged to Daniel Bagley. He has taken with him a grey Home spun Drugget Coat trim’d with Black, a homespun Kearsey Vest, a Pair of Leather Breeches with red Puffs and Shoes and Stockings, he can play on a Fiddle tolerable well, He is of a middle Stature. Whoever takes up the said Negro and give Notice, so that his Master can have him again, shall have a reasonable reward besides reasonable Charge. And all persons are hereby forbid to entertain said Negro as they will answer at the utmost Severity of the Law.","Hodges, Graham Russell Gao, and Alan Edward Brown, eds. “Pretends to Be Free”: Runaway Slave Advertisements from Colonial and Revolutionary New York and New Jersey. 1st ed. Fordham University Press, 2019. https://doi.org/10.2307/j.ctv7xbrzd.",
The New-York Gazette,369,11/13/1732,"Ran away from Joseph Reade of New York City, merchant, the 14th of November, 1732, a likely mullatto servant woman, named Sarah. She is about 24 years of age, and she has taken with her a callico Suit of Cloathes, a striped Satteen silk wastecoat, Two Homespun waste-Coates and Petty-coat; she is a handy Wench, can do all sorts of House­ work, speaks good English and some Dutch. Whoever takes up the said Servant, and will bring her to her late Master, shall have five pounds as a Reward and all reasonable Charges paid.","Hodges, Graham Russell Gao, and Alan Edward Brown, eds. “Pretends to Be Free”: Runaway Slave Advertisements from Colonial and Revolutionary New York and New Jersey. 1st ed. Fordham University Press, 2019. https://doi.org/10.2307/j.ctv7xbrzd.",
The New-York Gazette,415,10/1/1733,"Ran away the 18th of August, 1733 from Jacobus Van Cortlandt, New York City, a Negro man slave named Andrew Saxon, a tall lusty fellow, is very black, walks stooping and somewhat lamish with his left leg; the thumb of his left hand is somewhat stiff by a wound he had in his hand; the shirts he had with him and on his back are marked with a Cross on the left breast; he professeth himself to be a Roman Catholic, speaks very good English, is a carpenter and a cooper by trade and has a Broad-Ax with him, a Twofoot rule and a Howell-hovel. He had on a pair of linnen or ozenbrig breeches, and an old coat, but ’tis uncertain what other Cloathes he has with him. W hoever takes up and secures the said Negro Man, and gives Notice to his said Master, so that he may be had again, shall have Forty Shillings if taken within Ten Miles of the City of New-York, and Three Pounds if further, as a Reward, and all reasonable Charges paid by Jacob Van Cortlandt.","Hodges, Graham Russell Gao, and Alan Edward Brown, eds. “Pretends to Be Free”: Runaway Slave Advertisements from Colonial and Revolutionary New York and New Jersey. 1st ed. Fordham University Press, 2019. https://doi.org/10.2307/j.ctv7xbrzd.

Also at: https://digitalcollections.nypl.org/items/96f6a3b0-c618-012f-13bb-58d385a7bc34?canvasIndex=0 ",
The New-York Gazette,416,10/8/1733,"Ran Away from Robert Pierson of Notingham near Trentown, a Negro Man, named Jack, a lusty stout well set Fellow, a little Pock-broken, aged 30 years: He had on when he went away, a dark brown straight bodied Coat with Brass buttons, a light coloured great Coat, two homespun Tow Shirts, two Pair of Drawers, a Pair of Orange coloured Stockings and indifferent Pair of Shoes, a good Felt Hat. Whoever shall take up the said Negro man, and secure him or bring him to his said Master, or given Notice to Mr. Samuel Bayard in New York, shall have Forty Shillings reward, besides all reasonable charges, per me. Robert Pierson.","Hodges, Graham Russell Gao, and Alan Edward Brown, eds. “Pretends to Be Free”: Runaway Slave Advertisements from Colonial and Revolutionary New York and New Jersey. 1st ed. Fordham University Press, 2019. https://doi.org/10.2307/j.ctv7xbrzd.",
The New-York Weekly Journal,21,6/10/1734,"Hackingsack, June 7, 1734. RUN out of the Goal of the County of Bergin last Night, one Jacob Powelse of H ackingsack, aged 40 Years or thereabouts, middle Stature, Molatto Man, lame in one of his Finger, he had on when he went away a yellow Coat with old Buttons, and homespun Holland Westcoat and Bretches. W hoever takes up and secures the said Jacob Powelse so that he may be brought back to the Goal at Hackingsack, shall have 3 Pounds Reward paid by me Par. Parmyter, Sheriff.","Hodges, Graham Russell Gao, and Alan Edward Brown, eds. “Pretends to Be Free”: Runaway Slave Advertisements from Colonial and Revolutionary New York and New Jersey. 1st ed. Fordham University Press, 2019. https://doi.org/10.2307/j.ctv7xbrzd.",
The New-York Gazette,452,6/24/1734,"Runaway last Wednesday from Judith Vincent in Monmouth County in New Jersey an Indian Man, named Stoffels, speaks good English, about Forty years of age, he is a House Carpenter, a Cooper, a W heelwright and is a good Butcher also. There is also two others gone along with him, one being half Indian and half Negro and the other a Mulatto about 30 years of age & plays upon the violin and has it with him. Whoever takes up & secures said Fellow so that he may be had again shall have forty shillings as a reward and all reasonable charges paid by the said Judith Vincent. N.B. It is supposed’d they are all going together in a Canow towards Connecticut or Rhode Island.","Hodges, Graham Russell Gao, and Alan Edward Brown, eds. “Pretends to Be Free”: Runaway Slave Advertisements from Colonial and Revolutionary New York and New Jersey. 1st ed. Fordham University Press, 2019. https://doi.org/10.2307/j.ctv7xbrzd.",
The New-York Weekly Journal,43,8/26/1734,"Run away from Johanna Kelsall of the City of New-York, a Negroe Man known by the Name of Johnsey here in Town, but writes his Name Jonathan Stow, about 25 Years of Age, of short Stature, bandy Legs, blubber Lips, yellow Complexion, his Hair is neither right Negro nor Indian, but between both, and pretty long, he had on when he went away a homespun Jacket, a pair of Trowsers, and a speckled Shirt. Whoever takes up the said Negro and secures him, or brings him to his Mistress, shall have 40 Shillings Reward and all Reasonable Charges paid by me Johanna Kelsall.","Hodges, Graham Russell Gao, and Alan Edward Brown, eds. “Pretends to Be Free”: Runaway Slave Advertisements from Colonial and Revolutionary New York and New Jersey. 1st ed. Fordham University Press, 2019. https://doi.org/10.2307/j.ctv7xbrzd.",
American Weekly Mercury (Philadelphia),773,10/24/1734,"Run away the 26 of June last, from Samuel Leonard of Perth Amboy in New Jersey, a thick short Fellow, having but one Eye, he is half Indian half Negro tho’s as black as most Negroes; he had on when he went away a blue Coat; his name is Wan, he plays on the Fiddle and speaks good English and this country Indian. Any person bringing this said Fellow to his Master shall have Three Pounds reward with reasonable charges paid by Samuel Leonard.","Hodges, Graham Russell Gao, and Alan Edward Brown, eds. “Pretends to Be Free”: Runaway Slave Advertisements from Colonial and Revolutionary New York and New Jersey. 1st ed. Fordham University Press, 2019. https://doi.org/10.2307/j.ctv7xbrzd.",
The New-York Weekly Journal,100,10/6/1735,"Run away from Arent Bradt of Schinectady in the County of Albany, on Sunday the 28th of September last, a Negro Man, named William Smith, he is an indented Servant and no Slave; he is a pretty lusty well set Fellow, full fac’d, and in Colour like the Madagascar Negroes, speaks English, High and Low Dut[c]h, understands all Sorts of Husbandry Work, and something of the Trade of a Black-Smith; had on when he went away a Linnen Wastcoat and Breeches, homespun Stockings, and English Shoes, and carried with him a light coloured Frize Jacket, and a Pair of Linnen Breeches. Any Person that takes up the said Negro Man Servant, and secures so that his Master may have him again, shall have five Pounds Reward and all reasonable Charges.","Hodges, Graham Russell Gao, and Alan Edward Brown, eds. “Pretends to Be Free”: Runaway Slave Advertisements from Colonial and Revolutionary New York and New Jersey. 1st ed. Fordham University Press, 2019. https://doi.org/10.2307/j.ctv7xbrzd.",
The New-York Gazette,523,10/27/1735,"Ran Away from Zebulon Stout of Somerset County, a Negro Man named Tom, He is about Thirty-five years Old, and is a well set Fellow, but of a thin Visage. He speaks good English; he went away in a brown home-spun Vest lined with Orange coloured Shalune, an old Bever Hat, gray Yam Stockins and New Shoes. This Negro is well known at Woodbridge and Elizabeth-Town. Whoever takes up the said Negro and gives notice to his Master, so that he can have him again, shall have Twenty Shillings Reward and all reasonable Charges paid them. Zebulon Stout.","Hodges, Graham Russell Gao, and Alan Edward Brown, eds. “Pretends to Be Free”: Runaway Slave Advertisements from Colonial and Revolutionary New York and New Jersey. 1st ed. Fordham University Press, 2019. https://doi.org/10.2307/j.ctv7xbrzd.",
The New-York Weekly Journal,131,5/10/1736,"Run away, 2d of this instant May a Servant Man named John Watson aged about 40 Years, is a short thick Man, fair Complexion, born near New-Castle on Delaware lately redeemed out of Bergin County Goal by Cornelius Wynkoop and Elizabeth Antony, storekeepers, of the said County, for a Considerable Sum of Money, he had on when he went away a Duroys Coat light brown, a Kersey Coat, dark Brown, with Brass Buttons, a Striped Holland Wastcoat and Britches of the same, wears a Wigg or Cap, is very subject to Drink, it is supposed that he has with him a Negro Man named Johnny a middle Sized slender Fellow, Pock broken, about 35 Years of Age, is a very good Cooper, speaks English, French and Dutch and can read and Write, had on an Iron Gray Great Coat, what other Cloath is uncertain, his Master’s Name is Peter Valleau. There is also with them another Negro Fellow, named Cato, aged about 22 Years a likely Fellow some thing taller than the above described and some thing thicker a Native of Madagascar, speaks good English and Dutch had on when he went away, a black homespun Coat with Brass Buttons, a striped homespun jacket and homespun Stockins. had with him 2 pair of new Shooes.","Hodges, Graham Russell Gao, and Alan Edward Brown, eds. “Pretends to Be Free”: Runaway Slave Advertisements from Colonial and Revolutionary New York and New Jersey. 1st ed. Fordham University Press, 2019. https://doi.org/10.2307/j.ctv7xbrzd.",
The American Weekly Mercury (Philadelphia),933,11/10/1737,"Ran-away the 3rd of this Inst, of November from Alexander Morgan of W aterford Township in Gloucester County in West New Jersey; a Negro Man named Cesar aged about 24 years, a tall slim Fellow with small leggs & Great Feet, had on when he went away a felt Hat, a Cotton Cap, a Homespun Coat with brass Buttons, a West-coat without sleeves, an Oznabrigs Shirt, Leather Breeches with Brass Buttons, a pair of worsted Stockings and a pair of yarn ones, two pair of peak’d toe’d Shoes; he took with him some Bedding in particular a new gray Blanket. He took a boat and went to Philadelphia, and ty ’d the Boat to the backside of Anthony M orris’s W harf and is supposed he will Endeavour to get Aboard of some Vessel to go to Sea and pass for a free Negro. Whoever takes up said Negro and secures him so that his master may have him again shall have Twenty Shillings Reward paid by Alexander Morgan. N.B. All persons are hereby forewarn’d of Entertaining him. He ran away about a month before and had got in a Sailors dress in order to get aboard a Vessel to go as he said to Barbadoes.","Hodges, Graham Russell Gao, and Alan Edward Brown, eds. “Pretends to Be Free”: Runaway Slave Advertisements from Colonial and Revolutionary New York and New Jersey. 1st ed. Fordham University Press, 2019. https://doi.org/10.2307/j.ctv7xbrzd.",
The New-York Gazette,634,12/19/1737,"Ran away from John Bell, of New York City, carpenter, one Negro woman named Jenney, 14-15 years, born in N ew York, speaks English and some Dutch. She has a flat Nose, thick Lips, and full faced; had on when she went away, a Birds eyed Waistcoat and Pettycoat of a darkish colour, and a Callico Waistcoat with a large red flower, and a broad stripe, a Callico Pettycoat with small stripes and small red flowers. Whoever shall take up said Negro Wench and bring her to said John Bell, or secure her and give Notice, so that he can have her again, shall have Three Pounds as a Reward, and all reasonable Charges.","Hodges, Graham Russell Gao, and Alan Edward Brown, eds. “Pretends to Be Free”: Runaway Slave Advertisements from Colonial and Revolutionary New York and New Jersey. 1st ed. Fordham University Press, 2019. https://doi.org/10.2307/j.ctv7xbrzd.",
The New-York Gazette,664,7/24/1738,"Ran away from James Thompson of Piscattaway in NewJersey, a lusty M adagascar man, of a yallowish Complexion, has a small Scar on his nose, and talks good English. He formerly belonged to Capt. John Reid of Monmouth County. He had on when he went away, a Flannel Shirt, and old torn Breeches. Whoever shall take up said Negro Man and convey him to his Master, or secure him and give Notice, so that his Master can have him again, shall have Twenty-Five Shillings, besides reasonable Charges, paid by James Thompson.","Hodges, Graham Russell Gao, and Alan Edward Brown, eds. “Pretends to Be Free”: Runaway Slave Advertisements from Colonial and Revolutionary New York and New Jersey. 1st ed. Fordham University Press, 2019. https://doi.org/10.2307/j.ctv7xbrzd.",
The New-York Gazette,664,7/24/1738,"Ran Away from John Hunt of Hopewell in the County of Hunterdon and Province of West-New-Jersey, on the 25th Day of this Instant July, a Negro Man named Peet, he had on when he went away, a Gray home-spun Coat with Brass Buttons, and a gadfel Hatt, a Tow Shirt and Breeches, with Shoes and Stockings. He is a Lusty well sett Fellow, about 28 years of Age, and was born upon Long-Island and speaks and reads good English. W hoever takes up the said Negro and secures him, so that the said John Hunt may have him again, shall have Three Pounds Reward, and reasonable charges paid by John Hunt. N.B. The said Negro calls himself Peter Waldren, and pretends to be a Free-Man.","Hodges, Graham Russell Gao, and Alan Edward Brown, eds. “Pretends to Be Free”: Runaway Slave Advertisements from Colonial and Revolutionary New York and New Jersey. 1st ed. Fordham University Press, 2019. https://doi.org/10.2307/j.ctv7xbrzd.",
The New-York Weekly Journal,253,10/2/1738,"Run away from Frederick Zepperly of R heinbeck in Dutchess County Black Smith, a copper coloured Negro fellow named Jack, aged about 30 years, speaks nothing but English and has been much used to the Sea, Short of Stature, thin Face, strong bearded and hair longer than Negroes commonly have and reads English, he had on when he went away an Orange Coloured Drugget Fly Coat somewhat faded, with brass Buttons a Homespun Linnen Coat, two striped Linsey Wolsey Waistcoats and two pair of Breeches the same also one pair of Leather Breeches a pair of W orsted Stockings and a pair of New Blew Yarn stockings, New square toes Shoes with Brass Buckles two homespun Shirts and a very good Hat. Whoever takes up said Run away and secures him so that his Master may have him again or gives notice of him to Henry Beekman, Esq or to John Peter Zenger shall have Forty Shillings reward and all reasonable Charges.","Hodges, Graham Russell Gao, and Alan Edward Brown, eds. “Pretends to Be Free”: Runaway Slave Advertisements from Colonial and Revolutionary New York and New Jersey. 1st ed. Fordham University Press, 2019. https://doi.org/10.2307/j.ctv7xbrzd.",
The New-York Weekly Journal,318,1/14/1740,"Run away from Gabriel Cooke, a Negro Man named Jupiter of middle Stature, about 25 years of age; had on when he went away a Carfey Coat and Jacket, a Pair of Yellow Leather Britches, good Shoes and Stockings. Whosoever will take up and Secure the said Negro Man so that his Master may have him again shall have 30 Shillings as a reward and all reasonable Charges.","Hodges, Graham Russell Gao, and Alan Edward Brown, eds. “Pretends to Be Free”: Runaway Slave Advertisements from Colonial and Revolutionary New York and New Jersey. 1st ed. Fordham University Press, 2019. https://doi.org/10.2307/j.ctv7xbrzd.",
The New-York Weekly Journal,342,6/23/1740,"Run away from Thomas White of Shrewsbury a certain lusty Negroe Fellow named James, he has had his Right Shoulder out and still so which by lifting up his Arm may be soon discover’d; he had on when he went away a Homespun Coat, thread Stockings, and a new pair of Pumps. Whosoever takes up the said Negroe and Secures him so that his Master may have him again shall have Twenty Shillings as a Reward and all Reasonable Charges paid by Thomas White.","Hodges, Graham Russell Gao, and Alan Edward Brown, eds. “Pretends to Be Free”: Runaway Slave Advertisements from Colonial and Revolutionary New York and New Jersey. 1st ed. Fordham University Press, 2019. https://doi.org/10.2307/j.ctv7xbrzd.",
The Pennsylvania Gazette (Philadelphia),613,9/11/1740,"Run away on the 23rd past, from Jam es Leonard of Kingston in Middlesex County, East-New-Jersey a Negroe M an named Sim on, aged about 40 years, is a well-set Fellow, about 5 feet 10 inches high, has large Eyes, and a Foot 12 inches long; he was bred and born in this Country, talks good English, can read and write, is very slow in his Speech, can bleed and draw Teeth, Pretending to be a great Doctor and very religious and says he is a Churchman. Had on a dark grey Broadcloth Coat, with other good Apparel, and peeked toe’d Shoes. He took with him a black Horse, about 13 hands and a half high, a Star in his forehead, branded with 2 on the near Thigh or Shoulder and trots, also a black hunting saddle, about half worn. Whoever takes up and secures the said Negro so that his Master may have him again, shall have Three Pounds Reward and reasonable charges, paid by James Leonard.","Hodges, Graham Russell Gao, and Alan Edward Brown, eds. “Pretends to Be Free”: Runaway Slave Advertisements from Colonial and Revolutionary New York and New Jersey. 1st ed. Fordham University Press, 2019. https://doi.org/10.2307/j.ctv7xbrzd.",
The New-York Weekly Journal,360,10/27/1740,"Run away the first of October, 1740, from John Breese, of the City of New-York, Leather Dresser, a Mullatto Indian Slave Named, Galloway. Aged 21 Years, about five foot four Inches high, a thin body, face markt with Small-Pox, he was born in the fort at Albany, can speak Dutch, and lived many Years with Paul Richards, Esq; some Years Mayor of this City; had on when he went away a dark gray homespun Jacket lin’d with the same, a pair o f Linnen Breeches, and new Shoes; on the 3 Instant he was seen and challenged at Coll. Phillipse’s Mill, and escaped by asserting he was sent in pursuit of a Cuba Man Run away, and took the Road towards New-England, he loves Rum and other strong liquors and when Tipsey, is a brave fellow and very abusive; Whoever Secures the said Slave so that his Master or his Attorney may dispose of him shall have F orty Shillings, Reward and Reasonable Charges paid by, John Breese.","Hodges, Graham Russell Gao, and Alan Edward Brown, eds. “Pretends to Be Free”: Runaway Slave Advertisements from Colonial and Revolutionary New York and New Jersey. 1st ed. Fordham University Press, 2019. https://doi.org/10.2307/j.ctv7xbrzd.",
American Weekly Mercury (Philadelphia),1131,8/27/1741,"Run away on the 23rd of August past from Philip French of New-Brunswick, in East-New-Jersey, a Negro Man named Claus, of middle Stature, yellowish Complexion, about 45 years of age, speaks Dutch and good English. He had on when he went away, a brown Kersey Wastecoat lined with red Peniston, a black Stock with a silver clasp, a pair of Oznabrigs Trowsers, and Breeches, an Oznabrigs Shirt, a striped Woollen Cap, square Toed Shoes, and an old Hat. He took with him a red double-breasted Wastecoat lined with blue Shalloon and trim ’d with black. He is a Fiddler and took his Fiddle with him, he uses the Bow with his left Hand. Whoever shall take up the said Negro Man and bring or send him to his Master above mentioned, shall have a Reward of Three Pounds, and all reasonable Charges, paid by Philip French.","Hodges, Graham Russell Gao, and Alan Edward Brown, eds. “Pretends to Be Free”: Runaway Slave Advertisements from Colonial and Revolutionary New York and New Jersey. 1st ed. Fordham University Press, 2019. https://doi.org/10.2307/j.ctv7xbrzd.",
The New-York Weekly Journal,461,9/27/1742,"Run away for Johannes Van Houten of Bergin in the Province of New-Jersey, a Malagasco yellow Negro wench, aged about 41 years, of middle Stature, well-set, a Scar on her right Cheek from her Ear to her Chin, she speaks very good Dutch. Whoever takes up the said Wench and brings her to her Master at Bergen, or to William Rome, Esq. in New-York, shall have 20 Shillings and all reasonable Charges.","Hodges, Graham Russell Gao, and Alan Edward Brown, eds. “Pretends to Be Free”: Runaway Slave Advertisements from Colonial and Revolutionary New York and New Jersey. 1st ed. Fordham University Press, 2019. https://doi.org/10.2307/j.ctv7xbrzd.",
The Pennsylvania Gazette (Philadelphia),799,4/5/1744,"Run away the 2nd Instant from Joseph Taylor, of Freehold Township, Monmouth County, East New Jersey, a lusty Negro Man, named Robin, about 20 Years of Age, with a small Wart upon his neck, large Hands and Feet, Had on when he went away, a Brown coloured Fly Coat and Jacket with Pewter Buttons, felt Hat, white homespun Shirt, old homespun Breeches, a Pair of white and black worsted Stockings, a Pair of good Country Shoes. He took with him a brown Mare. Whoever takes up and secures the Negro so that his M aster may have him again, or brings him to his Master, shall have Twenty Shillings, or if Negro and Mare, Thirty Shillings Reward, and reasonable Charges, paid by Joseph Taylor.","Hodges, Graham Russell Gao, and Alan Edward Brown, eds. “Pretends to Be Free”: Runaway Slave Advertisements from Colonial and Revolutionary New York and New Jersey. 1st ed. Fordham University Press, 2019. https://doi.org/10.2307/j.ctv7xbrzd.",
The New-York Weekly Journal,559,7/30/1744,"Ran away on W ednesday the 11th o f July fom Gabriel Leggett, West Chester County, a Mollato servant Man of the darkest hue, half Indian, half Negro, named James, a lusty stout fellow, 28, somewhat of a hitch in his walking, which may be seen by taking notice, had on a brown jacket and breeches, a tow-cloth shirt, but poor shoes, and an old shirt. Whoever takes up and secures said negroe so that his master may have him again shall receive forty shillings and reasonable expenses.","Hodges, Graham Russell Gao, and Alan Edward Brown, eds. “Pretends to Be Free”: Runaway Slave Advertisements from Colonial and Revolutionary New York and New Jersey. 1st ed. Fordham University Press, 2019. https://doi.org/10.2307/j.ctv7xbrzd.",
The New-York Weekly Journal,599,5/6/1745,"Run away from Robert Sharer of Dutchess County a Negro Man named Harry, 40, slender body, a wollen hat, two broad-cloth’d jackets, one darkish, the other a bright colour, gun metal buttons, leather breeches, a pair of trowsers and grey colour’d stockings Whoever shall secure said Negro Man in any Gaol, so that his Master may get him again, shall receive Forty Shillings Reward, and all reasonable Charges. N.B. He is supposed to be lurking about the city.","Hodges, Graham Russell Gao, and Alan Edward Brown, eds. “Pretends to Be Free”: Runaway Slave Advertisements from Colonial and Revolutionary New York and New Jersey. 1st ed. Fordham University Press, 2019. https://doi.org/10.2307/j.ctv7xbrzd.",
The New-York Weekly Journal,602,5/27/1745,"Run away the 20th of April from Joseph Hawkhurst on Long Island, a Negro Man named Tom, 26, of middle stature wearing an old beaver hat, a red duffil jacket, an Ozenbrig shirt and blew breeches and is much given to drink. Whoever will secure the said Negro Man so that his Master may have him again, shall receive Twenty Shillings and all reasonable Charges.","Hodges, Graham Russell Gao, and Alan Edward Brown, eds. “Pretends to Be Free”: Runaway Slave Advertisements from Colonial and Revolutionary New York and New Jersey. 1st ed. Fordham University Press, 2019. https://doi.org/10.2307/j.ctv7xbrzd.",
New-York Weekly Post-Boy,146,11/4/1745,"Run away the 26th of October last from Thomas Billow, a Negro Man named Mingo, aged 20 years, this country bom, speaks very good English, of middle stature or rather spare, not very black, is a very active strong fellow; has a scar on the inside of his left thigh, which is not quite healed: Had on when he went away, a Beaver hat about half worn, a very god drugget coat full long for him, Ozenbrig waistcoat and Trowsers, a pair of thin wash-leather breeches, light grey worsted stockings and good coarse shoes. Whoever takes up and secures said Negro and gives notice thereof, so that he may be had again, shall have 405. and all reasonable charges, paid by Thomas Billop. N.B. It is thought he will make for some seaport, in order to enter on board a privateer, ’Tis at their peril who entertains him.","Hodges, Graham Russell Gao, and Alan Edward Brown, eds. “Pretends to Be Free”: Runaway Slave Advertisements from Colonial and Revolutionary New York and New Jersey. 1st ed. Fordham University Press, 2019. https://doi.org/10.2307/j.ctv7xbrzd.",
The New-York Weekly Journal,649,5/19/1746,"Run away from John Willet, junr. of Flushing, the 24th of April, a Negro fellow of about 21 years of age, his name is Primus but alters his Name frequently, he is about 6 feet high, and w ell-proportioned, he is of a M alagasco complexion and it is observed that he will lye to that he is not to be believed or depended upon in that respect. Whoever takes up the said Negro and brings him to his Master or secures him so that his Master may have him again, shall be very well rewarded and all reasonable charges paid by me.","Hodges, Graham Russell Gao, and Alan Edward Brown, eds. “Pretends to Be Free”: Runaway Slave Advertisements from Colonial and Revolutionary New York and New Jersey. 1st ed. Fordham University Press, 2019. https://doi.org/10.2307/j.ctv7xbrzd.",
The Pennsylvania Gazette (Philadelphia),916,7/3/1746,"Philadelphia July 3, 1746. Runaway on the 19th of June last, from Hugh Martin, of Lebanon, in the County of Hunterdon, a Negroe Man named Jack, about 22 years of age, short, well-made and pitted with the Small-pox. Had on when he went away, a blue Linsey Woollsey Jacket, Tow Shirt and Drawers and an old Felt Hat. Whoever takes up and secures said Negro so that his Master may have him again shall have Twenty Shillings and all Reasonable charges paid by Hugh Martin.","Hodges, Graham Russell Gao, and Alan Edward Brown, eds. “Pretends to Be Free”: Runaway Slave Advertisements from Colonial and Revolutionary New York and New Jersey. 1st ed. Fordham University Press, 2019. https://doi.org/10.2307/j.ctv7xbrzd.",
New-York Weekly Post-Boy,187,8/18/1746,"Run away on Sunday the 10th instant from Captain George Hall, of this city, a tall likely young Negroe man named Quaw; he is a cunning and artful fellow, Jamaica born, stutters very much and has one of his ears cropt; he stole away a £5, 12s. and £3 Johannes Pieces and was seen going towards Kingsbridge. Whoever takes up said Negro and brings him to his master, shall have fifty shillings reward and all reasonable charges paid by George Hall.","Hodges, Graham Russell Gao, and Alan Edward Brown, eds. “Pretends to Be Free”: Runaway Slave Advertisements from Colonial and Revolutionary New York and New Jersey. 1st ed. Fordham University Press, 2019. https://doi.org/10.2307/j.ctv7xbrzd.",
New-York Weekly Post-Boy,190,9/8/1746,"Run away about 3 weeks ago, from Samuel Clowse, jun. at Jamaica on Long-Island, a Negro man named Frank, about 5 feet and a half high, of a yellow complexion, down Look, pretty much pock broken, pretends to play on the fiddle; had on when he went away an old blue Broadcloth Coat, the other Cloaths unknown and was bred at Mr. Rappelie’s at New York Ferry; Whoever takes up and secures said Slave, so that he may be had again, shall have forty shillings reward, paid by Samuel Clowes, jun.","Hodges, Graham Russell Gao, and Alan Edward Brown, eds. “Pretends to Be Free”: Runaway Slave Advertisements from Colonial and Revolutionary New York and New Jersey. 1st ed. Fordham University Press, 2019. https://doi.org/10.2307/j.ctv7xbrzd.",
"The New-York Gazette, Revived in The Weekly Post-Boy",227,4/20/1747,"Run away from Theunis De Klerk of Tappan in Orange County, a Negro Man named Sippee, about 30 years of age, of a middle size, is well-set, speaks good and proper English, and has a hoarse voice: Had on when he went away, a brown short watch-coat, a light colour’d red Jacket, a white Jacket bound round the edges with some other colour, and a Felt hat cock’d up and flattened on the Crown. Whoever takes up said Negro and brings him to his Master, or unto W illiam Vredenburgh of New York shall have 40v reward and all reasonable charges paid by Theunis De Klerk.","Hodges, Graham Russell Gao, and Alan Edward Brown, eds. “Pretends to Be Free”: Runaway Slave Advertisements from Colonial and Revolutionary New York and New Jersey. 1st ed. Fordham University Press, 2019. https://doi.org/10.2307/j.ctv7xbrzd.",
The New-York Weekly Journal,701,5/25/1747,"New York, May 23, 1747 Made his escape from on board the Privateer Brig, Pollux, on the 20th inst, a Mulatto man named Storde, a Bermudian Born, aged about 23 years, pretty tall and pock broken, but not very much, but pretty large pits in his face, pretty fair, with his Head commonly shaved in order to make himself pass for a white man, by trade a carpenter; the cloathes he used to wear before he left the vessel, was a check’d shirt, a striped Flannel Jacket, a pair of Oznabrig trousers, a red and white worsted cap, and some other cloathes, but can’t say what they were and believe, that he carried with him both shoes and stockings, with a large pair of silver shoe buckles and a silver stock buckle and also a pair of Gold Sleeve buttons, when in Bermuda, which without doubt he had with him, and which, ’tis thought he will offer to sell. It is very likely that he may be well dress’d as he had good cloath when he left Bermuda. The above mentioned Buckles and Buttons given him by his Master Mr. Thomas Hunt of Bermuda. Whoever takes up the said Mullatto slave and delivers him to Mr. Daniel Stiles at Captain John W aldron’s at New York or to Mr. Philip Wilkinson, merchant at New-Port, Rhode Island, shall have ten pounds, as a reward and all reasonable charges paid by either. Daniel Stiles or Philip Wilkinson.","Hodges, Graham Russell Gao, and Alan Edward Brown, eds. “Pretends to Be Free”: Runaway Slave Advertisements from Colonial and Revolutionary New York and New Jersey. 1st ed. Fordham University Press, 2019. https://doi.org/10.2307/j.ctv7xbrzd.",
"The New-York Gazette, Revived in The Weekly Post-Boy",230,6/15/1747,"RUN away from Andrew Reed of Trenton, the 30th of May last, a likely Negro Man named Isaac, about 30 Years of Age, of a middle Stature, and well set; he can play upon a Fiddle: Took with him when he went away, a light colour’d Broad Cloath Jacket, and a Drugget One about the same Colour, a Pair of Leather Breeches, two Ozenbrigg Shirts, and one fine Linnen One with Ruffels at the Breast; a Pair of dark colour’d Yarn Stockings, and a Pair of Shoes half worn: It is supposed he has got more Cloaths with him. Whoever takes up and secures the above Negro Man, so that his Master may have him again, shall have Forty Shillings Reward, paid by Andrew Reed.","Hodges, Graham Russell Gao, and Alan Edward Brown, eds. “Pretends to Be Free”: Runaway Slave Advertisements from Colonial and Revolutionary New York and New Jersey. 1st ed. Fordham University Press, 2019. https://doi.org/10.2307/j.ctv7xbrzd.",
"The New-York Gazette, Revived in The Weekly Post-Boy",231,6/22/1747,"Run away from Samuel Tingley, a Negro Man named Andrew; had on when he went away, a blue Cloth Waistcoat, and green Breeches. Whoever takes up the said Negro, and brings him home, shall have Thirty Shillings Reward, and reasonable charges, paid by Samuel Tingley.","Hodges, Graham Russell Gao, and Alan Edward Brown, eds. “Pretends to Be Free”: Runaway Slave Advertisements from Colonial and Revolutionary New York and New Jersey. 1st ed. Fordham University Press, 2019. https://doi.org/10.2307/j.ctv7xbrzd.",
"The New-York Gazette, Revived in The Weekly Post-Boy",232,6/30/1747,"RUN away on Saturday the 20th of june past, from Thomas Tindall, of Trenton, in New-Jersey, a Negro Man named Sam; a pretty tall likely Fellow, has lately had the SmallPox, and is pitted with it pretty much, aged about 28 Years: Had on when he went away, a light colour’d Cloth Jacket, Ozenbrigs Trousers, a Pair of Worsted Stockings, half worn Shoes, or Pumps, and an indifferent good Beaver hat; but it’s tho’t has got other Apparel with him, and changed. Whoever takes up and secures said Negro, so that his Master may have him again, shall have Fifty Shillings Reward, and all reasonable Charges paid by THOMAS Tindall.","Hodges, Graham Russell Gao, and Alan Edward Brown, eds. “Pretends to Be Free”: Runaway Slave Advertisements from Colonial and Revolutionary New York and New Jersey. 1st ed. Fordham University Press, 2019. https://doi.org/10.2307/j.ctv7xbrzd.",
"The New-York Gazette, Revived in The Weekly Post-Boy",233,7/6/1747,"Ran away for his master Leonard Huff, on the 30th of last month, a Negro man named York, had on when he went away a Linsey woolsey great coat and jacket, the sleeves of his jacket are made of blue drudget shirt and narrow trowsers made of homespun linnen and a pair of shoes with double soals, grey coarse yarn stockings, an old coarse hat cut in the shape of a sailor’s leather cap. W hoever shall cause the slave to be Brought to his master at Middletown, Monmouth County, shall receive Forty Shillings and all reasonable charges, paid by me Leonard Huff.","Hodges, Graham Russell Gao, and Alan Edward Brown, eds. “Pretends to Be Free”: Runaway Slave Advertisements from Colonial and Revolutionary New York and New Jersey. 1st ed. Fordham University Press, 2019. https://doi.org/10.2307/j.ctv7xbrzd.",
"The New-York Gazette, Revived in The Weekly Post-Boy",252,11/16/1747,"Run away on the first of October last, from the Widow of Alderman Van Gelder, a Negro Man named Frank, of a tawny complexion, speaks good English and Dutch; had on when he went away, a striped Flannel Jacket, Ozenbrig trousers, old shoes, but no stockings; he has since changed his Cloaths and has seen since his Elopement, to wear a red Duffels great Coat. Whoever takes up said Negro, and brings him to his Mistress, or to Victor Hyer, living near the English Church, shall have forty shillings reward, and all reasonable charges.","Hodges, Graham Russell Gao, and Alan Edward Brown, eds. “Pretends to Be Free”: Runaway Slave Advertisements from Colonial and Revolutionary New York and New Jersey. 1st ed. Fordham University Press, 2019. https://doi.org/10.2307/j.ctv7xbrzd.",
"The New-York Gazette, Revived in The Weekly Post-Boy",257,12/21/1747,"RUN away from Robert Sherer, of the Fish-K ills, in Dutchess County, and Colony of New-York, A Negro Slave named Flarry, aged upwards of 40 Years; had on when he went away, a woollen Hat, a worsted Cap, homespun Shirt half worn, homespun Coat, Flannel Waistcoat, homespun Breeches, blue Stockings, pretty good Shoes; he has been gone upwards of 3 Months, and it is supposed that he is conveyed or carried off by some ill minded and malicious Persons. Whoever can find out, or take up and secure said Slave, and give Notice thereof, so that his Master may have him again, shall have Three Pounds Reward, paid by R obert Sherer. N. B. He was taken up and put in New-York Goal, last May was a two Years.","Hodges, Graham Russell Gao, and Alan Edward Brown, eds. “Pretends to Be Free”: Runaway Slave Advertisements from Colonial and Revolutionary New York and New Jersey. 1st ed. Fordham University Press, 2019. https://doi.org/10.2307/j.ctv7xbrzd.",
"The New-York Gazette, Revived in The Weekly Post-Boy",257,12/21/1747,"Ran away from George Ryerson, Jr. of Peckquenock, EastNew Jersey, the 18th Day of November, a young Negro Man named Harry, 20, of a middle stature and well-set. Had on when he went away an old Kersey jacket and a Tow linnen jacket under it, a tow linnen shirt and old breeches, black stockings and a pair of shoes. Whoever takes up and secures him so that his Master may have him again, shall receive Twenty Shillings and all reasonable Charges, paid by George Ryerson.","Hodges, Graham Russell Gao, and Alan Edward Brown, eds. “Pretends to Be Free”: Runaway Slave Advertisements from Colonial and Revolutionary New York and New Jersey. 1st ed. Fordham University Press, 2019. https://doi.org/10.2307/j.ctv7xbrzd.",
"The New-York Gazette, Revived in The Weekly Post-Boy",258,12/28/1747,"RUN away from John Coryell of Amwell, in New-Jersey, the 22d Day of November last, at Albany, a Negro Man named James Rouse: Had on Soldier’s cloathing, but pretty bare, is lame in one of his Knees, and a Scar on his UpperLip: W hoever takes up the said Negro (if above the Highlands, shall have Forty Shillings) and if this Side the Highlands, Thirty Shillings Reward, and all reasonable Charges, paid by John Coryell.","Hodges, Graham Russell Gao, and Alan Edward Brown, eds. “Pretends to Be Free”: Runaway Slave Advertisements from Colonial and Revolutionary New York and New Jersey. 1st ed. Fordham University Press, 2019. https://doi.org/10.2307/j.ctv7xbrzd.",
"The New-York Gazette, Revived in The Weekly Post-Boy",278,5/16/1748,"Run away the 8th of this instant, from Colonel Francis Brett of the Fish Kills, in Ulster County, a Mollatto slave named Peter, 20, 6 feet high, pretty fair for a Mullato but Negro hair, a scar over both his eyes had on a yellowish Fly Coat of a Broad Cloth, Leather Breeches, grey homespun Stockings, a Beaver Hat, a grey homespun Jacket, a Linnen Shirt, and a Tow Cloth Shirt. Whoever takes up said Negro, and gives Notice to his said Master, or to the Printer hereof, so that he may be had again, shall have Forty Shillings Reward, and all reasonable Charges, paid by Francis Brett.","Hodges, Graham Russell Gao, and Alan Edward Brown, eds. “Pretends to Be Free”: Runaway Slave Advertisements from Colonial and Revolutionary New York and New Jersey. 1st ed. Fordham University Press, 2019. https://doi.org/10.2307/j.ctv7xbrzd.",
"The New-York Gazette, Revived in The Weekly Post-Boy",281,6/6/1748,"Run-Away on Friday morning from Resolved Waldron of this City, baker, a Negro Man named Wan, by trade a baker, a yellow fellow about 25, much pock m ark’d, and goes a little limp. Had on when he went away, a white Cloth Pea Jacket lined with blue, an Ozenbrig shirt, Sailor’s trowsers, a pretty old Hat and shoes. Whoever takes up and secures the said Negro Man, so that his master may have him again, shall have Forty Shillings Reward, and all reasonable charges, paid by Resolved Waldron.","Hodges, Graham Russell Gao, and Alan Edward Brown, eds. “Pretends to Be Free”: Runaway Slave Advertisements from Colonial and Revolutionary New York and New Jersey. 1st ed. Fordham University Press, 2019. https://doi.org/10.2307/j.ctv7xbrzd.",
"The New-York Gazette, Revived in The Weekly Post-Boy",284,6/27/1748,"Run away from the Executors of Captain Beezley, a Spanish Negro Man, named Domingo, about 40, pitted with small pox, but a scar under his left eye brow, speaks bad English; had on when he went away a Brown cloth Jacket, a check shirt, an old hat flapt, a striped blue and white cotton trowsers, is supposed to harbour in or about the swamp, having frequently been seen near Mary Carrey, a white woman, that frequently used to harbour him at her lodgings near the Stockade. Whoever takes up said negro, and secures him, so that he may be had again, shall receive Twenty Shillings Reward by James Mills.","Hodges, Graham Russell Gao, and Alan Edward Brown, eds. “Pretends to Be Free”: Runaway Slave Advertisements from Colonial and Revolutionary New York and New Jersey. 1st ed. Fordham University Press, 2019. https://doi.org/10.2307/j.ctv7xbrzd.",
"The New-York Gazette, Revived in The Weekly Post-Boy",286,7/11/1748,"Run away from Samuel Wickham of Goshen County of Orange, the 5th of June last, a Negro man named Jack, about 22 years of age, 5 feet high, very black, this country born, and speaks good English: Had on when he went away, an old felt hat, two new tow shirts and a fine one, one pair of old trowsers, a pair of thread stockings, one old grey kersey coat, a new homespun Duroy coat, a [linnen] jacket and a Holland Cap. Whoever takes up or secures said fellow, so that his Master may have [him] again, shall have Forty Shillings Reward, and all Reasonable Charges, paid by me, Samuel Wickham. N.B. It is thought he took with him a bay mare.","Hodges, Graham Russell Gao, and Alan Edward Brown, eds. “Pretends to Be Free”: Runaway Slave Advertisements from Colonial and Revolutionary New York and New Jersey. 1st ed. Fordham University Press, 2019. https://doi.org/10.2307/j.ctv7xbrzd.",
"The New-York Gazette, Revived in The Weekly Post-Boy",286,7/11/1748,"Run away from his master Eleazer Tyng at Dunstable the 26th of May inst, a Negro Man servant called Robbin, almost the complexion of an Indian, short thick square shouldered fellow, a very short neck and thick legs, about 28, talks good English, can read and write and plays on the fiddle, he was born at Dunstable and it is thought he had been entered into the service at Philadelphia. Had on when he went away a striped cotton, Linnen blue and white Jacket, red Breeches, with Brass Buttons, blue Yarn stockings, a fine Shirt, a red Cap, a Beaver Hat with a mourning red in it, and sometimes wears a wig. Whoever will apprehend said Negro and secure him, so that his Master may have him again, or bring him to the Ware-House or Messrs. Alford and Tyng in Boston, shall have a Reward of Ten Pounds old Tenor, and all reasonable charges. N.B. And All Masters of Vessels or others, are hereby caution’d against harbouring, concealing, or carrying off said Servant, on Penalty of the Law.","Hodges, Graham Russell Gao, and Alan Edward Brown, eds. “Pretends to Be Free”: Runaway Slave Advertisements from Colonial and Revolutionary New York and New Jersey. 1st ed. Fordham University Press, 2019. https://doi.org/10.2307/j.ctv7xbrzd.",
"The New-York Gazette, Revived in The Weekly Post-Boy",287,7/18/1748,"Run away from Peter Kemble, New Brunswick, N.J., a Mullatto slave named Tom, 22, long visaged, a thick set broad-shouldered, walks as if one leg is shorter that the other, had on when he went away, an ash coloured Kersey Jacket pretty well worn, a Castor hat, and is bare legged: Whoever takes up the said Runaway or secures him in any Goal, so that his master may have him again, shall have Forty Shillings Reward, and all Reasonable Charges paid by Peter Kemble.","Hodges, Graham Russell Gao, and Alan Edward Brown, eds. “Pretends to Be Free”: Runaway Slave Advertisements from Colonial and Revolutionary New York and New Jersey. 1st ed. Fordham University Press, 2019. https://doi.org/10.2307/j.ctv7xbrzd.",
"The New-York Gazette, Revived in The Weekly Post-Boy",287,7/18/1748,"Run away the 12th inst from Alexander Allaire of New Rochelle, two Negro boys, one aged 10, a tall slim fellow, his eyes look red— and speaks tolerable good English, had on a hat printed red, an Olive coloured coat, with close sleeves and a large pair of Coarse Trowsers. The other, aged about 16 or 17, a short thick set fellow, with a blue ragged jacket, coarse Trowsers and speaks but bad English. Whoever secures the said Negroes shall be well rewarded for their Pains by Alexander Allaire.","Hodges, Graham Russell Gao, and Alan Edward Brown, eds. “Pretends to Be Free”: Runaway Slave Advertisements from Colonial and Revolutionary New York and New Jersey. 1st ed. Fordham University Press, 2019. https://doi.org/10.2307/j.ctv7xbrzd.",
"The New-York Gazette, Revived in The Weekly Post-Boy",294,9/5/1748,"Run away from Adam Allen of Kinderhook, the 21st of August last, a Negro Man named Hannibal, aged about twenty five years, is a square, well-set fellow, 5 and a half feet high and much pock-marked, especially about the nose, has a scar above his right eye. It is uncertain what cloathes he has on. Whoever takes up said negro, and secures him so that his Master may have him again, shall have Three Pounds reward, and reasonable charges paid by Adam Van Allen.","Hodges, Graham Russell Gao, and Alan Edward Brown, eds. “Pretends to Be Free”: Runaway Slave Advertisements from Colonial and Revolutionary New York and New Jersey. 1st ed. Fordham University Press, 2019. https://doi.org/10.2307/j.ctv7xbrzd.",
"The New-York Gazette, Revived in The Weekly Post-Boy",301,10/24/1748,"Run away from the subscriber about a fortnight ago, a Negro Man Jack, 5 feet 8 inches, speaks hoarse and was Drummer aboard the Ship Brave-Hawk. Had on when he went away a light-coloured jacket, double breasted, a speckled shirt striped Holland trowsers, new Worsted Cap, an old Felt Hat and Shoes and Stockings. Whoever takes up and secures said negroe, so that his Master may have him again, shall have Forty Shillings Reward, and all Reasonable Charges paid by Joseph Haynes.","Hodges, Graham Russell Gao, and Alan Edward Brown, eds. “Pretends to Be Free”: Runaway Slave Advertisements from Colonial and Revolutionary New York and New Jersey. 1st ed. Fordham University Press, 2019. https://doi.org/10.2307/j.ctv7xbrzd.",
"The New-York Gazette, Revived in The Weekly Post-Boy",302,10/31/1748,"Run away about 3 weeks ago from Emanuel Cocker of Newark in East-New Jersey, a Negro Man named Charles, aged about 35 years, and speaks broken English: Had on when he went away a red Jacket with white Metal Buttons, an old Felt Hat, a new Tow Shirt and old trowsers. Whoever takes up and secures the said Negroe, so that his master may have him again, shall have Three Pounds Reward, and all reasonable charges paid by Emanuel Cocker.","Hodges, Graham Russell Gao, and Alan Edward Brown, eds. “Pretends to Be Free”: Runaway Slave Advertisements from Colonial and Revolutionary New York and New Jersey. 1st ed. Fordham University Press, 2019. https://doi.org/10.2307/j.ctv7xbrzd.",
"The New-York Gazette, Revived in The Weekly Post-Boy",304,11/14/1748,"Run away from John Pell of the Mannor of Pelham, a Negro wench named Bell, a boy named Janneau, a girl named Tamar, another named Dianah, another named Isabel, also a Negro Man named Lewis. Whoever will take up said Negroes, and bring them to John Pell aforesaid, shall have Five Pounds Reward, and all reasonable charges, paid by John Pell.","Hodges, Graham Russell Gao, and Alan Edward Brown, eds. “Pretends to Be Free”: Runaway Slave Advertisements from Colonial and Revolutionary New York and New Jersey. 1st ed. Fordham University Press, 2019. https://doi.org/10.2307/j.ctv7xbrzd.",
"The New-York Gazette, Revived in The Weekly Post-Boy",305,11/21/1748,"Run away from Luykas John Wyngard of this city, merchant, a certain Negro Man, Simon, of a middle-stature, a slender spry fellow, has a handsome smooth Face, and thick Legs, speaks very good English. Had on when he went away a blue Cloth Great Coat. Whoever takes up the said Negro, and brings him to his Master, or to Mr. John Livingston, at New-York, shall receive Three Pounds, NewYork Money, and all reasonable Costs and Charges, paid by John Livingston.","Hodges, Graham Russell Gao, and Alan Edward Brown, eds. “Pretends to Be Free”: Runaway Slave Advertisements from Colonial and Revolutionary New York and New Jersey. 1st ed. Fordham University Press, 2019. https://doi.org/10.2307/j.ctv7xbrzd.",
"The New-York Gazette, Revived in The Weekly Post-Boy",307,12/5/1748,"Run away on the first of November last from John Tuthill of the Oyster Ponds at the East End of Long Island, a Mollatto man slave named Toney, 19, had on when he went away a Felt Hat, a brown Camblet coat, a red Jacket and speckled Trowsers. Also seen in company with him, an Indian man named Jack, belonging to John Petty of the same place, aged 18, had his hair cut off. Had on when he went away an old Beaver hat, a lightish colour’d close-bodied Coat, a red jacket, leather breeches and speckled trowsers. Whoever takes up the said Toney, and sends him to his said Master, or to Obadiah Wells in New-York, shall have Forty Shillings as a Reward, and Twenty Shillings for doing the same with the said Jack, and all reasonable Charges paid by John Tuthill, John Petty, or Obadiah Wells.","Hodges, Graham Russell Gao, and Alan Edward Brown, eds. “Pretends to Be Free”: Runaway Slave Advertisements from Colonial and Revolutionary New York and New Jersey. 1st ed. Fordham University Press, 2019. https://doi.org/10.2307/j.ctv7xbrzd.",
"The New-York Gazette, Revived in The Weekly Post-Boy",328,5/1/1749,"Run away from Samuel Moore and Francis Bloodgood of Woodbridge, in New-Jersey, two Negro Men; one of which is a lusty young black fellow named Mando, aged about 20 Years; the other a yellow Madagascar Fellow named Tom, about 40 Years, of a Middle size, well set, and can read: We hear he has got a sort of an Indenture with him under the Pretence of being free. Whoever takes up the said Negroes, or either of them and secures them, so that his or their Masters may have him or them again, shall have Three Pounds Reward for each of them and all reasonable charges paid by us. Samuel Moore. Francis Bloodgood. N.B. ’tis thought they are gone toward Albany and that there is another Fellow in company with them belonging to Samuel Nevill, short and well-set, half Negro and Half Indian, near 30 Years old.","Hodges, Graham Russell Gao, and Alan Edward Brown, eds. “Pretends to Be Free”: Runaway Slave Advertisements from Colonial and Revolutionary New York and New Jersey. 1st ed. Fordham University Press, 2019. https://doi.org/10.2307/j.ctv7xbrzd.",
"The New-York Gazette, Revived in The Weekly Post-Boy",332,5/29/1749,"Run away on Monday the 15th instant May, from Jores Ramson, of New-York, a likely Negro Fellow named York, about 17 Years of Age, of middling Stature, speaks good English; had on when he went away, a blue and white streaked Woolen Jacket, coarse Ozenbrigs Shirt, an old Hat, and a pair of coarse Ozenbrigs Breeches. Whoever takes up the said Negro, and brings him home, or secures him so that his Master may have him again, shall have a Reward of Twenty Shillings, and all reasonable Charges paid by me Jores Ramson .","Hodges, Graham Russell Gao, and Alan Edward Brown, eds. “Pretends to Be Free”: Runaway Slave Advertisements from Colonial and Revolutionary New York and New Jersey. 1st ed. Fordham University Press, 2019. https://doi.org/10.2307/j.ctv7xbrzd.",
"The New-York Gazette, Revived in The Weekly Post-Boy",334,6/12/1749,"RUN away on Sunday the 28th of May last, from Thomas Clark, at Little Egg Harbor, a Negro Man named Titus, aged about 27 Years, near Six Foot high:— Speaks good English, and can read; Had on a check Flannel Shirt, a grey Jacket, and a large Pair of Trowsers: He was brought up in Lime, in Connecticut, and is supposed will make that Way. Whoever takes up and secures him in Goal, and gives Notice to his Master, or to the Printer hereof, shall have Twenty Shillings Reward, and all reasonable Charges.","Hodges, Graham Russell Gao, and Alan Edward Brown, eds. “Pretends to Be Free”: Runaway Slave Advertisements from Colonial and Revolutionary New York and New Jersey. 1st ed. Fordham University Press, 2019. https://doi.org/10.2307/j.ctv7xbrzd.",
"The New-York Gazette, Revived in The Weekly Post-Boy",337,7/3/1749,"Run away on the 26th of June last, from Mr. John Zabriskie at Hackinsack, a Negroe Man named Robin, about 20 Years of Age and of a yellow Complexion: had on when he went away, a Linnen Jacket, short Trousers and Leather Hat: This is therefore to forewarn all Masters of Vessels to take the said Fellow on Board. And if any Person takes said Negroe and brings him to the Work House, they shall have Twenty Shilling Reward and all reasonable charges paid by John Zabriskie.","Hodges, Graham Russell Gao, and Alan Edward Brown, eds. “Pretends to Be Free”: Runaway Slave Advertisements from Colonial and Revolutionary New York and New Jersey. 1st ed. Fordham University Press, 2019. https://doi.org/10.2307/j.ctv7xbrzd.",
"The New-York Gazette, Revived in The Weekly Post-Boy",338,7/10/1749,"Run away from Cornelius Vandervere of Middletown in New-Jersey, a Negro Fellow named Tony: Had on when he went away, a coarse Jacket and Linnen Breeches, an old Felt Hat, and old Ozenbrigs Shirt. He is a middle-sized Fellow, pretty full faced; can do all manner of Farmer’s Labour and can play pretty well on the Fiddle. Whoever takes up and secures him again, so that his Master shall have him again, shall have Forty Shillings Reward, and all reasonable charges paid by Cornelius Vandervere.","Hodges, Graham Russell Gao, and Alan Edward Brown, eds. “Pretends to Be Free”: Runaway Slave Advertisements from Colonial and Revolutionary New York and New Jersey. 1st ed. Fordham University Press, 2019. https://doi.org/10.2307/j.ctv7xbrzd.",
"The New-York Gazette, Revived in The Weekly Post-Boy",338,7/10/1749,"Run away the 21st Instant from W illiam and Benjamin Hawxhurst, of Oyster-Bay, on Long-Island, a Negro Man named Tom, a middle size yellow Fellow, and is pretty well cloath’d: Took with him a black Horse with a white Snip or Spot on his Nose. Whoever takes up and secures the said Negro and Horse, shall have a reasonable Reward paid by William and Benjam in Hawxshurst.","Hodges, Graham Russell Gao, and Alan Edward Brown, eds. “Pretends to Be Free”: Runaway Slave Advertisements from Colonial and Revolutionary New York and New Jersey. 1st ed. Fordham University Press, 2019. https://doi.org/10.2307/j.ctv7xbrzd.",
"The New-York Gazette, Revived in The Weekly Post-Boy",346,9/4/1749,"Run-away about two Months ago, from James Mills, of this City, a Negro Man named Bolton, a short ill looking Fellow, about 30 Years of Age, flat Nose, and Teeth black with Tobacco, he is a Chimney-sweeper, and had but very ordinary Cloaths on when he went away: Whoever takes up the said Negro Man, and brings him to his Master, shall have Three Pounds Reward, and all reasonable Charges paid by James Mills.","Hodges, Graham Russell Gao, and Alan Edward Brown, eds. “Pretends to Be Free”: Runaway Slave Advertisements from Colonial and Revolutionary New York and New Jersey. 1st ed. Fordham University Press, 2019. https://doi.org/10.2307/j.ctv7xbrzd.",
"The New-York Gazette, Revived in The Weekly Post-Boy",349,9/25/1749,"Run-away on the 17th inst. from John Betts, o f Jamaica, on Long-Island, a Mullatto Fellow named Isaac, aged about 24 Years, of a middle Size; Had on when he went away, a very good Head of Hair, a good Felt Hat, a brown Coat, Linnen Vest and Breeches, a Pair of blue Yam Stockings, and good Shoes. Whoever takes up the said Fellow, and brings him to the Owner, or secures him shall have Three Pounds Reward, and all reasonable Charges paid them, by JOHN BETTS.","Hodges, Graham Russell Gao, and Alan Edward Brown, eds. “Pretends to Be Free”: Runaway Slave Advertisements from Colonial and Revolutionary New York and New Jersey. 1st ed. Fordham University Press, 2019. https://doi.org/10.2307/j.ctv7xbrzd.",
"The New-York Gazette, Revived in The Weekly Post-Boy",350,10/2/1749,"RUN away on Monday the 25th of September last, from George Marple of Goshen Neck, Burlington County, in New-Jersey, a Spanish Mulatto Fellow, named George, about 26 Years of Age, middling Stature, well set, no Hair, speaks but indifferent English: Had on when he went away, a green Cloth Jacket about half worn, Beaver Hat, Check Shirt and Trowsers, light coloured Worsted Stockings, and old Shoes new soal’d, with large Brass Buckles, and is a Shoemaker by Trade: Took with him another Check Shirt, and two Silk Handerchiefs; he formerly belonged to Charles Reade, Esq; and has been a privateering; and ’tis likely may endeavor to get on board some Vessel; for which Reason all Masters are forewarned taking him on board at their Peril. W hoever takes up and secures said Fellow, so that his Master may have him again, shall have Forty Shillings Reward, and all reasonable Charges, paid by George Marple.","Hodges, Graham Russell Gao, and Alan Edward Brown, eds. “Pretends to Be Free”: Runaway Slave Advertisements from Colonial and Revolutionary New York and New Jersey. 1st ed. Fordham University Press, 2019. https://doi.org/10.2307/j.ctv7xbrzd.",
"The New-York Gazette, Revived in The Weekly Post-Boy",352,10/16/1749,"Run-away from Peter De Lancey, Saturday the 7th of October, inst. a Negro Man named Sam, of about 27 Years of Age: He is a tall Fellow, with thick Lips, has a flat Nose, is bow Legged and speaks English: Had on when he went away, a homespun Coat, and a short pair of Trowsers. Whoever takes up the said Fellow, or secures him so that his Master gets him again, shall have Thirty Shillings Reward; if taken out of the Government, Three Pounds, and all reasonable Charges, paid by Peter De Lancey","Hodges, Graham Russell Gao, and Alan Edward Brown, eds. “Pretends to Be Free”: Runaway Slave Advertisements from Colonial and Revolutionary New York and New Jersey. 1st ed. Fordham University Press, 2019. https://doi.org/10.2307/j.ctv7xbrzd.",
"The New-York Gazette, Revived in The Weekly Post-Boy",353,10/23/1749,"Run-away from Adrian Ryersz, on Staten-Island, the 12th of October Inst, a Negro Man named Hector, speaks good English, is about five Foot six Inches high, well set, with a Scar on his left Hand, and has a down Look: Had on when he went away a good Beaver Hat, a blue Coat lin’d with light colour’d Shalloon, a white Jacket and Shirt, a good Pair of C alf Skin Shoes, and a blue Pair of Stockings.Whoever takes up and secures the said Negro, so that his Master may have him again, shall have Forty Shillings Reward, and all reasonable Charges paid by Adrian Ryersz.","Hodges, Graham Russell Gao, and Alan Edward Brown, eds. “Pretends to Be Free”: Runaway Slave Advertisements from Colonial and Revolutionary New York and New Jersey. 1st ed. Fordham University Press, 2019. https://doi.org/10.2307/j.ctv7xbrzd.",
"The New-York Gazette, Revived in The Weekly Post-Boy",378,4/16/1750,"Run-away on the 25th of March last, from James Banks, of Newark, in the County of Essex, an Irish Servant Man named Arthur Harvey, (formerly Servant to Solomon Comes of Staten-Island) is about 20 Years of Age, of short Stature, has a down Look, with short dark Hair: Had on a brown great Coat, and a Snuff coloured Pea Jacket. Also run away with him, a Negro Man about the same Age, has a long Face, strait Nose, of a middle Stature, and had on a good red great Coat, a Butter-nut coloured Coat and Jacket, with some other Cloaths besides and has taken with him a Gun. Likewise run off, a Lad named Nathaniel Ward, Son to Nathaniel Ward of Newark, is of tall Stature, aged about 16 Years, and has white Hair; Had on a light blue Camblet Coat, and a deep blue Frize Jacket. Whoever takes up and secures all or either of the said Persons, so that their respective Owners may have them again, shall have for each THREE POUNDS, and all reasonable Charges paid by James Banks, Jonathan Sergeant, and Nathaniel Ward.","Hodges, Graham Russell Gao, and Alan Edward Brown, eds. “Pretends to Be Free”: Runaway Slave Advertisements from Colonial and Revolutionary New York and New Jersey. 1st ed. Fordham University Press, 2019. https://doi.org/10.2307/j.ctv7xbrzd.",
"The New-York Gazette: or, The Weekly Post-Boy",380,4/30/1750,"RUN away from Thomas Day, of Hanover, a Negro Fellow, named Esop, who lately belonged to Jonathan Sergeant of Newark; he is of a middling Size, aged about 20 Years, long visag’d and a straight Nose: It is likely he had on a light blue Jacket and Leather Breeches. Whoever takes up and secures said Negro, so that his Master may have him again, shall have Three Pounds Reward, and all reasonable Charges, paid by THOMAS DAY","Hodges, Graham Russell Gao, and Alan Edward Brown, eds. “Pretends to Be Free”: Runaway Slave Advertisements from Colonial and Revolutionary New York and New Jersey. 1st ed. Fordham University Press, 2019. https://doi.org/10.2307/j.ctv7xbrzd.",
The New-York Weekly Journal,867,8/6/1750,"Run away the 26th of this Instant from Mr. Joseph Shippen Iron Works formerly called Canby’s Iron works, two servant men and a Negroe man, the one of the white servants is named Philip Mugguire, a carpenter by trade, 4 feet 9 inches high, a likely fellow and a black beard. Had on when he went away an old bengall jacket without sleeves, a felt hatt, tow breeches, a check’d shirt, white stockings, new pumps with brass buckles. The said servant is supposed to have a quantity of Money with him. The other’s name is John Coffey of middle stature, had on when he went away an ozenbrigs shirt and trowsers, with a new linsey woolsey blue jacket, a felt hatt, good shoes with brass buckles. The above said Negroe had on a ozenbrig shirt and trowsers, a new linsey-woolsey jacket, a felt hat, good shoes with brass buckles, and handerchief; likewise the Negroe has stolen from his master a new broadcloth jacket of a lightish colour and a fine holland check’d shirt and trowsers, and a fine white shirt and two cambrick cravats and a pair of blewish white stockings. Whoever takes up the said servants and negroe man and secures them in any gaol, or brings them to the place aforesaid, shall have six pounds reward, and all reasonable charges, paid by us John Mills Alex Murray Richard Harris","Hodges, Graham Russell Gao, and Alan Edward Brown, eds. “Pretends to Be Free”: Runaway Slave Advertisements from Colonial and Revolutionary New York and New Jersey. 1st ed. Fordham University Press, 2019. https://doi.org/10.2307/j.ctv7xbrzd.",
"The New-York Gazette, Revived in The Weekly Post-Boy",395,8/13/1750,"Run away on the 5th Day of August Inst, from Jacob Ford, of Morris-town and County, East-New-Jersey, a Negroe boy named Ishmael, aged about 16 Years, short and thick, full Fac’d, has a very large foot, bom in the Country, and has a sly Look: Had on when he went away a Flannel Jacket, dyed with Logwood of a purple colour, two woolen Shirts, one Tow shirt, and a Dowles Shirt, a new Felt Hat, Leather Breeches and Oznabrigs Trowsers. Whoever takes up and secures said Boy so that his Master may have him again, shall have Three Pounds Reward and all reasonable charges, paid by Jacob Ford. N.B. He went away with a Negro fellow already advertised by Shadreck Hatheway.","Hodges, Graham Russell Gao, and Alan Edward Brown, eds. “Pretends to Be Free”: Runaway Slave Advertisements from Colonial and Revolutionary New York and New Jersey. 1st ed. Fordham University Press, 2019. https://doi.org/10.2307/j.ctv7xbrzd.",
"The New-York Gazette, Revived in The Weekly Post-Boy",395,8/13/1750,"Run away about four weeks ago, from Simon Cregier of the City of New York, a Negro wench named Phoebe aged about 45 years, middle sized, and formerly belonged to Dr. Cornelius Van Wyck at Great Neck; she is well known at that part of Long Island, and about Flushing; she had a note with her to look for a master, but has not returned again; her cloaths uncertain. Whoever takes up and secures said Negro wench, so that her Master may have her again, shall have forty shillings reward and all reasonable charges paid by Simon Cregier.","Hodges, Graham Russell Gao, and Alan Edward Brown, eds. “Pretends to Be Free”: Runaway Slave Advertisements from Colonial and Revolutionary New York and New Jersey. 1st ed. Fordham University Press, 2019. https://doi.org/10.2307/j.ctv7xbrzd.",
"The New-York Gazette, Revived in The Weekly Post-Boy",401,9/24/1750,"Run away the 10th of September Inst, from John Cooper, of Elizabeth-Town in East-New-Jersey, a young Negroe Man, named Caesar, between twenty and twenty-five Years of Age, is small of stature, and speaks good English; he is almost as black as any in the land. Had on when he went away a grey Linsey Woolsey Waist-Coat, with one or two buttons on the Sleeve; a pair of Tow Trowsers and a Leather Jockey Cap instead of a Hat. Whoever takes up said Negro and delivers him to his said Master or to Obadiah Wells, Shop-Keeper in the Fly-M arket in New-York shall have Forty Shillings Reward and all reasonable charges paid by John Cooper.","Hodges, Graham Russell Gao, and Alan Edward Brown, eds. “Pretends to Be Free”: Runaway Slave Advertisements from Colonial and Revolutionary New York and New Jersey. 1st ed. Fordham University Press, 2019. https://doi.org/10.2307/j.ctv7xbrzd.",
"The New-York Gazette, Revived in The Weekly Post-Boy",403,10/8/1750,"Run away from Cornelia Rutgers of the City of New York, a Negro Man, called Hector, well-set, thick and of middle stature, thick lips and fatt; he formerly belonged to Mr. Newcome at Poughkeepsie in Dutchess County: it is supposed he had on when he went away, a light colour’d Kersey Pea Jacket, lined with red, an ozenbrig shirt and trowsers and shoes and stockings. Whoever takes up and secures the said Negro to his said Mistress, shall have thirty shillings reward, if taken with in the City and County of New York and if without the said County, three pounds reward and all reasonable charges paid by the said Cornelia Rutgers.","Hodges, Graham Russell Gao, and Alan Edward Brown, eds. “Pretends to Be Free”: Runaway Slave Advertisements from Colonial and Revolutionary New York and New Jersey. 1st ed. Fordham University Press, 2019. https://doi.org/10.2307/j.ctv7xbrzd.",
"The New-York Gazette, Revived in The Weekly Post-Boy",421,2/11/1751,"Run away on Sunday night, the 3rd Instant, from Judah Hays, a Negro Wench, named Sarah, aged about 30 Years; she is a likely Wench of a Mulatto complexion, was brought up at Amboy in Colonel Hamilton’s family, and has had several Masters in the Jerseys: She dresses very well, has a good Parcel of Cloathes and speaks good English. Whoever takes up said Wench, and brings her to her masters or secures her in any Country Gaol, so that he may have her again, shall receive Forty Shillings Reward and all reasonable charges. Whoever entertains said Wench shall be prosecuted to the utmost Rigour of the Law. All Masters of Vessels, Boat Men &ct, are forewarned of conveying said Wench away as they shall answer the same. Judah Hays. N.B. Said Wench has robb’d her said Master in apparel &ct upwards of fifty Pounds.","Hodges, Graham Russell Gao, and Alan Edward Brown, eds. “Pretends to Be Free”: Runaway Slave Advertisements from Colonial and Revolutionary New York and New Jersey. 1st ed. Fordham University Press, 2019. https://doi.org/10.2307/j.ctv7xbrzd.",
The Pennsylvania Gazette (Philadelphia),1169,5/9/1751,"Run-away in July last, from Nicolas Everson, living in EastNew-Jersey, two miles from Perth Amboy ferry, A Mullatto Negroe named Tom, about 37 Years of age, short, well-set, thick lips, flat-nose, black curled hair and can play well on the fiddle; Had on when he went away, a red-coloured watch-coat, without a cape, a brown coloured leather Jacket, a hat, blue and white twisted yarn leggings; speaks good English and Dutch, and is a good Shoemaker; his said master has been informed that he intends to cut off his watch-coat, to make him Indian stockings, and to cut off his hair, and get a blanket, to pass for an Indian; that he enquired for one John and Thomas Nutus, Indians at Susquehanna, and about the Moravians, and the way there.Whoever secures him in the nearest goal or otherwise, so that his Master may have him again, shall have Forty Shillings reward and reasonable charges paid by Nicolas Everson.","Hodges, Graham Russell Gao, and Alan Edward Brown, eds. “Pretends to Be Free”: Runaway Slave Advertisements from Colonial and Revolutionary New York and New Jersey. 1st ed. Fordham University Press, 2019. https://doi.org/10.2307/j.ctv7xbrzd.",
"The New-York Gazette, Revived in The Weekly Post-Boy",446,8/5/1751,"Run away the 30th Day of June last, from Philip Smith of the Fish Kills in Dutchess County, in the Province of NewYork, a Negro Fellow named Harry, aged about 20 years, of a short stature, well-set and very black: He had with him when he went away, one linnen shirt, two tow shirts, and a wollen shirt, a pair of Tow breeches and three pair of wollen stockings:—Whoever takes up and secures the said Negro so that his Master may have him again, shall have Thirty Shillings Reward, and all reasonable charges: And ’tis at their Peril who entertains him. Philip Smith.","Hodges, Graham Russell Gao, and Alan Edward Brown, eds. “Pretends to Be Free”: Runaway Slave Advertisements from Colonial and Revolutionary New York and New Jersey. 1st ed. Fordham University Press, 2019. https://doi.org/10.2307/j.ctv7xbrzd.",
"The New-York Gazette, Revived in The Weekly Post-Boy",451,9/9/1751,"Run away on the 3rd Instant, from John Willet of Hamstead Plains, a Negro Man named Holiday, a likely fellow, about 23 years of age, speaks good English: Had on when he went away, a whitish linnen coat with green cuffs, and a small cape to it; he is about 5 feet high and thin made. W hoever takes up said Fellow and secures him in the gaol at Jamaica, or the Work-house at New-York, or delivers him to said Willet, shall receive Twenty Shillings reward from John Willet.","Hodges, Graham Russell Gao, and Alan Edward Brown, eds. “Pretends to Be Free”: Runaway Slave Advertisements from Colonial and Revolutionary New York and New Jersey. 1st ed. Fordham University Press, 2019. https://doi.org/10.2307/j.ctv7xbrzd.",
"The New-York Gazette, Revived in The Weekly Post-Boy",461,11/18/1751,"RUN away from Thomas Van Wyck, of Oysterbay on Long-Island, the 8th of this Instant, a Negroe Man named Caesar, aged about 23 Years, a pretty black bold Face, with large whites in his Eyes, and may pretend to be free; his right Hand has been bruised, by which Means ’tis not so big as the other: Had on when he went away, a Felt Hat, white Wollen Cap, a grey Kersey Coat, a homespun Check Shirt, a pair of wide Trousers, [ ] Leather Breeches under them, bluish Stockings, and new shoes. Whoever takes up and secures said Negroe, so that his Master may have him again, shall have Forty Shillings Reward, and reasonable.Charges paid by THOMAS VAN WYCK.","Hodges, Graham Russell Gao, and Alan Edward Brown, eds. “Pretends to Be Free”: Runaway Slave Advertisements from Colonial and Revolutionary New York and New Jersey. 1st ed. Fordham University Press, 2019. https://doi.org/10.2307/j.ctv7xbrzd.",
"The New-York Gazette, Revived in The Weekly Post-Boy",461,11/18/1751,"RUN away from Elijah Bond, at Trentown, in West NewJersey, a Negro Man named Lott, about five Feet nine Inches high, a down Look, a well-set Lusty Fellow, about 24 Years of Age: Had on when he went away a red great Coat; his other cloaths are suppos’d to be chang’d, or wore out. He is supposed to be in Stamford, in New England. He went from Egg-Harbour in a Shingle-Shallop, or some other Vessel.—Whoever takes up the said Negro, and secures him so tha his Master may have him again, shall have THREE POUNDS Reward, by me, ELIJAH BOND.","Hodges, Graham Russell Gao, and Alan Edward Brown, eds. “Pretends to Be Free”: Runaway Slave Advertisements from Colonial and Revolutionary New York and New Jersey. 1st ed. Fordham University Press, 2019. https://doi.org/10.2307/j.ctv7xbrzd.",
"The New-York Gazette, Revived in The Weekly Post-Boy",467,12/30/1751,"New-York, 16th December, 1751. RUN away, from John Willet, of Flushing, a lusty yellow Wench, aged about 26 Years; She has lost the two first joints of one of her little Fingers, and has been gone about 18 months. If any Person will inform her Master where she is, so that he may have her again, they shall be well rewarded.","Hodges, Graham Russell Gao, and Alan Edward Brown, eds. “Pretends to Be Free”: Runaway Slave Advertisements from Colonial and Revolutionary New York and New Jersey. 1st ed. Fordham University Press, 2019. https://doi.org/10.2307/j.ctv7xbrzd.",
"Pennsylvania Journal, and the Weekly Advertiser (Philadelphia)",480,1/28/1752,"Run away from John Phillips of this City, 4th of May last, a Negroe man named Sampson, about 40 Years of age, a short well set Fellow, much pitted with the small pox. has a very old look, had one when he went away a blue fearnothing jacket, Ozenbrig shirt and Trowsers and an old Felt hat. He has made a practice of running away and sculking in the woods near plantations, he was taken up last Year and put in Amboy gaol. Whoever takes up and secures said Negroe so that his master may have him again shall have Five Pounds and reasonable charges paid by John Philips.","Hodges, Graham Russell Gao, and Alan Edward Brown, eds. “Pretends to Be Free”: Runaway Slave Advertisements from Colonial and Revolutionary New York and New Jersey. 1st ed. Fordham University Press, 2019. https://doi.org/10.2307/j.ctv7xbrzd.",
"The New-York Gazette, Revived in The Weekly Post-Boy",478,5/18/1752,"Run away, a Spanish Negro Man, named Tone, who lately belonged to William Lanen, of this city, Butcher, of a small stature, between 20 and 30 years of age, by Trade a butcher, but understands something of the Tayloring Business. W hoever takes up said Negro, and brings him to John Marston at Flushing, in Queen’s County, or to Whitehead Hicks at New York, (or secures him so that either of them do get him) shall be well rewarded and all reasonable charges paid. N.B. All Masters of Vessels are forewarned carrying him off, and whoever conceals him, may expect to be prosecuted with the utmost Rigour of the Law.","Hodges, Graham Russell Gao, and Alan Edward Brown, eds. “Pretends to Be Free”: Runaway Slave Advertisements from Colonial and Revolutionary New York and New Jersey. 1st ed. Fordham University Press, 2019. https://doi.org/10.2307/j.ctv7xbrzd.",
"The New-York Gazette, Revived in The Weekly Post-Boy",490,6/8/1752,"Run away last Saturday, a likely Mulatto fellow, named Crook, aged about 22, speaks French and English, pretends to be free; had on a brown home spun jacket, Homespun Shirt, a blue flowered Handerchief on his head, no Hat, and is barefoot. THIRTY SHILLINGS reward will be given for taking him up, or securing him in jail, paid by WILLIAM BAYARD.","Hodges, Graham Russell Gao, and Alan Edward Brown, eds. “Pretends to Be Free”: Runaway Slave Advertisements from Colonial and Revolutionary New York and New Jersey. 1st ed. Fordham University Press, 2019. https://doi.org/10.2307/j.ctv7xbrzd.",
"The New-York Gazette, Revived in The Weekly Post-Boy",492,6/12/1752,"Run away, on the 2nd of this Instant June from DANIEL LAWRENCE, of Flushing, on Long Island, a short thick Negro Fellow, named Anthony, with thick lips, is of a yellow Complexion, and plays on the Violin: Whoever takes up the said Negro, and secures him, so that his Master may have him again, and gives notice thereof to Ralph Hylton, of New York, shall be very handsomely rewarded for their trouble.","Hodges, Graham Russell Gao, and Alan Edward Brown, eds. “Pretends to Be Free”: Runaway Slave Advertisements from Colonial and Revolutionary New York and New Jersey. 1st ed. Fordham University Press, 2019. https://doi.org/10.2307/j.ctv7xbrzd.",
"The New-York Gazette, Revived in The Weekly Post-Boy",495,7/13/1752,"Run away, from Adrian Ryersz, of Staten Island, on the seventh of this Inst. July; a Negro man named Hector, about 5 feet 6 inches high, speaks good English, and has a scar on his left Hand near his little Finger; has taken with him, two Pair of Trowsers and one shirt: Whoever takes up said Negro, and secures him, so that his Master may have him again, shall have Forty Shillings reward, and all reasonable charges paid by ADRIAN RYERSZ.","Hodges, Graham Russell Gao, and Alan Edward Brown, eds. “Pretends to Be Free”: Runaway Slave Advertisements from Colonial and Revolutionary New York and New Jersey. 1st ed. Fordham University Press, 2019. https://doi.org/10.2307/j.ctv7xbrzd.",
"The New-York Gazette, Revived in The Weekly Post-Boy",509,10/30/1752,"Run away some time in August last, from ABRAHAM VAN BUSKIRK, of Bergen County in New Jersey, a Negro Man, named Jack, aged about 25 years, middle siz’d, and not very black, pretty thick Lips, speaks very slow, and talks both English and Dutch, and ’tis suppos’d he has a false Pass: Had on a grey homespun Linsey Wolsey Coat, red Linsey Wolsey jacket, a Tan shirt, and Linnen shirt; and has three Pairs of Breeche with him; white W oolen Stockings, and a Leather Hat. Whoever takes up said Negro, and secures him, so that his Master may have him again, shall have THREE POUNDS reward, and all reasonable charges paid by ABRAHAM VAN BUSKIRK.","Hodges, Graham Russell Gao, and Alan Edward Brown, eds. “Pretends to Be Free”: Runaway Slave Advertisements from Colonial and Revolutionary New York and New Jersey. 1st ed. Fordham University Press, 2019. https://doi.org/10.2307/j.ctv7xbrzd.",
"The New-York Gazette, Revived in The Weekly Post-Boy",509,10/30/1752,"Run away on the 15th of October, from David Kent, of W oodbridge in East-New-Jersey, A Negro Man named Caesar, a middling thick short Fellow, his right Foot twisting and the Toe of the same inclining to turn outward as he walks, and his right Knee bending inward towards the Left; He talks but poor English, and is about 22 years of age: Had on when he went away an old blue coat, a Felt Hat, a Homespun Linnen Shirt, a Pair of Tow-Cloth Trowsers, a Pair of old Stockings, and a pair of Shoes something too large for his feet. Whoever takes up said Negroe and brings him to his Master shall have Thirty Shillings reward and all reasonable Charges paid by David Kent.","Hodges, Graham Russell Gao, and Alan Edward Brown, eds. “Pretends to Be Free”: Runaway Slave Advertisements from Colonial and Revolutionary New York and New Jersey. 1st ed. Fordham University Press, 2019. https://doi.org/10.2307/j.ctv7xbrzd.",
"The New-York Gazette, Revived in The Weekly Post-Boy",510,11/6/1752,"Run away from Philip Livings[t]on, of New York, on the 28th of October last; a Negro Man, lately imported from Africa, his Hair or wool is curled in locks, in a very remarkable manner; he is a very likely lusty fellow, and cannot speak a word of English, or Dutch, or any other language but that of his own country. He was seen last Monday on New York Island, and is supposed now to be in the Woods near Harlem, whoever takes up said Fellow, and delivers him to his said master shall receive THREE POUNDS as a reward, from PHILIP LIVINGSTON.","Hodges, Graham Russell Gao, and Alan Edward Brown, eds. “Pretends to Be Free”: Runaway Slave Advertisements from Colonial and Revolutionary New York and New Jersey. 1st ed. Fordham University Press, 2019. https://doi.org/10.2307/j.ctv7xbrzd.",
"The New-York Gazette: or, The Weekly Post-Boy",519,1/8/1753,"Run away on the 26th of December last, from the Subscriber, living in Freehold, E. New Jersey, a Mulatto Servant Fellow, named Lawrence Smith, a short, thick, well-set Person, round shoulder’d, and a down look: Had on when he went away, a brown Coat and Jacket, the coat lin ’d with red Shalloon, and the Jacket with old grey Broadcloth, with flat white buttons to both, a pair of old Leather Breeches, grey Yam Stockings, old Ozenbrigs Shirt, and a check-linnen Shirt, a good pair of shoes, and a pair of Calf-skin pumps, and has taken away a good Beaver hat, wide brim ’d, a new brown Wigg, a Pair of Blue Sale Worsted stockings; he has also with him, an old Indenture, with his M other’s name to it, and his own, Mary Smith and Lawrence Smith, or their marks. Whoever takes up the said Servant and secures him, so that his master may have him again, shall have forty shillings reward, and all reasonable charges paid by me, JOHN THROCKMORTON.","Hodges, Graham Russell Gao, and Alan Edward Brown, eds. “Pretends to Be Free”: Runaway Slave Advertisements from Colonial and Revolutionary New York and New Jersey. 1st ed. Fordham University Press, 2019. https://doi.org/10.2307/j.ctv7xbrzd.",
"The New-York Gazette: or, The Weekly Post-Boy",534,4/23/1753,"Run away the 12th Instant A pril, from ISAAC KINGSLAND of Saddle River, in Bergen County, East New Jersey, a Negro Wench named Nell, who formerly belonged to Robert J. Livingston, Merchant in New York: she is a tall slim Wench, has three Diamonds in her face, one on each side and the other on her Forehead: had on and taken with her when she went away, three Petticoats, one is an old quilted one, and the other two homespun, one striped and the other mixed, a blue and white striped short gown, a bluish homespun Waistcoat, and an Ozenbrigs shirt, with Homespun sleeves, a short blue cloke, a new pair of Blue Stockings, a pair of old crooked shoes, and several other Things too tedious to mention. These are therefore to Forewarn all Masters of Vessels and others, of carrying off, concealing or harbouring said Wench, as they will answer it at their peril with the utmost Rigour of the Law. Whoever takes up the foremention’d Negroe, and secures her in any Goal, so that her master may have her again, shall have Forty Shillings reward, and all reasonable charges paid by ISAAC KINGSLAND.","Hodges, Graham Russell Gao, and Alan Edward Brown, eds. “Pretends to Be Free”: Runaway Slave Advertisements from Colonial and Revolutionary New York and New Jersey. 1st ed. Fordham University Press, 2019. https://doi.org/10.2307/j.ctv7xbrzd.",
The Pennsylvania Gazette (Philadelphia),1271,5/3/1753,"Run away on the 28th ult. from the subscriber, living Amwell, A Molatto man, named Boot, about 25 years of age, about 5 feet ten inches high, and has had the small pox: Had on when he went away, a light colour’d jacket, pretty ragged, and a mouse colour’d jacket under it, the skirts has been cut short, good buckskin breeches, with brass buttons, some of the tops of them are off, blue grey yam stockings, good shoes, and felt hat, tom in the brim. Whoever takes up said slave, and secures him, so that his master may have him again, shall have Forty Shillings reward, and if above 20 miles from home, Three Pounds, and all reasonable charges, paid by Thomas Hunt.","Hodges, Graham Russell Gao, and Alan Edward Brown, eds. “Pretends to Be Free”: Runaway Slave Advertisements from Colonial and Revolutionary New York and New Jersey. 1st ed. Fordham University Press, 2019. https://doi.org/10.2307/j.ctv7xbrzd.",
"The New-York Gazette: or, The Weekly Post-Boy",542,6/18/1753,"Run away on Sunday the 3rd day of May last, from Jacobus Bruyne, of Bruynswick, in the county of Ulster and province of New York, a Negroe Man Slave, named Andrew, aged near 40 years, he is of middle Stature, black skin’d, speaks good English and Dutch: had on when he went away, a coarse Linnen jacket and Trowsers, old shoes and stockings, he has been formerly out a Privateering with Capt. Tingley, and it is supposed he may attempt to get on board some Vessel to go out; these are to forewarn all Masters of Vessels carrying him off at their peril. Whoever takes up and secures Said Negroe, so that his master may have him again, shall have Forty Shillings reward, and all reasonable Charges paid by JACOBUS BRUYNE.","Hodges, Graham Russell Gao, and Alan Edward Brown, eds. “Pretends to Be Free”: Runaway Slave Advertisements from Colonial and Revolutionary New York and New Jersey. 1st ed. Fordham University Press, 2019. https://doi.org/10.2307/j.ctv7xbrzd.",
"The New-York Gazette: or, The Weekly Post-Boy",558,10/15/1753,"Run away on Sabbath Day evening, Sept. 2, 1753, from his Master Chauncy Graham, of Rumbout, in Dutchess County, a likely Negroe Man named Cuff, about 30 years old, well set, has had the Small Pox, is very black, speaks English pretty well for a Guinea Negroe, and very flippant; he is a plausible smooth Tongue Fellow. Had with him a pair of greenish plush breeches about two-thirds worn, and a Pair of russel ditto flowered green and yellow, two white shirts, two Pair of middling short Tow Trowsers, one pair of Thread Stockings knit in Squares, one Pair of blue fine wool ditto flowered, one Diaper Cap, one white Cotton ditto, one blue Broad Cloth Jacket with red lining, one blue homespun coat lined with streak’d Lindsey Woolsey, or woolen, &c. &c. &c. He is a strong Smoaker. ’Tis supposed he was seduced away by one Samuel Stanberry, alias Joseph Linley, a white fellow that run away with him, and ’tis very likely this white man has wrote the Negro a pass; for ’tis said he has been in Norwalk in Conecticut, and passed there for a free Negro, by the name of Joseph Jennings, and that he was making toward the Eastward. Whoever shall take up and secure said Servant, so that his Master may have him again, shall have FORTY SHILLINGS New-York Money Reward, and all reasonable charges paid by CHAUNCY GRAHAM. N.B. All Masters of Vessels are forbid to carry off said Servant, as they would not escape the utmost Rigour of the Law in that case made and provided.","Hodges, Graham Russell Gao, and Alan Edward Brown, eds. “Pretends to Be Free”: Runaway Slave Advertisements from Colonial and Revolutionary New York and New Jersey. 1st ed. Fordham University Press, 2019. https://doi.org/10.2307/j.ctv7xbrzd.",
"The New-York Gazette: or, The Weekly Post-Boy",562,11/5/1753,"FORTY SHILLINGS Reward To be paid to any person who shall take up and return to the Subscriber, a Negro Slave, called Lewis, sometimes Lewis Francois. He lately belonged to Mr. Francis Philips, after that to Mr. Henry Cuyler, to whom he came not long since from Jamaica. He is about 5 feet 6 inches tall, very thin, talks English and French, walks very nimbly, and is quite black. Had on a white Linen shirt, brown Yarn Stockings, large square Brass Buckles on his shoes, a light brown cloth breeches, with Silk Knee Bands, a yellow Cloth Jacket, with double gilt buttons. He has been seen lurking about the Town, and is supposed to be harboured by W est-India Negroes of his Acquaintance. WILLIAM SMITH, jun.","Hodges, Graham Russell Gao, and Alan Edward Brown, eds. “Pretends to Be Free”: Runaway Slave Advertisements from Colonial and Revolutionary New York and New Jersey. 1st ed. Fordham University Press, 2019. https://doi.org/10.2307/j.ctv7xbrzd.",
"The New-York Gazette: or, The Weekly Post-Boy",566,12/3/1753,"Run away the 12th Instant November, at night, from PATRICK MOTT, of Hempstead, on Long Island; a Mullato Fellow Named Tom, is about 30 years of age, and is a short well-set Fellow, about 5 feet and a H alf high, full fac’d, with black curl’d hair: Had on when he went away, a brown homespun Coat and jacket, a Pair of Leather Breeches, a Pair of Linnen Breeches, two shirts, one of white Linnen, and the other a check’d Woollen, an old Beaver or Castor Hat, speaks good English, and plays well on the violin. W hoever takes up said Mullato, and brings him to his Master, or secures him, so that he may have him again, shall have Three Pounds reward, and all reasonable Charges, paid by me PATRICK MOTT.","Hodges, Graham Russell Gao, and Alan Edward Brown, eds. “Pretends to Be Free”: Runaway Slave Advertisements from Colonial and Revolutionary New York and New Jersey. 1st ed. Fordham University Press, 2019. https://doi.org/10.2307/j.ctv7xbrzd.",
"The New-York Gazette: or, The Weekly Post-Boy",567,12/10/1753,"Run away on the 28th Instant from the subscriber living at Newark Mountains, a Negroe Man named Bristol, about 5 feet 6 inches high, not very Black, was bred at the East End of Long-Islands, and lately belonged to David Ogden, Esq. at Newark: Had on when he went away, a grey Bearskin Watch-coat, a yellow Duroy tight bodies Coat, Leather Breeches, black and white speckled Yarn Stockings and a Hat about half-worn. Whoever takes up said Negroe of that his Master may have him again, shall have Forty Shillings Jersey Money and all reasonable charges. Joseph Heddin.","Hodges, Graham Russell Gao, and Alan Edward Brown, eds. “Pretends to Be Free”: Runaway Slave Advertisements from Colonial and Revolutionary New York and New Jersey. 1st ed. Fordham University Press, 2019. https://doi.org/10.2307/j.ctv7xbrzd.",
"The New-York Gazette; or, The Weekly Post-Boy",580,3/11/1754,"Run away the 10th of January last, from John Wardell of Shrewsbury, a small Negro Fellow named Ash; he took with him a red Duffil Watch-coat, good bearskin Under-Coat, Camblet Jacket and Kersey Breeches with Brass Buckles on them. Whoever takes up and secures said Man, so that his Master may have him again, shall have Forty Shillings Reward and all reasonable charges paid, by John Wardell.","Hodges, Graham Russell Gao, and Alan Edward Brown, eds. “Pretends to Be Free”: Runaway Slave Advertisements from Colonial and Revolutionary New York and New Jersey. 1st ed. Fordham University Press, 2019. https://doi.org/10.2307/j.ctv7xbrzd.",
"The New-York Gazette: or, The Weekly Post-Boy",583,4/1/1754,"Run away from George Mumford of Fisher’s-Island, the 27th Instant, four Men Servants, a white Man and Three Negroes, who hath taken a large two-mast Boat, with a square Stern, and a large white Pine Canoe; the Boat’s Timbers are chiefly red Cedar. The White Man named Joseph Heday, says he is a Native of Newark, in the Jerseys, a short well set fellow of a rudy complection; his cloathing when he went away was a red Whitney Great Coat, red and white flower’d Serge Jacket, a Swan-Skin strip’d ditto, lapell’d, a Pair of Leather Breeches, a Pair of Trowsers, old Shoes & ct. The Negroes are named Fortune, Venture and Isaac; Fortune is a tall, slim comely well spoken fellow, had on a Kersey Great Coat, three Kersey Jackets, and breeches of a dark colour, a new cloth coloured FlyCoat, with a red lining, a blue serge jacket, with red lining, a new Pair of Chocolate colour’d corded Drugges Breeches, a Pair of blue and white check’d trowsers, two pairs of shoes, one of them new, several Pair of Stockings, a Castor and a new felt hat. Venture had a Kersey dark colour’d Great Coat, three Kersey jackets, two pair of Breeches of the same, a new cloth coloured Fly-Coat, with red shaloon lining, a green ratteen Jacket almost new, a crimson birded stuff ditto, a pair of large Ozenbrigs Trowsers, a new felt hat, two pairs of shoes, one pair new, several pair of Stockings; he is a very tall fellow, 6 feet 2 inches high, thick square shoulders, large bon’d, mark’d in the face, or scar’d with a knife in his own country. Isaac is a Mustee, a short Fellow, seemingly clumsy and stiff in his Gate, bushy Head of Hair, sower Countenance, had on a Kersey Great Coat, Jacket and Breeches as aforesaid, a new cloth colour’d FlyCoat, with Lining, a Pair of Trowsers, of Guinea Cloth, a new Felt Hat, shoes and stockings as above. Stole and carried away with them, a Firkin of Butter, weighs about 60 pound, two Cheeses weighs 64 pounds, and Bread for the same. Whoever takes up and secures said Run-aways, so that their Master may have them again, shall have TWENTY POUNDS, New-York Currency, Reward and all reasonable charges paid, or equivalent for either of them; or secure the Boat, that the Owner may have her again, shall be well rewarded by GEORGE MUMFORD.","Hodges, Graham Russell Gao, and Alan Edward Brown, eds. “Pretends to Be Free”: Runaway Slave Advertisements from Colonial and Revolutionary New York and New Jersey. 1st ed. Fordham University Press, 2019. https://doi.org/10.2307/j.ctv7xbrzd.",
"The New-York Gazette: or, The Weekly Post-Boy",585,4/15/1754,"Run away from the Subscriber, living at Piscataway 19th Day of February Last, a Negro fellow named Primus, of a yellow complexion, near six foot high, speaks good English: had on when he went away, a grey Jacket and Breeches, white stockings and good shoes. Whoever takes up and secures said Negro, so that his Master may have him again, shall receive three pounds reward, and all reasonable Charges, paid by John Martin.","Hodges, Graham Russell Gao, and Alan Edward Brown, eds. “Pretends to Be Free”: Runaway Slave Advertisements from Colonial and Revolutionary New York and New Jersey. 1st ed. Fordham University Press, 2019. https://doi.org/10.2307/j.ctv7xbrzd.",
The Pennsylvania Gazette (Philadelphia),1337,8/8/1754,"Runaway on the 28th of July last, from Derrick Aten of Readens Town, Hunterdon County, in New Jersey, a Negroe Man, named Jack, about 30 years of age, near five feet high, has a flat nose, much pock-marked, a lover of white women, and a great smoker: Had on when he went away, a red strait bodied coat, striped homespun jacket, and another whitish ditto. Whoever takes up and secures said Negroe so that his master may have him again, shall have Three Pounds Reward and reasonable charges paid by Derrick Aten.","Hodges, Graham Russell Gao, and Alan Edward Brown, eds. “Pretends to Be Free”: Runaway Slave Advertisements from Colonial and Revolutionary New York and New Jersey. 1st ed. Fordham University Press, 2019. https://doi.org/10.2307/j.ctv7xbrzd.",
"The New-York Gazette: or, The Weekly Post-Boy",613,10/28/1754,"Runaway the 27th of September past from George Reyerse, of Pequanek, in the County of Bergen, a Negro man called Robin, of middle Stature, and about 40 years of age, not very Black, had on when he went away a white Homespun woolen Jacket, a pare of Leather Britches, no Shoes, an old Beaver Hatt, and had about Forty Shillings in money with him, as it is thought. W hoever takes up said Negro and secures him so that his Master may have him again, shall have Forty Shillings Reward, besides all reasonable costs and Charges paid by me George Reyerse.","Hodges, Graham Russell Gao, and Alan Edward Brown, eds. “Pretends to Be Free”: Runaway Slave Advertisements from Colonial and Revolutionary New York and New Jersey. 1st ed. Fordham University Press, 2019. https://doi.org/10.2307/j.ctv7xbrzd.",
"The New-York Gazette: or, The Weekly Post-Boy",635,3/3/1755,"Run away from the Heirs of Barent Van Cleek, of Poughkeepsie, deceased on Tuesday the 23rd Instant March, a Mulatto colour’d Man Slave named Tom, pock-broken, about 5 feet 10 inches high, a well set likely Fellow, plays well on the Fiddle, and can read and write; perhaps he may have a false Pass: Had on when he went away, a red plush breeches, a full trim ’d Coat, a cloth Jacket, and it’s supposed several other clothes: took with him a bay Horse about 13 hands and a half high with a [ ] on his fore head, bridle and sadle: whoever takes up said Negroe, and delivers him to Poughkeepsie, or secures him in a gaol, and gives notice thereof to Leonard Van Cleek, or Myndert Veile, of Duchess County, shall receive five Pounds Reward, and all reasonable charges paid by LEONARD VAN CLEEK and MYNDERT VEILE.","Hodges, Graham Russell Gao, and Alan Edward Brown, eds. “Pretends to Be Free”: Runaway Slave Advertisements from Colonial and Revolutionary New York and New Jersey. 1st ed. Fordham University Press, 2019. https://doi.org/10.2307/j.ctv7xbrzd.",
"The New-York Gazette: or, The Weekly Post-Boy",635,3/3/1755,"Run away the 21st Instant from Godfrey Mallbone Esq., and Capt. Robert Stoddard, two Mullato Fellows in Company with each other, named Jeremy and the other Anthony: the first mentioned carried with him, two blue Coats, turn’d up with red, and a Silver laced hat, with sundry other Clothes; one of his Hands is considerably less than the other; is supposed to be 21 years of age and five feet ten inches high. The other had on a darkish Bearskin coat, light cloth jacket and breeches, and a Blue jacket with Brass Buttons, a pair of red breeches, and a castor hat, with sundry other Clothes; about 18 years of age, supposed to be about 5 foot 8 inches high. Both speak good English. Whoever shall take up said Runaways, and bring them to their above mentioned Masters, shall have twenty Pounds Reward for each, and all necessary charges paid by GODFREY MALLBONE AND ROBERT STODDARD.","Hodges, Graham Russell Gao, and Alan Edward Brown, eds. “Pretends to Be Free”: Runaway Slave Advertisements from Colonial and Revolutionary New York and New Jersey. 1st ed. Fordham University Press, 2019. https://doi.org/10.2307/j.ctv7xbrzd.",
"The New-York Gazette: or, The Weekly Post-Boy",647,6/23/1755,"A Mulatto Negro named Tom, Run away from Joseph Harris, of Beekman’s Precinct, in Duchess County, being the same Fellow formerly advertised, that then belonged to the Heirs of Barent Van Cleek, deceased and a reward offered by Mynder Viele and Leonard Van Cleek, who since sold him to said Harris; he went away on the first Instant, and had on a half worn Beaver Hat, a blue and white Cotton Cap, a greenish homespun Coat, a blue cloth Jacket, a white linnen Shirt: he took also with him a linen jacket and breeches, also a red plush breeches; he is lusty and well built, full of Freckles, talks English and Dutch, can read, write, and Cypher, play well on the Violin: Whoever takes up Said Negro, and secures him in any goal shall receive five Pounds, York Currency, and all reasonable charges paid, and if any takes extraordinary Trouble and secures him, an honourable allowance shall be further paid by Joseph Harris.","Hodges, Graham Russell Gao, and Alan Edward Brown, eds. “Pretends to Be Free”: Runaway Slave Advertisements from Colonial and Revolutionary New York and New Jersey. 1st ed. Fordham University Press, 2019. https://doi.org/10.2307/j.ctv7xbrzd.",
"The New-York Gazette: or, The Weekly Post-Boy",650,8/10/1755,"Run away the 10th of this Instant from John Shepherd of Shrewsbury, a Mullatto Fellow called Tom, and who formerly belonged to Dr. Mills; he is of a middle size, with middling long hair and is 24 Years old. Had on when he went away a garey Homespun Jacket, an old Beaver Hat, Oznabrig Shirt, Buckskin Breeches and a Pair of old Shoes and Stockings. Whoever takes up and secures the said Mullato so that his Master may have him again, shall have Forty Shillings reward and reasonable charges paid by John Shepherd.","Hodges, Graham Russell Gao, and Alan Edward Brown, eds. “Pretends to Be Free”: Runaway Slave Advertisements from Colonial and Revolutionary New York and New Jersey. 1st ed. Fordham University Press, 2019. https://doi.org/10.2307/j.ctv7xbrzd.",
"The New-York Gazette: or, The Weekly Post-Boy",653,9/1/1755,"Run away from Joseph Webb, of Wethersfield, on the 23rd day of June last, a Negro Servant man about 30 years of age, about 6 feet high, straight limbed and well set. Had on him when he went away, a pair of Deer Skin Breeches, with flat Metal buttons, and Straps on the knees: carried away a new pair of Tow Cloth Trousers, a check Woolen Shirt, a brown Jacket with the Sleeves partly off, and talks but poorly, and has a hole in each ear, and generally wears Pegs of wood in them; his Fore Teeth somewhat rotten, whoever takes up and secures the said negro, and conveys him to his said master at Weathersfield, or confines him in any of his masters gaols, shall have Five Dollars reward, and all reasonable charges paid by Joseph Webb.","Hodges, Graham Russell Gao, and Alan Edward Brown, eds. “Pretends to Be Free”: Runaway Slave Advertisements from Colonial and Revolutionary New York and New Jersey. 1st ed. Fordham University Press, 2019. https://doi.org/10.2307/j.ctv7xbrzd.",
"The New-York Gazette: or, The Weekly Post-Boy",655,9/15/1755,"Run away from Samuel Fowler, living in Ulster county on the west side of Hudson’s River, near Newbourgh, a short well set Negro fellow, between 30 and 40 years of age, and halts a little with his Right leg. Had with him when he went away a good yellowish colour’d coat, double breasted, a blue Camblet Jacket, a pair of Tow Trousers, and a Pair of new shoes. Whoever takes him up and secures him so that his Master may have him again, shall have Three Pounds Reward and reasonable charges paid by Sam Fowler.","Hodges, Graham Russell Gao, and Alan Edward Brown, eds. “Pretends to Be Free”: Runaway Slave Advertisements from Colonial and Revolutionary New York and New Jersey. 1st ed. Fordham University Press, 2019. https://doi.org/10.2307/j.ctv7xbrzd.",
The New-York Gazette: or The Weekly Post-Boy,666,10/27/1755,"Run away from the subscriber, since Saturday the 4th instant, a negro man named Holliday, a likely fellow, middle siz’d, about 25 years of age: had on a homespun Kersey jacket, a felt hat and Shoes and Stockings; he is well known in this Town and is suppposed to be secreted by some of his Acquaintance. Whoever brings him to the subscriber shall have Twenty Shillings reward and all reasonable charges paid by John Willet.","Hodges, Graham Russell Gao, and Alan Edward Brown, eds. “Pretends to Be Free”: Runaway Slave Advertisements from Colonial and Revolutionary New York and New Jersey. 1st ed. Fordham University Press, 2019. https://doi.org/10.2307/j.ctv7xbrzd.",
"The New-York Gazette; or, The Weekly Post-Boy",669,11/17/1755,"Run away on the 5th of November 1755, from Abraham Vandorn, of Freehold, in Monmouth County, in NewJersey, a negro man named Toney, about 5 feet 9 or 10 inches high, well set of a yellowish Colour, and flat Nose, has a Scar on his nose just by his Eye; had on when he went away, an old beaver Hat, a coarse Shirt, two Jackets, one brownish and the other stript without sleeves, a pair of trousers and half worn Shoes. Whoever takes up the said Negro and secures him so that his Mistress might have him again shall have Twenty Shillings reward and all reasonable charges payed by me, Anne Vandom, widow.","Hodges, Graham Russell Gao, and Alan Edward Brown, eds. “Pretends to Be Free”: Runaway Slave Advertisements from Colonial and Revolutionary New York and New Jersey. 1st ed. Fordham University Press, 2019. https://doi.org/10.2307/j.ctv7xbrzd.",
The New-York Gazette: or The Weekly Post-Boy,670,12/1/1755,"Run away from Lawrence Janse Van Buskerk, near Hackinsack, a negroe man who was lately advertised in the Mercury, named Aisop. He is of a middling size a round forehead a straight Nose and has a very guilty look: Had on when he went away, a grey Jacket and a green Jacket underneath it, a pair of stripped Trowsers and an old Beaver Hat; he is aged about 25 Years. W hoever takes up and secures said Negro so that his master may have him again shall have Forty Shillings and all reasonable charges, paid by Lawrense Janse Van Buskerk.","Hodges, Graham Russell Gao, and Alan Edward Brown, eds. “Pretends to Be Free”: Runaway Slave Advertisements from Colonial and Revolutionary New York and New Jersey. 1st ed. Fordham University Press, 2019. https://doi.org/10.2307/j.ctv7xbrzd.",
"The New-York Gazette: or, The Weekly Post-Boy",673,12/15/1755,"Run away in this city on Friday the 10th instant, December, from Ezekial Ball, of Elizabeth Town Farms, a likely negro man, about 22 years of age is of middle Size, and long visag’d. Had on when he went away a new felt Hat, blue cloth Jacket without Buttons, Home spun shirt, old Leather Breeches with Trousers over them, brown Stockings and half worn Shoes. He pretends to be a free Man and formerly belonged to Mr. Thomas Grant in New-York. Whoever takes up the said negro and brings him to the workhouse in New York City, shall have three Dollars reward and all charges paid by Ezekial Ball.","Hodges, Graham Russell Gao, and Alan Edward Brown, eds. “Pretends to Be Free”: Runaway Slave Advertisements from Colonial and Revolutionary New York and New Jersey. 1st ed. Fordham University Press, 2019. https://doi.org/10.2307/j.ctv7xbrzd.",
"The New-York Gazette: or, The Weekly Post-Boy",677,1/12/1756,"Run away on Thursday night the 8th instant of January from Mrs. Elizabeth Carpenter, a negro boy named Venture, has a remarkably surly Look, had on when he went away a blue W atch-Coat, a pair of Buckskin Breeches, a striped Waistcoat with Metal Buttons, a very dirty old homespun Shirt, a pair of mixed Hose, and a pair of large Buckles on his shoes. Whoever takes up the said negro and brings him to said Mrs. Elizabeth Carpenter shall have forty shillings together with all reasonable charges.","Hodges, Graham Russell Gao, and Alan Edward Brown, eds. “Pretends to Be Free”: Runaway Slave Advertisements from Colonial and Revolutionary New York and New Jersey. 1st ed. Fordham University Press, 2019. https://doi.org/10.2307/j.ctv7xbrzd.",
"The New-York Gazette: or, The Weekly Post-Boy",683,2/16/1756,"Run away the 24th Day of January last, from Isaac Freeman, of the Township of Woodbridge, in East-New-Jersey, a middle-sized thick squat Negro Fellow named Caesar, aged about 22 years; Had on when he went away, a Wool-Hat, a double Worsted Cap, a Flannel Shirt, a red Broad Cloth Jacket, and a light- coloured cloudy-like Linnen and Woollen Jacket, and a Pair of white Leather Allom-dress’d SheepSkin Breeches; a pair of black and white Stockings, and half-worn Shoes with Buckles in them: ’Tis thought he has also with him, a Linsey-Woolsey Breeches of the same sort as the Jacket, and a coarse Linnen Shirt. Whoever takes up said Negro, and secures him, and give Notice, so that his Master may have him again, shall have Twenty Shillings Reward, or if he is brought home to his Master, Forty-Shillings Reward, and all reasonable Charges, paid by ISAAC FREEMAN.","Hodges, Graham Russell Gao, and Alan Edward Brown, eds. “Pretends to Be Free”: Runaway Slave Advertisements from Colonial and Revolutionary New York and New Jersey. 1st ed. Fordham University Press, 2019. https://doi.org/10.2307/j.ctv7xbrzd.",
"The New-York Gazette: or, The Weekly Post-Boy",685,3/1/1756,"Run away on the 14th of February last, from Josiah Halsted, of Shrewsbury, Monmouth County, East-New-Jersey, a Servant Man named Johan Jeremiah Myer, about 5 feet 4 inches high, well set, something pitted with the Small Pox, speaks very broken English, pretends to be a Black-Smith, is about 21 Years of Age: had on when he went away, a Felt Hat, an old curled Wig or white Cap, a Garlix or Flannel Shirt, and a half-worn Bear-Skin Coat, and a long brown Jacket, with Cuff-Sleves; had with him a new striped Holland Vest, a Pair of black Plush, a Pair of Buckskin, and a Pair of Dimity Breeches, a Pair of Grey Worsted, and a Pair of Coarse Yam Stocking, and old shoes with Buckles. He has broke open his M aster’s Barr, and robb’d him of a considerable Sum of Money, It’s Suppos’d he went away with a Molatto Man named Tom, Belonging to John Sheppard of said Place, and formerly the Property of Doctor Mills. Whoever secures said Servant, so that his Master may have him again, shall have FIVE POUNDS Reward, and all reasonable Charges paid by me, JOSEPH HALSTEAD.","Hodges, Graham Russell Gao, and Alan Edward Brown, eds. “Pretends to Be Free”: Runaway Slave Advertisements from Colonial and Revolutionary New York and New Jersey. 1st ed. Fordham University Press, 2019. https://doi.org/10.2307/j.ctv7xbrzd.",
"The New-York Gazette: or, The Weekly Post-Boy",690,4/5/1756,"Run away on Monday morning the 29th of March last, from Peter DeLancey, Esq., West Chester, a middle fixed mulatto negro called Hannibal, about 5 feet 8 inches high, sharp featured, and speaks very good english. Had on when he went away a homespun coat and 2 pairs of Breeches, 2 pairs of homespun stockings, 2 [ ] one homespun, the other Ozenbrigs [ ]. W hoever takes up the said negro and delivers him to Goal or York Work-House shall have a reward of forty shillings and all reasonable charges paid by Peter DeLancey.","Hodges, Graham Russell Gao, and Alan Edward Brown, eds. “Pretends to Be Free”: Runaway Slave Advertisements from Colonial and Revolutionary New York and New Jersey. 1st ed. Fordham University Press, 2019. https://doi.org/10.2307/j.ctv7xbrzd.",
"The New-York Gazette: or, The Weekly Post-Boy",690,4/5/1756,"Run away from his master, Christopher Youngs of Southhold, on Friday the 26th instant, a mulatto slave named Caesar, about 24 years old, 5 feet 8 or 9 inches high, pretty well set, of a light Complexion, is sometimes taken for an Indian and has a large Mole under his left Eye. Had on when he went away a dark coloured Great Coat, leather breeches, a Body Coat of blue and white Colour, old shoes capt, a new Felt Hat, but Hair pretty short and straight. Whoever takes up and secures said Slave so that his master might have him again shall have a Forty Shillings reward and all reasonable charges paid by Christopher Young. N.B. All masters of vessels are forbidden to carry him off.","Hodges, Graham Russell Gao, and Alan Edward Brown, eds. “Pretends to Be Free”: Runaway Slave Advertisements from Colonial and Revolutionary New York and New Jersey. 1st ed. Fordham University Press, 2019. https://doi.org/10.2307/j.ctv7xbrzd.",
The Pennsylvania Gazette (Philadelphia),1425,4/15/1756,"Runaway from the subscriber living at Middletown, in EastNew-Jersey, the 9th of January last, a Negro man named Cato, alias Toby, aged about 30 years, a lusty well set fellow, full fac’d: Had on when he went away a plain-made Bear-skin coat, with flat Metal Buttons, a white woollen vest; wool hat and cap, a brown Tow Shirt, Buckskin Breeches, wool stockings, a pair of pumps with large brass buckles: he was branded when a boy in Jamaica, in the West Indies, with a B (and I think) C on his left shoulder blade; he is sly artful fellow and deceives the credulous by pretending to tell fortunes, and pretends to be free, speaks English as well as if country bom, and plays on the Fiddle; it is thought he is gone towards the Cedar Swamps, and that some base Person has given him a Pass. Whoever apprehends said slave, and secures him, so that his master may have him again, shall receive Forty Shillings reward and reasonable charges paid by Richard Stillwell.","Hodges, Graham Russell Gao, and Alan Edward Brown, eds. “Pretends to Be Free”: Runaway Slave Advertisements from Colonial and Revolutionary New York and New Jersey. 1st ed. Fordham University Press, 2019. https://doi.org/10.2307/j.ctv7xbrzd.",
"The New-York Gazette: or, The Weekly Post-Boy",698,5/31/1756,"Runaway on Monday the 20th Instant from Dennis Hicks of this city, Shipwright, a likely Negro Lad of about 14 years old, a short chubby fellow, full faced: Had on a blue sailors jacket with a striped Homespun one under it, an old brown Cloth pair of Breeches, an old Hat and Cap. Whoever takes up and secures said Negro, in that he may be had again, shall have Twenty Shillings reward and charges paid by Dennis Hicks. N.B. He was seen on the Saturday following and is supposed to be still skulking in the town. All persons are forewarn’d to harbour him, or carry him off. His name is Pompey.","Hodges, Graham Russell Gao, and Alan Edward Brown, eds. “Pretends to Be Free”: Runaway Slave Advertisements from Colonial and Revolutionary New York and New Jersey. 1st ed. Fordham University Press, 2019. https://doi.org/10.2307/j.ctv7xbrzd.",
"The New-York Gazette: or, The Weekly Post-Boy",699,6/14/1756,"Run away the 10th of May last, from the subscriber, then lodging at the Widow M arth’s, at Perth-Amboy, a Negro Man named Frank, a likely smooth-tongu’d Fellow, about five feet, five inches high, well-set and has lost two of his fore teeth: He had on a Great Coat, an old Jacket, Leather breeches, Old stockings and Shoes: ’Tis supposed he has plenty of Money, and will travel only in the Night: He has been run away a considerable time, was just taken up at a great Distance, and was upon the Road home, when he made his Escape again. He had his Wife with him at first, but two days after his escape his wife was taken in the Woods near Amboy, and himself seen, but got off, ’Tis likely he may change his Name, and pretend to be free. Whoever takes up the said Negro, and secures him so that he may be had again shall have FORTY SHILLINGS Reward, and all reasonable charges paid by the Widow Marth or the subscriber James Rowen.","Hodges, Graham Russell Gao, and Alan Edward Brown, eds. “Pretends to Be Free”: Runaway Slave Advertisements from Colonial and Revolutionary New York and New Jersey. 1st ed. Fordham University Press, 2019. https://doi.org/10.2307/j.ctv7xbrzd.",
"The New-York Gazette: or, The Weekly Post-Boy",702,6/28/1756,"Run away the 20th day of June instant, 1756, from Henry Allen, of Great-Neck on Nassau Island, a mulatto fellow named Licum, aged about 24 years, and about 5 feet, 9 inches high, well set, walks stooping, with a down-look, and black curl’d hair: Had on when he went away, a felt hat about half worn, a brown Tow Shirt, and Tow trousers, a brown Jacket, with blue Worsted Lining, one shirt of Irish Linnen, and a Pair of half-worn brown broad-cloth breeches. Whoever takes up and secures said Fellow in any of his M ajesty’s Goals, so that his Master may have him again, shall have Forty Shillings Reward and all reasonable charges, by me HENRY ALLEN.","Hodges, Graham Russell Gao, and Alan Edward Brown, eds. “Pretends to Be Free”: Runaway Slave Advertisements from Colonial and Revolutionary New York and New Jersey. 1st ed. Fordham University Press, 2019. https://doi.org/10.2307/j.ctv7xbrzd.",
"The New-York Gazette: or, The Weekly Post-Boy",703,7/5/1756,"Run away the 2d instant July, from John Decker, of Staten Island, a negro Man, being a short chubby fellow, with extraordinary bushy Hair, is barefoot, and has a Soldier’s red Great Coat on. Also ran away from the Widow Haughwout, of the said Island, a negro wench, of Middle Size, is with child, and speaks broken English, and has a bundle of Clothes with her. It is supposed they went together. Whoever takes up the said negro Man and Wench, and secures them so that they may be had again, shall have Forty Shillings Reward, and Charges paid by the Owners, John Decker, and Widow Haughwout.","Hodges, Graham Russell Gao, and Alan Edward Brown, eds. “Pretends to Be Free”: Runaway Slave Advertisements from Colonial and Revolutionary New York and New Jersey. 1st ed. Fordham University Press, 2019. https://doi.org/10.2307/j.ctv7xbrzd.",
"The New-York Gazette: or, The Weekly Post-Boy",706,7/26/1756,"Run away on the 15th instant July, from Mrs. Mary Elliston, of the City of New York, a Negro Man named Titus, is a well set fellow, of between 29 and 30 years of age: Had on when he went away, an Olive colour’d Jacket, black Breeches, a Pair of white Stockings, half-worn Pumps: Took with him two homespun Jackets, and a heavy Jacket lined with red. He is full of Talk, and can read and write well. Whoever takes up and secures said Negro, so that his Mistress may have him again, shall have Twenty Shillings, if taken in this City, and if out of it Thirty Shillings Reward, and all reasonable Charges paid by MARY ELLISTON.","Hodges, Graham Russell Gao, and Alan Edward Brown, eds. “Pretends to Be Free”: Runaway Slave Advertisements from Colonial and Revolutionary New York and New Jersey. 1st ed. Fordham University Press, 2019. https://doi.org/10.2307/j.ctv7xbrzd.",
The New-York Gazette: or The Weekly Post-Boy,706,7/26/1756,"Run away from the subscriber, a Negro Man belonging to Mr. Robert Benson, named Pompey, about 25 years of age, can speak both Dutch and English, is square well set Fellow, somewhat of a yellowish Complexion, and is exceeding well known in this City, having been used ago with the Beer Waggon for some Years past. Whoever apprehends said Negro, so that the Subscriber may have him again, shall have Twenty Shillings Reward. He has been sculking about the Docks ever since his running away, and wants to go a privateering. This is also to forewarn all Persons from harbouring said Negro at their Peril. LODEWICK PAMPER N.B. He is supposed to have been carried off some days ago to Stamford in New-England, having been seen on board the Sloop of Abraham Demeld.","Hodges, Graham Russell Gao, and Alan Edward Brown, eds. “Pretends to Be Free”: Runaway Slave Advertisements from Colonial and Revolutionary New York and New Jersey. 1st ed. Fordham University Press, 2019. https://doi.org/10.2307/j.ctv7xbrzd.",
"The New-York Gazette: or, The Weekly Post-Boy",707,8/2/1756,"Run away from Samuel Fowler, living on the West Side of the Hudson River in Ulster County near Newbergen a negro man between 30 and 40 years old, is a short well set Fellow; had on when he went away a yellow coloured Coat, doublebreasted, a Scotch Bonnet on his head, a new Tow shirt and trousers and halts a little with his right leg and pretends to be a Doctor: Whoever apprehends the said negro so that his master may have him again shall have Three Pounds reward, and all reasonable charges paid by Samuel Fowler.","Hodges, Graham Russell Gao, and Alan Edward Brown, eds. “Pretends to Be Free”: Runaway Slave Advertisements from Colonial and Revolutionary New York and New Jersey. 1st ed. Fordham University Press, 2019. https://doi.org/10.2307/j.ctv7xbrzd.",
"The New-York Gazette: or, The Weekly Post-Boy",709,8/16/1756,"Run away on the 9th day of August instant from William Mott of Great-Neck in the town of Hampstead in Queens County on Nassau Island, a negro man slave named Joe; a middle sized well set likely Fellow, middling full-faced and black, had a small round Scar on his left cheek, born here and speaks good english, about 29 or 30 years of age: had on when he went away a gray homespun coat with Pewter Buttons, a white Linnen jacket, a white homespun linnen shirt, a speckled Linnen handkerchief wound about his Neck, a Felt Hat, Tow Trousers, a Pair of old pumps, with buckles, carried with him a Jacket the same as his coat. Whoever takes up and secures the said negro fellow so that his master may have him again shall have three pounds reward and all reasonable charges paid by William Mott. N. B. All Commanders of Vessels are forbid carrying off the said Negro.","Hodges, Graham Russell Gao, and Alan Edward Brown, eds. “Pretends to Be Free”: Runaway Slave Advertisements from Colonial and Revolutionary New York and New Jersey. 1st ed. Fordham University Press, 2019. https://doi.org/10.2307/j.ctv7xbrzd.",
"The New-York Gazette: or, The Weekly Post-Boy",709,8/16/1756,"Run away on Monday the 2nd instant from Sam Nutman, of Newark a middle sized Negro Fellow named Bristol, about 35 years old: had on a black Linsey Woolsey Coat, a Pair of Leather Breeches and Tow Trousers. It is suspected he has a Pass with him, and being an artful Fellow will attempt to impose on the most Careful: Took with him a yellow coloured Camblet coat, and two good white shirts. Whoever apprehends and secures said negro so that his master may have him again shall have Five Pounds reward and all reasonable Charges paid by Samuel Nutman.","Hodges, Graham Russell Gao, and Alan Edward Brown, eds. “Pretends to Be Free”: Runaway Slave Advertisements from Colonial and Revolutionary New York and New Jersey. 1st ed. Fordham University Press, 2019. https://doi.org/10.2307/j.ctv7xbrzd.",
"The New-York Gazette: or, The Weekly Post-Boy",711,8/30/1756,"Run away on Tuesday the 20th instant from Thomas Hamersley, of the city of New-York, Goldsmith, a negro fellow named Duke, about 5 feet 5 inches high, has very thick lips and of a yellow Complexion, and can work at the Gold Smith’s business, had on when he went away a speckled Shirt and Trousers. Whoever takes up the former said negro fellow so that his Master may have him again shall have twenty shillings if taken in town; if off the Island, forty shillings, and all reasonable charges paid by Thomas Hamersley.","Hodges, Graham Russell Gao, and Alan Edward Brown, eds. “Pretends to Be Free”: Runaway Slave Advertisements from Colonial and Revolutionary New York and New Jersey. 1st ed. Fordham University Press, 2019. https://doi.org/10.2307/j.ctv7xbrzd.",
"The New-York Gazette: or, The Weekly Post-Boy",711,8/30/1756,"Run away the 16th day of this instant August, from Isaac Freeman of the Township of W oodbridge in East New Jersey, a middle fixed squat negro named Caesar, aged 22 years: Had on when he went away an old Beaver Hat and old wig, a Tow cloth shirt, and Tow-Trousers, a dark coloured homespun woolen jacket, and an old pair of shoes: When he went away he had a pair of Iron Pot-Hooks around his neck with a chain fastened to it that reached his feet, but may possibly have gotten it off. Whoever takes up said negro and secures him and gives Notice, so that his master may have him again shall have Twenty Shillings reward, or if he is brought to his Master Forty Shillings Reward and all reasonable Charges, paid by Isaac Freeman.","Hodges, Graham Russell Gao, and Alan Edward Brown, eds. “Pretends to Be Free”: Runaway Slave Advertisements from Colonial and Revolutionary New York and New Jersey. 1st ed. Fordham University Press, 2019. https://doi.org/10.2307/j.ctv7xbrzd.",
"Pennsylvania Journal, and the Weekly Advertiser (Philadelphia)",728,11/18/1756,"Runaway a Negro woman named Molly, about three weeks out of the small-pox, is about 32 years of age, bom and bred in the Island of Bermuda, speaks good English, and has been used to the House, its supposed she went in to the Jerseys, any person that will deliver the said Negro wench to the work-house in Philadelphia, or give certain information that she may be had again, shall have Twenty Shillings reward, paid at the London Coffee House.","Hodges, Graham Russell Gao, and Alan Edward Brown, eds. “Pretends to Be Free”: Runaway Slave Advertisements from Colonial and Revolutionary New York and New Jersey. 1st ed. Fordham University Press, 2019. https://doi.org/10.2307/j.ctv7xbrzd.",
The New-York Gazette: or The Weekly Post-Boy,726,12/13/1756,"Run away from Joseph Harris, of Beekman’s Precinct, in Dutchess County, on the 3rd of September last, a Mulatto Fellow named Tom, about 5 feet eight inches high, is thick and well set, can talk good Dutch and English, and can play very well upon the fiddle.—can read, write and cypher and has some Freckles. He first listed himself in the Boston Forces and was seen in Albany about a fortnight ago with the Forces so that it is likely he has gone toward Boston or other Parts of New England. Whoever takes up and secures the said servant fellow so that his master might have him again shall have Ten Pounds New York currency reward and all reasonable charges paid by Joseph Harris. N.B. W hoever secures him send notice to Balrus Van Kleek in the city of New York; or the said Joseph Harris.","Hodges, Graham Russell Gao, and Alan Edward Brown, eds. “Pretends to Be Free”: Runaway Slave Advertisements from Colonial and Revolutionary New York and New Jersey. 1st ed. Fordham University Press, 2019. https://doi.org/10.2307/j.ctv7xbrzd.",
"The New-York Gazette: or, The Weekly Post-Boy",733,1/31/1757,"Run away from Caleb Ferris of East-Chester, in the Province of New York, sometime before last Christmas; a lusty likely man slave named Joe, aged about 25 years old, he is of a yellow complexion being mixed Indian and Negro, much of an Indian countenance, he speaks altogether English and is well set every Way, about five feet ten inches high, understands all sorts of Plantation Work and is an excellent Hand to make a Stone-Wall, he was born of a slave and brought up by Martha Clarks of W. Chester and upon her death he is so often running about, he sometimes pretends to be free and it is supposed that some vile person has given him a pass, he is a great Fiddler and when he went away he took his Fiddle and a bundle of cloth. Whoever will take up the said Servant and secure him so that his Master may have him again shall have three pounds reward and all reasonable charges paid by me, Caleb Ferris. All persons are hereby forewarned from harbouring or carrying off said servant.","Hodges, Graham Russell Gao, and Alan Edward Brown, eds. “Pretends to Be Free”: Runaway Slave Advertisements from Colonial and Revolutionary New York and New Jersey. 1st ed. Fordham University Press, 2019. https://doi.org/10.2307/j.ctv7xbrzd.",
"The New-York Gazette: or, The Weekly Post-Boy",747,5/9/1757,"Run away from Jacob Van Shaick, jun. a negro man named Reick. Had on when he went away: Leather Breeches, striped woolen trousers and shirt of the same, a Yellowish Vest, old Shoes, and no hat. Whoever takes up the said Negro and brings him to Henry Dumont, of this city shall be rewarded for the same by me, Jacob Van Schaick. N.B. If he returns of his own Accord, his faults shall be forgiven.","Hodges, Graham Russell Gao, and Alan Edward Brown, eds. “Pretends to Be Free”: Runaway Slave Advertisements from Colonial and Revolutionary New York and New Jersey. 1st ed. Fordham University Press, 2019. https://doi.org/10.2307/j.ctv7xbrzd.",
"The New-York Gazette: or, The Weekly Post-Boy",748,5/16/1757,"Run away on Sunday the 3rd day of this Inst, from George Armstrong of Morris-Town in Morris County, East-NewJersey, a likely young Negro Fellow named Rantus, about 18 or 19 years of age, but pretty lusty for his age— Had on when he went away, an old Hat, a good light coloured homespun Cloth Coat with Metal Buttons and light homespun lining, thick Leather Breeches and Trowsers over them, a coarse homespun Tow Shirt; brown Yam stockings, without feet and good shoes but run on one Side. He had also a black velvet Stock or neckcloth, speaks good English and understands Country Business. Whoever takes up and secures the said Negro Fellow and gives notice so that his master may have him again shall have three Spanish milled Dollars Reward and all reasonable Charges paid by George Armstrong.","Hodges, Graham Russell Gao, and Alan Edward Brown, eds. “Pretends to Be Free”: Runaway Slave Advertisements from Colonial and Revolutionary New York and New Jersey. 1st ed. Fordham University Press, 2019. https://doi.org/10.2307/j.ctv7xbrzd.",
"The New-York Gazette: or, The Weekly Post-Boy",748,5/16/1757,"Run away the 25th of April last, from Thomas Robinson of Brookhaven in the County of Suffolk, on Long Island, a negro man named Ned, about 23 years old, he stole a Barge and was seen on the Thursday following in the Sound opposite to Lloyd’s Neck, steering to the Westward. The Barge has lost part of her stem and several of her Timbers broke. He has a crooked Knee. Had on when he went away a new grey Kersey Coat, a new Pair of Pumps. The said negro can both read and write, and probably has wrote himself a Pass. Whoever takes up the said negro and secures him so that his master may have him again shall have Twenty Shillings Reward and all reasonable Charges paid by Thomas Robinson, jun.","Hodges, Graham Russell Gao, and Alan Edward Brown, eds. “Pretends to Be Free”: Runaway Slave Advertisements from Colonial and Revolutionary New York and New Jersey. 1st ed. Fordham University Press, 2019. https://doi.org/10.2307/j.ctv7xbrzd.",
"The New-York Gazette: or, The Weekly Post-Boy",750,5/30/1757,"Five Pound Reward. Run away on Thursday the 26th Inst, from Rachel Low of this City a negro man named Charles, aged about 23 years, about 5 feet 6 inches high pretty likely and well set, speaks pretty good English and some Dutch, this country born, had on when he went away an oznabrig shirt and trousers, bluejacket without sleeves, a Castor Hat, also took with him a blue cloth coat, red vest, and red Everlag Breeches, several shirts, and other wearing apparel. Whoever takes up the said Negro or secures him so that his Mistress may have him again shall receive five pounds reward and all reasonable charges paid by applying to the said Rachael Low, to Peggy Low in Broad Street or Henry Kip, near the M erchants Coffee House. N.B. All Commanders of Vessels are forwamed to conceal or harbour said negro.","Hodges, Graham Russell Gao, and Alan Edward Brown, eds. “Pretends to Be Free”: Runaway Slave Advertisements from Colonial and Revolutionary New York and New Jersey. 1st ed. Fordham University Press, 2019. https://doi.org/10.2307/j.ctv7xbrzd.",
"The New-York Gazette: or, The Weekly Post-Boy",750,5/30/1757,"Run away from Moses Clement at Queensbury, a negro man named George, about 25 years of age, he is a tall lusty fellow, and has a swelling on one knee: He had on when he went away a new blue great coat and a handkerchief tied around his head. Whoever takes up the said negro and brings him to his master living in New-York opposite Oswego-Market shall have Twenty Shillings reward and all reasonable charges paid by Moses Clement.","Hodges, Graham Russell Gao, and Alan Edward Brown, eds. “Pretends to Be Free”: Runaway Slave Advertisements from Colonial and Revolutionary New York and New Jersey. 1st ed. Fordham University Press, 2019. https://doi.org/10.2307/j.ctv7xbrzd.",
"The New-York Gazette: or, The Weekly Post-Boy",751,6/6/1757,"Run away together the 26th of May last the following Negroes Men: from Jacob Mersereau, living in Richmond County Staten Island: A negro man named Jack, about 5 feet 9 inches high, speaks good English and Dutch, and is a Weaver by trade, had on when he went away a Homespun coat, a striped blue and white Vest, about 21 or 22 years of age. From Jacob Van Home in Bergen County a negro man named Jack, about 5 feet 9 inches high, and is much the colour of an Indian: had on when he went away homespun cloaths. From Jacob Van Buskirk of Bergen County aforesaid, a negro man named Cuff, about 5 feet 3 inches high, had on Homespun Cloaths and can play upon the Fiddle. Whoever takes up and secures any or all of the said Negroes or will deliver them to Mr. Otis Vantile or Rem Symonson at the ferry or Staten Island or to their respective masters shall have five pounds reward and all reasonable charges paid by said Vantile and Symonson on their delivery, or their Owners.","Hodges, Graham Russell Gao, and Alan Edward Brown, eds. “Pretends to Be Free”: Runaway Slave Advertisements from Colonial and Revolutionary New York and New Jersey. 1st ed. Fordham University Press, 2019. https://doi.org/10.2307/j.ctv7xbrzd.",
"The New-York Gazette: or, The Weekly Post-Boy",751,6/6/1757,"Run away on Wednesday morning the 24 of May last from the sloop Ranger Benjamin Bethall, Master, a Negro Man named Frank, about 5 feet 6 inches high, had on when he went away an Ozenbrigs shirt, speckled Shirt, Shoes and Stockings, he is Bermuda born. Whoever takes him up and brings him to the Printer or to the said Master Bethall, shall have Five Pounds Reward and all reasonable Charges paid by Benjamin Bethall.","Hodges, Graham Russell Gao, and Alan Edward Brown, eds. “Pretends to Be Free”: Runaway Slave Advertisements from Colonial and Revolutionary New York and New Jersey. 1st ed. Fordham University Press, 2019. https://doi.org/10.2307/j.ctv7xbrzd.",
"The New-York Gazette: or, The Weekly Post-Boy",755,7/4/1757,"Run away from Cornelius Newkerk, a lusty Negro Man named Claus, about 35 years old, is much Pock-broken, can read and write both English and Dutch, pretends to cypher, and has a very heavy Gate. Had on a light colour’d silkCam blet Coat, lin’d with Shalloon, a flow er’d Stuff W aistcoat lin’d with the same as the Outside, a W ashLeather Breeches, almost white with wearing and Washing, light colour’d W orsted Stockings, one Pair of homespun blue Woolen Stockings; took two Pair of shoes, big Brass Buckles; Brass Knee Buckles; one fine Garlix Linnen Shirt one Homespun Shirt, a Beaver Hat much worn; had a Quantity of small Silver with him, and its likely will forge a Pass. Whoever takes up the said Negro, and gives Notice thereof to Andrew Breasted, sen. or Isaac Ryckman, in New-York, and secures him so that his Master may have him again, shall have THREE POUNDS Reward, and all reasonable Charges paid by CORNELIUS NEWKERK.","Hodges, Graham Russell Gao, and Alan Edward Brown, eds. “Pretends to Be Free”: Runaway Slave Advertisements from Colonial and Revolutionary New York and New Jersey. 1st ed. Fordham University Press, 2019. https://doi.org/10.2307/j.ctv7xbrzd.",
The New York Mercury,251,5/30/1757,"Run-Away from Frind Lucas, at the Mines, near SecondRiver, an Indian slave, named Wan, about 30 years of age, a little slim fellow, about 4 feet 4 or 5 inches high, thick short hair, which was cut off last fall: He was seen at ElizabethTown with a bluish great coat, and a rusty beaver hat, and offer’d to list as a soldier and am informed, was since at Amboy. Whoever takes up and secures said Indian, so that his Master may have him again, shall have forty shillings reward, and reasonable charges paid by Frind Lucas.","Hodges, Graham Russell Gao, and Alan Edward Brown, eds. “Pretends to Be Free”: Runaway Slave Advertisements from Colonial and Revolutionary New York and New Jersey. 1st ed. Fordham University Press, 2019. https://doi.org/10.2307/j.ctv7xbrzd.",
"The New-York Gazette: or, The Weekly Post-Boy",762,8/29/1757,"Middletown, Monmouth County, East-New-Jersey, August 1, 1757. Runaway from the subscriber the first of January, twelve months past, a Negroe Man, named Cato, who has since his elopement changed his name several times: Had on when he went away a Pair of Buckskin breeches, fine brown linen shirt, a plain made whitish Camblet Coat, dark Yarn stockings, new shoes, and a wool hat. He is a short well-set Fellow, understands Husbandry in all its parts, an excellent hand with a scythe in grass or grain, speaks English as if country born, and pretends to be free. Underneath his rightshoulder blade he was branded in Jamaica when a Boy with the letters BC, which are plain to be seen. He plays poorly on the fiddle and pretends to tell fortunes. It is supposed he has a forged pass. Whoever secures the said Negroe so that his Master may have him again, shall receive a reward of Five Pounds and reasonable charges paid by Richard Stillwell.","Hodges, Graham Russell Gao, and Alan Edward Brown, eds. “Pretends to Be Free”: Runaway Slave Advertisements from Colonial and Revolutionary New York and New Jersey. 1st ed. Fordham University Press, 2019. https://doi.org/10.2307/j.ctv7xbrzd.",
"The New-York Gazette: or, The Weekly Post-Boy",762,8/29/1757,"New-York, August 23, 1757. Run or let away this Day from Lane’s Ferry, a Negro Man who had his Hands pinioned behind him, and belonged to the Sloop Margaret and Mary, John Baddeley, Master of So. Carolina. His Name is Scipio, about five feet five inches high, of a middling Bulk, a little Pock-markt, his Mouth extends more than common, has a large Bump over one of his Eyes, his Buttocks pretty well marked with the Lash, speaks pretty good English, though somewhat thick, was born at St. Christophers, and says he understands something of the Cooper’s Business. Had on when he went away, an Oznabrigs Frock and Trowsers, and a W orsted Cap. Whoever takes up the said Negro, and delivers him to Capt. John Schermerhorn, in New-York, shall receive Three Pounds Reward, and all reasonable Charges. Any Person that harbours or carries the said Negro off in any Boat, Barque, or Vessel whatever, may depend on being prosecuted to the utmost Rigour of the Law.","Hodges, Graham Russell Gao, and Alan Edward Brown, eds. “Pretends to Be Free”: Runaway Slave Advertisements from Colonial and Revolutionary New York and New Jersey. 1st ed. Fordham University Press, 2019. https://doi.org/10.2307/j.ctv7xbrzd.",
"The New-York Gazette: or, The Weekly Post-Boy",768,10/10/1757,"Run away from Caleb Ferris, of East-Chester, a Negro Man slave called Joe, aged about 25 years. He is a lusty well fed Fellow every Way, about five Feet Ten inches, thick shoulder’d, full round Face, speaks altogether English, his Hair frizzled, being half Indian. He has been voyage privateering, and is a great Fiddler. He has a large Leg and broad Foot, and commonly wears Sailors Habit. He was bom at Westchester, and sometimes pretends to be free. Whoever takes up the above described Slave, and will secure him so that his Master can have him again, shall have Six Pounds Reward, paid by CALEB FERRIS. N.B I hereby forbid and forwarn all Persons dealing with, entertaining, or employing him, under any pretence whatsoever. And I further forwarn all Masters of Vessels, Captains of Privateers, from taking him on board, or carrying him off under any Pretence whatsoever. September 25, 1757.","Hodges, Graham Russell Gao, and Alan Edward Brown, eds. “Pretends to Be Free”: Runaway Slave Advertisements from Colonial and Revolutionary New York and New Jersey. 1st ed. Fordham University Press, 2019. https://doi.org/10.2307/j.ctv7xbrzd.",
"The New-York Gazette: or, The Weekly Post-Boy",774,11/21/1757,"Ran away on the 8th of November, Inst, from James Carrol, of this City, a Negro Wench, aged about five or six and thirty Years old, or thereabouts, called Rose, formerly called Grace, talks but very indifferent English. Had on when she went away, a striped Homespun Joseph, an old red Cloth Petticoat, white Yarn Stockings, and old Shoes, lame in one of her Legs, with a broken Shin. Whoever secures the said W ench, shall have Twenty shillings Reward, and all reasonable charges paid by JAMES CARROLL. November 21, 1757.","Hodges, Graham Russell Gao, and Alan Edward Brown, eds. “Pretends to Be Free”: Runaway Slave Advertisements from Colonial and Revolutionary New York and New Jersey. 1st ed. Fordham University Press, 2019. https://doi.org/10.2307/j.ctv7xbrzd.",
The Pennsylvania Gazette (Philadelphia),1512,12/15/1757,"Philadelphia, December 9, 1757. Runaway last M onday from the subscriber, living in Cranberry, in the County of Middlesex, in New Jersey, a Spanish Negroe Man, named John Juster, about 5 feet 7 or 8 inches high, a well-built fellow of a yellow Complexion; had on when he went away an old Felt Hat and a Worsted Cap, an old brown coat and blue Jacket, old blue Plush Breeches, Yarn and Worsted stockings and old Shoes. Whoever takes up and secures said Negroe, so that his Master may have him again, shall have Thirty Shillings reward, and reasonable charges paid by John Reid, junior. N. B. He served Four Years at Lawrence’s Farm in said County, and has his old indentures with him which may be used of for a Pass. All Masters of Vessels are forbid to carry him off at their Peril.","Hodges, Graham Russell Gao, and Alan Edward Brown, eds. “Pretends to Be Free”: Runaway Slave Advertisements from Colonial and Revolutionary New York and New Jersey. 1st ed. Fordham University Press, 2019. https://doi.org/10.2307/j.ctv7xbrzd.",
"The New-York Gazette: or, The Weekly Post-Boy",779,12/26/1757,"New-York, Decemb. 24th, 1757, Ran away last Night from the Sloop Walter, W illiam Price, Master, lying in Rotten Row; a Negro Man, named Ralph; about 25 years of Age, about 5 feet, 4 inches high, smooth-faced, thick lipped; speaks good English. Had on when he went away, a blue Jackett, and a Drab colour’d Do. and a white Flannel Waistcoat, a grey pair of Stockings, much worn, with a pair of black worsted one’s under them. Any Person taking up the said negro, and bringing him to Mr. W addel Cunningham, Merchant, New-York, or to Mr. Alexander Hamilton, Merchant in Philadelphia, shall receive 5 dollars reward, and reasonable charges.","Hodges, Graham Russell Gao, and Alan Edward Brown, eds. “Pretends to Be Free”: Runaway Slave Advertisements from Colonial and Revolutionary New York and New Jersey. 1st ed. Fordham University Press, 2019. https://doi.org/10.2307/j.ctv7xbrzd.",
"The New-York Gazette: or, The Weekly Post-Boy",780,1/2/1758,"Run away from the subscriber, about five weeks ago, a young negro man called Hanibal, alias Sandy, born at Barbados: He is about 5 feet long, thick lip’d, and thick cheek’d, has a down look, a scar under his chin; a fellow that will talk much; had on when he went away, a brown short jacket with hooks and eyes, a black and white strip’d homespun double-breasted jacket, a leather pair of breeches, and an old wigg and hat. Whoever secures the said negro, so that his master may have him again, shall have forty shillings reward and all reasonable charges paid by Cornelius Tiebout.","Hodges, Graham Russell Gao, and Alan Edward Brown, eds. “Pretends to Be Free”: Runaway Slave Advertisements from Colonial and Revolutionary New York and New Jersey. 1st ed. Fordham University Press, 2019. https://doi.org/10.2307/j.ctv7xbrzd.",
"The New-York Gazette: or, The Weekly Post-Boy",785,2/6/1758,"Run away on Sunday last the 29th January, from Philip Duley, living in Bloomendall, on York-Island, a Negroe man, called Tom, late the Property of Jacobus Kip, about four Foot, five Inches high, well fed, speaks broken English; had on when he went away, a brown Cloth Coat, Buttons of the same, Buckskin Breeches, grey Yarn Stockings, Brass Buckles in his shoes, a good Felt Hat, with a Pewter Tutton on it, w ork’d like a Hair Button: Whoever takes up the same Negro and secures him so that his Master may have him again, shall have Twenty shillings Reward, and all reasonable charges by PHILIP DULEY.","Hodges, Graham Russell Gao, and Alan Edward Brown, eds. “Pretends to Be Free”: Runaway Slave Advertisements from Colonial and Revolutionary New York and New Jersey. 1st ed. Fordham University Press, 2019. https://doi.org/10.2307/j.ctv7xbrzd.",
"The New-York Gazette: or, The Weekly Post-Boy",789,3/6/1758,"Run away from Edmund Matthews of Livingston’s Manor about the Beginning of this Month, a Negro Fellow about 20 years of age, has a smooth face and has a very thick build; had on when he went away, a Bearskin coat, white cloth Breeches, a blue and white striped Holland shirt, and a grey Pair of stockings. It is thought that he will try to go out in some of the Privateers. Whoever takes up and secures the said negro so that his Master may have him again or gives notice to James Carrol of the City of New York, Butcher, or at the New-Printing Office, in Beaver-Street, shall have Forty Shillings Reward and all charges paid.","Hodges, Graham Russell Gao, and Alan Edward Brown, eds. “Pretends to Be Free”: Runaway Slave Advertisements from Colonial and Revolutionary New York and New Jersey. 1st ed. Fordham University Press, 2019. https://doi.org/10.2307/j.ctv7xbrzd.",
"The New-York Gazette: or, The Weekly Post-Boy",798,5/8/1758,"Run away on Monday last, from John Hastier, of this city, Goldsmith, a lusty well-set Negro Man, named Jasper, about 5 feet, 6 inches high, speaks good English and understands the Silversmith’s trade. Had on when he went away, a brown Forest cloth coat with flat Pewter Buttons, blue Waistcoat, with same Sort of Buttons; a Leather Breeches, with the like Buttons, old Hat, broken Yarn stockings, and old shoes. W hoever takes up the said Negroe, and secures him so that his master may have him again, shall have Four Pounds reward and all reasonable charges paid by JOHN HASTIER.","Hodges, Graham Russell Gao, and Alan Edward Brown, eds. “Pretends to Be Free”: Runaway Slave Advertisements from Colonial and Revolutionary New York and New Jersey. 1st ed. Fordham University Press, 2019. https://doi.org/10.2307/j.ctv7xbrzd.",
"The New-York Gazette: or, The Weekly Post-Boy",809,7/3/1758,"Run away from Mr. Thomas Scramshaire of this city, the 5th instant, a mulatto wench named Fanny about 5 feet 4 inches high, and talks good English has a smiling Countenance and black-curled Hair, full-breasted; she had on when she went away a small black silk Hat, a large cross barred blue and white striped Stuff gown and an old red quilted petticoat with a Bundle of several other Things, the Contents as yet unknown—Whoever takes up and secures or discovers where the said Fanny is harboured so that her Master may have her again shall receive 20 shillings reward if taken up in the town, and 40 shillings if cross’d any ferry, with all other reasonable charges that might arise thereupon: and whoever shall offer to harbour or entertain the said wench may depend upon being prosecuted to the utmost Rigour of the law by me, Thomas Scramshaire.","Hodges, Graham Russell Gao, and Alan Edward Brown, eds. “Pretends to Be Free”: Runaway Slave Advertisements from Colonial and Revolutionary New York and New Jersey. 1st ed. Fordham University Press, 2019. https://doi.org/10.2307/j.ctv7xbrzd.",
"The New-York Gazette: or, The Weekly Post-Boy",812,7/24/1758,"Run away from Ide Meyer on the 20th of June last, a Mulatto Wench named Ohnech, but goes by the name Hannah and pretends to be free: She is about 4 feet 4 inches high and 28 years of age; is well set and speaks both English and Dutch very well, had on when she went away a home spun stole, a petticoat, Blue short cloak and white cap; whoever takes up and secures the said wench so that her master may have her again shall have Twenty shillings reward and all reasonable charges paid by me Ide Myer. N.B. All persons are forewarned to entertain her and all masters of Vessels to carry her off at their peril.","Hodges, Graham Russell Gao, and Alan Edward Brown, eds. “Pretends to Be Free”: Runaway Slave Advertisements from Colonial and Revolutionary New York and New Jersey. 1st ed. Fordham University Press, 2019. https://doi.org/10.2307/j.ctv7xbrzd.",
"The New-York Gazette: or, The Weekly Post-Boy",812,7/24/1758,"New-York, July 16, 1758. Run Away on the 10th of this inst. July from James Swan, of this city, pilot; a negro man named York, about 5 feet 8 inches high, of a slender make, talks pretty good English, is a good cook, can play on the violin, and shave, and dress wigs;— He had on when he went away, old shoes, and carv’d silver buckles, blue and red worsted plush breeches, old trowsers, check shirt, a blue jacket, a small-cropt hat, with yellow worsted ringing round it; and steps pretty long: He formerly belonged to Lawrence Lawrence, of this city, merchant.—Whoever takes up the said negro, and secures him so that his master may have him again, shall have, if within the city, 20s. if between it and K ing’s-Bridge, 30s. and 40s. if farther, and all reasonable charges, paid by JAMES SWAN. All master of vessels, and captains of privateers, are forwarned from carrying him to sea, or harbouring him on board their vessels, as they may expect to answer it at their peril.","Hodges, Graham Russell Gao, and Alan Edward Brown, eds. “Pretends to Be Free”: Runaway Slave Advertisements from Colonial and Revolutionary New York and New Jersey. 1st ed. Fordham University Press, 2019. https://doi.org/10.2307/j.ctv7xbrzd.",
"The New-York Gazette: or, The Weekly Post-Boy",817,8/28/1758,"Run away on the 13th of August Instant, from W illiam Peartree Smith, Esq., of Elizabeth-Town in New-Jersey; a Negro Man named Prince, had on a Leather cap, Linnen Waistcoat and breeches, coarse blue stockings, a thick pair of shoes, speaks Dutch and English, has lived in Jamaica in the West-Indies with Mr. Simon Parsco, and in Duchess County in New York with Mr. Nixon, has been lately seen in New York, and it is said passed King’s Bridge, where he showed a pass and pretended that he belonged to a Butcher in New York, and was going in to the country to fetch cattle for his master: whoever secures him in any of his M ajesty’s Goals, so that his master may have him again, shall be well rewarded.","Hodges, Graham Russell Gao, and Alan Edward Brown, eds. “Pretends to Be Free”: Runaway Slave Advertisements from Colonial and Revolutionary New York and New Jersey. 1st ed. Fordham University Press, 2019. https://doi.org/10.2307/j.ctv7xbrzd.",
"The New-York Gazette: or, The Weekly Post-Boy",820,9/13/1758,"Run away yesterday morning from Joseph Griswold of this city, distiller; a middle siz’d Negro man, aged about 40, speaks little or no English, as he mostly lived with the French: had on when he went away, a short blue sailor’s jacket, and trowsers, a check shirt, and old hat. His name is Frank or Francois—Whoever takes up said Negro fellow, so that his master may have him again, shall have twenty shillings reward, and all reasonable charges paid by JOSEPH GRISWOLD, living in Pearl-Street.","Hodges, Graham Russell Gao, and Alan Edward Brown, eds. “Pretends to Be Free”: Runaway Slave Advertisements from Colonial and Revolutionary New York and New Jersey. 1st ed. Fordham University Press, 2019. https://doi.org/10.2307/j.ctv7xbrzd.",
"The New-York Gazette: or, The Weekly Post-Boy",820,9/13/1758,"Run away from the Subscriber, living at Philipsburg, a Mulatto Servant Man, named Henry, aged 23 years, about 5 feet 8 inches high; has a Scar on his forehead; took with him a greasy Beaver Hat; wore a brown homespun Coat; took away with him a blue Jacket and several other things; he plays very well on the Violin.—Whoever secures the said Mulatto so that his Master may have him again, shall have 20 shillings reward and all reasonable charges paid by Samuel Devenport.","Hodges, Graham Russell Gao, and Alan Edward Brown, eds. “Pretends to Be Free”: Runaway Slave Advertisements from Colonial and Revolutionary New York and New Jersey. 1st ed. Fordham University Press, 2019. https://doi.org/10.2307/j.ctv7xbrzd.",
The New York Mercury,321,10/9/1758,"Run-away on Monday the second Instant, from Benjamin Williams, a Negro Man, named Bristol, about 5 feet 7 inches high, aged about 26 Years: Had on when he went away a red Jacket, brown Great-Coat, brown Camblet Breeches and wide trowsers, a pair of new shoes, with strings, and a new felt hat: Whoever takes up said Negro fellow and brings him to his said master at Newark or to Daniel Nap, in New York, shall have Forty Shillings Reward and all resonable charges paid by Benjamin Williams.","Hodges, Graham Russell Gao, and Alan Edward Brown, eds. “Pretends to Be Free”: Runaway Slave Advertisements from Colonial and Revolutionary New York and New Jersey. 1st ed. Fordham University Press, 2019. https://doi.org/10.2307/j.ctv7xbrzd.",
"The New-York Gazette: or, The Weekly Post-Boy",832,12/11/1758,"Run away from Benjamin Williams, of Newark in East New Jersey, on Monday the 4th Instant; A Negro Man, about 26 years of age, five feet seven inches high; had on when he went away, a Jersey Provincial Coat, red Jacket, and wide trowsers; speaks good english, and plays well on the Violin. Whoever secures said Negro, and brings him to me, shall have Forty shillings reward, and all Charges paid, by BEN WILLIAMS.","Hodges, Graham Russell Gao, and Alan Edward Brown, eds. “Pretends to Be Free”: Runaway Slave Advertisements from Colonial and Revolutionary New York and New Jersey. 1st ed. Fordham University Press, 2019. https://doi.org/10.2307/j.ctv7xbrzd.",
"The New-York Gazette: or, The Weekly Post-Boy",833,12/18/1758,"Run away on the 23rd of December, 1757, from the sloop W alter, of Maryland, then lying at Hunter’s Quay, in New York; a Negro Fellow named RALPH, Maryland born; about 5 feet 6 inches high; speaks hoarse and thick, and is a great Chewer of Tobacco; flat nose and very thick lip’d, and wide mouth’d. He has been scalded on the Back of his left hand, and up his arm, by which the scar thereof appears; and is of a swarthy complexion: He has also a great many Dents in the Top of his Head, which seem to be the Ward-end of a key: he has the Use of his left Hand better than his Right; and is what is commonly called left-handed: he has had the Small-Pox, but not much pitted It’s expected he is on board some of the Privateers belonging to this city. Whoever takes up and secures the above Negro, so that his master may have him again, shall have FIVE POUNDS Reward,— if in or near New York, the Reward will be paid by Samuel Bowne, M erchant;— if in Philadelphia, by Reefe M eredith, M erchant,— and if in Maryland, by James Campbell (the Owner) in Charles Country; besides all reasonable charges.","Hodges, Graham Russell Gao, and Alan Edward Brown, eds. “Pretends to Be Free”: Runaway Slave Advertisements from Colonial and Revolutionary New York and New Jersey. 1st ed. Fordham University Press, 2019. https://doi.org/10.2307/j.ctv7xbrzd.",
"Parker's New-York Gazette; or, The Weekly Post-Boy",838,1/22/1759,"Ran away from Richard Harris, of Staten Island, the 14th Instant; a Negro man named Tom, speaks good English, about 30 years of age. Ran away at the same time a Negro Boy named Harry, 14 years old, has an Impediment in his speech, speaks good French, and has lost one of Fore Teeth: They both had light coloured Kersey jackets, with white flowered Metal Buttons; Harry had a cap on, such as Mariners generally wear, and Tom had a Great coat with a cap to it, that covered his head on Occasion. Whoever takes up and secures said Negroes, so that their Master can have them again, shall receive twenty shillings reward for each, and all reasonable Charges paid by RICHARD HARRIS.","Hodges, Graham Russell Gao, and Alan Edward Brown, eds. “Pretends to Be Free”: Runaway Slave Advertisements from Colonial and Revolutionary New York and New Jersey. 1st ed. Fordham University Press, 2019. https://doi.org/10.2307/j.ctv7xbrzd.",
"Parker’s New-York Gazette; or, The Weekly Post-Boy",839,1/29/1759,"TEN POUNDS Reward: Run away on Wednesday Night last, from the Subscriber, a Negro fellow named Jack, wellset, and not very black: Had on when he went away, a brown Pea-jacket, and a blue under one: He also took with him a Pair of Buck-skin Breeches. Whoever takes up and secures said Negro Fellow, so that his Master may have him again, shall receive TEN POUNDS Reward, and all reasonable charges paid by Wm. Brown John. All Masters of Vessels and others, are forbid to carry off said Fellow, at their peril.","Hodges, Graham Russell Gao, and Alan Edward Brown, eds. “Pretends to Be Free”: Runaway Slave Advertisements from Colonial and Revolutionary New York and New Jersey. 1st ed. Fordham University Press, 2019. https://doi.org/10.2307/j.ctv7xbrzd.",
"Parker’s New-York Gazette; or, The Weekly Post-Boy",858,5/28/1759,"New-York, May 16, 1759. Run away from Nicholas Jones, and Luke Ryerson, of Paughquanack in the County of Bergen, on Sunday Night the 13th Instant, Two Negro Men Slaves, one named Peter, a lusty well set Fellow about 5 feet 6 inches high, had on when he went away, a linsey woolsey Jacket with Pewter Buttons, Leather Breeches, new Shoes with Brass Buckles, a worsted Cap and Felt Hat. The other named York, is about 5 foot high, pretty much pock-broken, he had on when he went off, a greenish homespun Jacket, a Castor Hat almost new, and a worsted Cap; they also took with them sundry other Cloaths, a Dog, a Gun, and a Fiddle: W hoever apprehends the above mentioned Negroes, and secures them in any Goal so that their Masters may have them again, shall receive FORTY SHILLINGS Reward for each, and all reasonable Charges paid, by NICHOLAS JONES, And LUKE RYERSON. N.B. All masters of Vessels, Captains of Privateers and others, are forbid to entertain, or carry off said Fellows at their Peril.","Hodges, Graham Russell Gao, and Alan Edward Brown, eds. “Pretends to Be Free”: Runaway Slave Advertisements from Colonial and Revolutionary New York and New Jersey. 1st ed. Fordham University Press, 2019. https://doi.org/10.2307/j.ctv7xbrzd.",
"Parker’s New-York Gazette; or, The Weekly Post-Boy",860,6/21/1759,"Forty-Five Pounds, Proclamation Money, Reward. Runaway last night from the subscribers living in Hopewell, In New Jersey, one Mulatto, and three Negroe Men, viz. The Mulatto named Bood and a Negroe named Bristol, the property of William Hunt, is about five feet ten inches high and pretty well set; they each had a dark colour’d coat, several Shirts and Pairs of Shoes, Stockings and Breeches: for taking up and bringing back to his Master, Twenty Pounds Reward for Bood and Ten Pounds for Bristol. A Negroe Man named Jack, thick and well set, the property of John Hart, took with him a Cloth Coloured Kersey Coat, several Shirts and Pairs of Breeches, Shoes and Stockings: Ten Pounds will be given for taking him up and bringing him back to his Master. Also a Negro man named Tom, short and well set, the property of Joseph Calder, took with him a dark coloured coat, several shirts, Pairs of Breeches, Shoes and Stockings. Five Pounds reward will be given for taking him up and returning him to his Master. It is supposed they all went away and will travel together, and that they are gone to some of the Indian Towns upon Sasquehannah, the M ollatto Bood, having been entertained by the Indians there several months, some years ago; they took two Guns, two or three Hatchets and several Blankets with them. William Hunt, John Hart, Joseph Calder.","Hodges, Graham Russell Gao, and Alan Edward Brown, eds. “Pretends to Be Free”: Runaway Slave Advertisements from Colonial and Revolutionary New York and New Jersey. 1st ed. Fordham University Press, 2019. https://doi.org/10.2307/j.ctv7xbrzd.",
"Parker’s New-York Gazette; or, The Weekly Post-Boy",865,7/30/1759,"RUN-AW AY, On Friday the 18th Day o f M ay, from JAMES I. ROSS of the Nine-Partners in Dutchess-County, a Negro Man Named Dick, but sometimes called Martin, speaks good English and Dutch, about Thirty or Thirty-three years of Age, a middling tall slim Negro; had on when he went away, a woolen check Shirt, and took with him a linnen check Shirt, a purple blue napt Jacket, lined with yellow Flannel, a Pair of Linnen Trousers; and took with him a Pair of Check Trousers, a Pair of black and white Stockings, a Thread of white and a Thread of Black twisted together, a Pair of grey Stockings, a great Coat of a Yellowish Brown, and a worsted Cap:—Whoever takes and secures said Negro, so that his Master may have him again, shall have THREE POUNDS Reward, and all reasonable Charges paid, by Dutchess-County, May 18, 1759. JAMES I. ROSS.","Hodges, Graham Russell Gao, and Alan Edward Brown, eds. “Pretends to Be Free”: Runaway Slave Advertisements from Colonial and Revolutionary New York and New Jersey. 1st ed. Fordham University Press, 2019. https://doi.org/10.2307/j.ctv7xbrzd.",
"Parker's New-York Gazette; or, The Weekly Post-Boy",868,8/20/1759,"Run away on the 6th Instant, from Joshua Hatfield, of the White Plains, in West-chester County, Province of NewYork, a negro man named Will; he is about 26 Years of Age, thin visag’d, and slim Bodied;— Had on when he went away, a home-spun Jacket, of different colours, but may change his Cloaths perhaps, and talks good English.whoever takes up said negro, and will secure him so that his master may have him again, or will bring him to Capt. Abraham Hatfield, or Dr. Graham, of the White-Plains aforesaid, shall receive, if taken within Twelve miles of the said Plains, 16 Shillings, and if farther, 40 Shillings Reward, and all reasonable Charges paid by me Joshua Hatfield. N.B. All masters of Vessels, or Captains of Privateers are here by forwarned from carrying off said Negro, as they may expect to answer the same at their Peril.","Hodges, Graham Russell Gao, and Alan Edward Brown, eds. “Pretends to Be Free”: Runaway Slave Advertisements from Colonial and Revolutionary New York and New Jersey. 1st ed. Fordham University Press, 2019. https://doi.org/10.2307/j.ctv7xbrzd.",
"Parker’s New-York Gazette, or, The Weekly Post-Boy",869,8/27/1759,"Run away from Dennis Hicks, of Phillipsbourg, in W estchester County and the Province of New York, a mulatto man named Bill, aged about 20 years. Had on a brown Camblet waistcoat without sleeves and one Camblet ditto lined with silk, a pair of new blue stockings,a pair of new shoes, a pair of Leather Breeches and old Trousers, and one pair of striped ditto, a coarse felt hat stitched around the brim with white yam. he has a long sharp nose with a black Mole on the Right side of his face near his Nose; has very large Ears, speaks good English and pretends to be free, he says that he has a White Mother and was born in New England. He is of middle size and has a thin visage with his hair cut off. All persons are forbid to harbour him and all masters of vessels are forbid to carry him off, as they will answer it at their peril. Forty shillings reward for securing him in any gaol, or bringing him to me so that I may have him again, and reasonable charges paid by Dennis Hicks. N.B. This fellow was advertised in the New York papers on the 5th of June, and in Newhaven the 11th of June, and was afterwards taken up in Waterbury, and was put into Litchfield gaol and from thence he was brought to Bedford, and there made his escape from his master again. Those who apprehend him are desired to secure him in Irons. He was taken up by Moses Foote of North Waterbury in New-England. It is likely he will change his clothes as he did before. The Mole above mentioned is something Long.","Hodges, Graham Russell Gao, and Alan Edward Brown, eds. “Pretends to Be Free”: Runaway Slave Advertisements from Colonial and Revolutionary New York and New Jersey. 1st ed. Fordham University Press, 2019. https://doi.org/10.2307/j.ctv7xbrzd.",
"Parker’s New-York Gazette; or, The Weekly Post-Boy",874,10/1/1759,"Run away from the subscriber, living at the great Nine Partners in Dutchess County, a negro man named Jack Green, about 5 feet 8 inches high, well made and a strong fellow: Had on when he went away, a blue Jacket and Check Trousers. Whoever takes up and secures the said negro so that his master may have him again, shall receive Twenty Shillings reward and all reasonable charges paid by Joel Gillet. N.B. He took a dark Bay Horse with him.","Hodges, Graham Russell Gao, and Alan Edward Brown, eds. “Pretends to Be Free”: Runaway Slave Advertisements from Colonial and Revolutionary New York and New Jersey. 1st ed. Fordham University Press, 2019. https://doi.org/10.2307/j.ctv7xbrzd.",
"Parker’s New-York Gazette; or, The Weekly Post-Boy",874,10/1/1759,"Run away on Wednesday the 26th of September last, from Captain Thomas Davies of the City of New-York, a mulatto wench named Fanny, with her young child about 8 months old, the said Wench is pretty tall and had on when she went away a red and white striped Cotten Gown, a striped blue and white Petticoat, and a Cap without any Border: Whoever takes up the said Wench and brings her to the said Thomas Davies at the sign of the Harlequin at the Whitehall Slip, shall have Twenty Shillings reward and all reasonable charges paid by Thomas Davies. October 1, 1759.","Hodges, Graham Russell Gao, and Alan Edward Brown, eds. “Pretends to Be Free”: Runaway Slave Advertisements from Colonial and Revolutionary New York and New Jersey. 1st ed. Fordham University Press, 2019. https://doi.org/10.2307/j.ctv7xbrzd.",
"Parker’s New-York Gazette; or, The Weekly Post-Boy",881,11/19/1759,"Run away on the 29th day of October from Richard Barnes of Harrison’s Purchase in W est-Chester County and the Province of New York, a negro man named Peter, but he may perhaps change his name, he is about 26 years of age, is short and well set, has had the Small-pox but had it easy and turns his Toes within as he Walks, he is a fine bold sulking Fellow. Had on when he went away a good Felt Hat, a new Woolen Jacket of a dark Colour almost new and an old Bearskin Jacket under it, one or two Shirts and a pair of Wollen Britches and one Pair of blue Stockings, but it is very likely he may Change his Apparell. Whoever takes up the said negro so that his Master may have him again shall have Twenty Shillings reward if taken within 20 miles, and Forty Shillings if taken farther off paid by me, Richard Barnes. N.B. It is supposed he will go either to the army or sea; therefore all Captains of Vessels are forbidden to carry him off at their Peril.","Hodges, Graham Russell Gao, and Alan Edward Brown, eds. “Pretends to Be Free”: Runaway Slave Advertisements from Colonial and Revolutionary New York and New Jersey. 1st ed. Fordham University Press, 2019. https://doi.org/10.2307/j.ctv7xbrzd.",
"Parker's New-York Gazette; or, The Weekly Post-Boy",889,12/31/1759,"New-York, December 31, 1759, RUN-AWAY, from Charles Lewis, of the City of New-York, Mariner, the 20th Instant, a negro fellow named Harry, about 5 feet nine Inches high: Had on when he went away, an old green Jacket, and a white one under it, wore a Cap, and Woolen ribb’d Stockings, and had an Iron Collar round his neck, which is not visible without examination. Whoever takes up said Negro Fellow and secures him so that his Master may have him again, shall receive Twenty Shillings reward, and all reasonable Charges paid, by CHARLES LEWIS.","Hodges, Graham Russell Gao, and Alan Edward Brown, eds. “Pretends to Be Free”: Runaway Slave Advertisements from Colonial and Revolutionary New York and New Jersey. 1st ed. Fordham University Press, 2019. https://doi.org/10.2307/j.ctv7xbrzd.",
"Parker's New-York Gazette; or, The Weekly Post-Boy",894,2/18/1760,"Run away on Friday the Eighth of February inst. From John Sebastian Stephany, Chymist, a Negroe Man, named Pompey, he had a wooden Leg on when he went away, a white Coat, an Ozenbrigs Shirt, tow Cloth Trowsers: Whoever takes up the Said Negroe, and brings him to his said Master, shall have Twenty Shillings Reward, paid by JOHN SEBASTIAN STEPHANY. N.B. He inclines to go to Sea, all Masters of Vessels are forbid to carry him away, as they shall answer it at their Perril.","Hodges, Graham Russell Gao, and Alan Edward Brown, eds. “Pretends to Be Free”: Runaway Slave Advertisements from Colonial and Revolutionary New York and New Jersey. 1st ed. Fordham University Press, 2019. https://doi.org/10.2307/j.ctv7xbrzd.",
"Parker's New-York Gazette; or, The Weekly Post-Boy",898,3/17/1760,"New-York, M arch 17, 1760. Saturday Evening Run-away from on Board the Snow Sadler, a Negroe Boy named Glasgow, aged about 18 Years, has got several Cuts in his Forehead, has a very clumsy Walk, and talks very broken English: Had on when he went away, a blue great Coat, a plain white Swan-skin Jacket, a pair of Trowsers, a pair of light blue Stockings joined in the Middle, and new pair of Shoes. W hoever takes up the said Boy, and brings him to his Master, shall have a Reward of THREE POUNDS, and all reasonable Charges paid by Captain W ILLIAM FITZHERBERT, now living at the New-Dock. N.B. All House-Keepers and Masters of Vessels are forbid to harbour the said Boy, for if they do, they may depend on being prosecuted according to Law.","Hodges, Graham Russell Gao, and Alan Edward Brown, eds. “Pretends to Be Free”: Runaway Slave Advertisements from Colonial and Revolutionary New York and New Jersey. 1st ed. Fordham University Press, 2019. https://doi.org/10.2307/j.ctv7xbrzd.",
"Parker’s New-York Gazette; or, The Weekly Post-Boy",901,4/14/1760,"FLUSHING, on LONG-ISLAND, March 30, 1760. RUN­ AWAY from Barnabus Ryder a Negro Man named Caesar, aged about 25 Years, this country born, he is not a right Black, has a little of the Yellowish Cast, a pretty lusty Fellow, Talks good English, but Stutters a little in common, and if frightened he stutters very much; He is Remarkable for losing one of his Fore Teeth: Had on when he went away a light colour’d Devonshire-kersy Coat, a Soldiers Red Jacket, Breeches and Hat, a pair of old Shoes. Whoever takes upon the said negro Man and bring him to his said Master, shall have 40 Shillings Reward, and all reasonable Charges paid, by BARNABUS RYDER, now living at Flushing. N.B. All House-keepers and Masters of Vessels are forbid to harbour said Negro Man; if they do, they may depend on being Prosecuted according to Law.","Hodges, Graham Russell Gao, and Alan Edward Brown, eds. “Pretends to Be Free”: Runaway Slave Advertisements from Colonial and Revolutionary New York and New Jersey. 1st ed. Fordham University Press, 2019. https://doi.org/10.2307/j.ctv7xbrzd.",
The Pennsylvania Gazette (Philadelphia),1644,6/26/1760,"U pper-Freehold, June 16, 1760 Runaway from the subscriber, last night, a Negroe Man, named Abraham, aboput five feet ten inches high, 21 years of age and of a very black Colour: Had on when he went away, a brown Jacket, with Pewter Buttons, a half worn Felt Hat, one Pair of half worn Shoes, and one pair of Worsted Stockings. He also took with him two Pair of Trowsers, four Shirts, one pair of Cotton Stockings and one Crape Neckcloth. Whoever takes up and secures said Negro so that his Master may have him again, shall have Forty Shillings reward, and reasonable charges paid by me. John Cox.","Hodges, Graham Russell Gao, and Alan Edward Brown, eds. “Pretends to Be Free”: Runaway Slave Advertisements from Colonial and Revolutionary New York and New Jersey. 1st ed. Fordham University Press, 2019. https://doi.org/10.2307/j.ctv7xbrzd.",
"Parker’s New-York Gazette; or, The Weekly Post-Boy",912,6/30/1760,"Run away on Friday the 6th of June, from Roger Barnes, a negro boy named Tom, aged 14 or 15 years, born in NewYork, pretty black. Had on when he went away a felt hat, an Osnabrigs shirt and trousers, deep blue broad cloth jacket, the Fore-parts lined in two Colours, red and brown cloth, with white Buttons. Whoever takes up the said negro so that his Master may have him again shall receive Forty Shillings reward and all reasonable charges paid by Roger Barnes. N.B. All persons are forbid to harbour said negro.","Hodges, Graham Russell Gao, and Alan Edward Brown, eds. “Pretends to Be Free”: Runaway Slave Advertisements from Colonial and Revolutionary New York and New Jersey. 1st ed. Fordham University Press, 2019. https://doi.org/10.2307/j.ctv7xbrzd.",
The New York Mercury,416,8/4/1760,"Run-Away from the Subscriber living at Bergen in NewJersey on Wednesday the 30th of July, a Negro fellow named Robin, about 25 years of age, five feet 8 inches high, and speaks good Dutch and English, this Country bom, is a slim yellow Fellow and had a down look: Had on when he went away, a blue Cloth Jacket and Tow Trowsers. Whoever takes up and secures said Fellow, if in New York, shall have Forty Shillings, and if out of the Province of New York, Three Pounds and all reasonable charges paid by Thomas Brown in New-York or George Codiments. N.B. All Masters of Vessels and others are forbid to carry him off or harbour him.","Hodges, Graham Russell Gao, and Alan Edward Brown, eds. “Pretends to Be Free”: Runaway Slave Advertisements from Colonial and Revolutionary New York and New Jersey. 1st ed. Fordham University Press, 2019. https://doi.org/10.2307/j.ctv7xbrzd.",
"Parker's New-York Gazette; or, The Weekly Post-Boy",931,11/6/1760,"Run away from John Waddell the 6th Instant, a negro man named Charles, about 24 years old, a likely middle fine Fellow, talks good English, this Country born; he formerly belonged to Colonel Moore, is well known in town and in Harlaem, and was seen last Saturday night in Harlaem. Whoever takes up said negro and brings him to his master shall have Five Pounds reward paid by John Waddell. N.B. He reports that he is a free negro and has a Counterfeit pass or Certificate, in order to induce any Commander of a vessel to take him off.","Hodges, Graham Russell Gao, and Alan Edward Brown, eds. “Pretends to Be Free”: Runaway Slave Advertisements from Colonial and Revolutionary New York and New Jersey. 1st ed. Fordham University Press, 2019. https://doi.org/10.2307/j.ctv7xbrzd.",
"Parker's New-York Gazette; or, The Weekly Post-Boy",933,11/20/1760,"Forty Dollars reward and all reasonable charges shall be paid to any person that secures and brings to William Kelly of the City of New York, merchant, a negro man named Norton Minors who ran away from his masters, Messrs. Bodkin and Farrall on the Island of St. Croix, on the first Day of July last; is by trade a Caulker and Ship Carpenter, has lived at Newbury in New England, was the property of Mr. Mark Quayne, who sold him to Mr. Craddock at Nevis, from whom the above gentlemen bought him about three years ago, is about five feet eight inches high, aged about 37, speaks English, reads and writes, and is a very sensible fellow.","Hodges, Graham Russell Gao, and Alan Edward Brown, eds. “Pretends to Be Free”: Runaway Slave Advertisements from Colonial and Revolutionary New York and New Jersey. 1st ed. Fordham University Press, 2019. https://doi.org/10.2307/j.ctv7xbrzd.",
"Parker's New-York Gazette; or, The Weekly Post-Boy",940,1/8/1761,"New-York, December 24, 1760, Ran away the 24th of September last, from John Mersereau, Carpenter, of StatenIsland, a Negro Man named Hank, aged about 25 Years, five Feet, seven Inches high, is partly black, and has a Hair Mole, on his right Cheek; he speaks better Dutch than English, had on a brown homespun Cloth Coat, full made, and a pair of Trowsers:—He formerly belonged to one Mr. LeRoux, and also to one Mr. Campbell, both of Tapan, in Bergen County, and it is strongly suspected that he is still lurking or concealed either at Tapan or Kakeat, in the said County. Whoever takes up, and secures the said Negro, so that his Master may have him again, shall have FIVE POUNDS Reward, and all reasonable Charges. And if any One will give certain Intelligence of his being entertained or concealed so that the Offender may be brought to justice, He shall have FIFTEEN POUNDS Reward, upon Conviction, besides all reasonable Charges, paid by JOHN MERSEREAU.","Hodges, Graham Russell Gao, and Alan Edward Brown, eds. “Pretends to Be Free”: Runaway Slave Advertisements from Colonial and Revolutionary New York and New Jersey. 1st ed. Fordham University Press, 2019. https://doi.org/10.2307/j.ctv7xbrzd.",
The New-York Gazette (Weyman’s),108,2/16/1761,"RUN AWAY from the Subscriber, on the 20th of December last, a Negro or Mulatto Man Servant, aged about 28 Years, named Mark Edward, bom near Byram River, in the County of Westchester; a well set Fellow, near six Feet high, talks good English, plays well on a Fiddle, calls himself a free Fellow, goes commonly with his Head shaved, hath two Crowns on the top of his Head, small black specks or moles in his Eyes, with a scar near the middle of his Breast, and a mole on his left Breast. Had on when he went away, a good pair of Leather Breeches, a blue Broadcloth Jacket, a red Jacket under it without sleeves, a good Beaver Hat. Whoever takes up and secures said Fellow, shall have FIVE POUNDS New-York Money Reward, and all reasonable Charges paid, by me ABNER SMITH, of New-Haven, in the Colony of Connecticut. N.B. All House-keepers, and Masters of Vessels, are hereby forbid to harbour, conceal, or carry off said Fellow, as they may depend on being prosecuted according to Law. ABNER SMITH","Hodges, Graham Russell Gao, and Alan Edward Brown, eds. “Pretends to Be Free”: Runaway Slave Advertisements from Colonial and Revolutionary New York and New Jersey. 1st ed. Fordham University Press, 2019. https://doi.org/10.2307/j.ctv7xbrzd.",
"Parker’s New-York Gazette; or, The Weekly Post-Boy",947,2/26/1761,"Run away on Sunday Evening the first of February, a Molatto Wench named Suck, aged about 20 Years, formerly belonging to Boshirks, Had on when she went off a Homespun Short Gown with different coloured Stripes, a Blue and white Handkerchief, a quilted petticoat, one side Light coloured the other side Black, with white Woollen Stockings; a short, and inclining to fat Wench. Likewise Run away on Monday February the 16th, a Negro Man named Prince, had on when he went off a Brown Bearskin Pea Jacket Double Breast Lapel, lined with light coloured Cloth, a short Double Breasted Red W aistcoat Brass Buttons, a pair of Cloth Breeches, Olive Colour, Red Puffs and Button-Holes, 5 Foot 10 Inches high, straight, much pitted with the small Pox, late belonging to the Widow Phillips, brought up at West-Chester. Whoever takes up either of the said Negroes, so that their Masters may have them again, shall have Three Pounds for either of them if taken in the Country, and Thirty Shillings if taken in Town for either, and all reasonable Charges paid, by Capt. HUNTER and Capt. SAMUEL BAYARD.","Hodges, Graham Russell Gao, and Alan Edward Brown, eds. “Pretends to Be Free”: Runaway Slave Advertisements from Colonial and Revolutionary New York and New Jersey. 1st ed. Fordham University Press, 2019. https://doi.org/10.2307/j.ctv7xbrzd.",
"Parker’s New-York Gazette; or, The Weekly Post-Boy",963,6/18/1761,"RUN AWAY, on Tuesday the 9th Inst, from the Subscriber, living at Turtle-Bay, a Mulatto Wench named Lens, 17 Years old, can speak good Dutch and English, and sings a good Song; is a handsome Wench, and may pass for a free person, as she is very well featured all but her nose, and lips, which are thick and flat, has long black curld hair and a mould on her face: Had on when she went away a homespun Josey and Pettycoat, but no shoes nor stockings. Whoever takes up and secures said wench on the Island of New-York, so that she may be had again, shall have Forty Shillings Reward, and if in another Government, Three Pounds paid by DAVID DEVORE, N.B. All Persons are forbid to harbour or entertain said W ench at their peril. Likewise, all Masters o f Vessels are forbid to carry her off.","Hodges, Graham Russell Gao, and Alan Edward Brown, eds. “Pretends to Be Free”: Runaway Slave Advertisements from Colonial and Revolutionary New York and New Jersey. 1st ed. Fordham University Press, 2019. https://doi.org/10.2307/j.ctv7xbrzd.",
"Parker’s New-York Gazette; or, The Weekly Post-Boy",968,7/23/1761,"RUN AWAY from JAMES BERNARD, Inn-holder at the King’s Bridge, A Negro Man, named Windsor, About 23 Years of Age, short Stature, full faced, with Blotches in his Face, and walks bow-legged: Had on when he went away, a brown Frock Livery Coat with yellow Collar and Button­ holes, white Shirt, and Waistcoat, black Shag Breeches, speckled Stockings, new Shoes, a Gold lac’d Hat, and had with him a new Beaver Hat. Whoever takes up and secures said Slave in the Work-house in New-York, shall have Twenty Shillings Reward. All Masters of Vessels and others, are warned not to harbour, conceal, or carry off the said Negro, as they will answer it at their peril.","Hodges, Graham Russell Gao, and Alan Edward Brown, eds. “Pretends to Be Free”: Runaway Slave Advertisements from Colonial and Revolutionary New York and New Jersey. 1st ed. Fordham University Press, 2019. https://doi.org/10.2307/j.ctv7xbrzd.",
"Pennsylvania Journal, and the Weekly Advertiser, (Philadelphia)",976,8/20/1761,"Run-away from the Subscriber a Negro Man named Quaco about five feet eight inches high, marked in the Face with sundry short strokes: Had on when he went away an old Light coloured Coat, old torn shirt, a white Pair of Trowsers, a pair of new shoes, with a Pair of brass Buckles in it, and a Pair of light coloured yarn Stockings: The said Negro had an iron Collar with two Hooks to it, round his neck, a pair of Hand-cuffs with a chain to them, six Feet long. Whosoever takes up said Negro and confines him to any Gaol, or conveys him to his Master shall have Forty Shillings Reward and all Necessary charges paid by me Joseph Carver. N.B. It is supposed that he will make for Philadelphia, for he was taken from thence the 11th Instant. The Negro talks broken English. He is a of a black complexion, and a lusty fellow. All persons are forbid harbouring said Negro, if they do, they must expect penalty of the Law. Please to enquire for the Owner at Daniel Cooper’s Ferry.","Hodges, Graham Russell Gao, and Alan Edward Brown, eds. “Pretends to Be Free”: Runaway Slave Advertisements from Colonial and Revolutionary New York and New Jersey. 1st ed. Fordham University Press, 2019. https://doi.org/10.2307/j.ctv7xbrzd.",
The New-York Gazette (Weyman’s),145,10/13/1761,"RUN away on the 4th of September, from Elias Wood, of Elizabeth-Town, in New-Jersey, a Negro Man named ROBIN, formerly lived with John Zobriskey, at Hackensack, and lately at James Johnston’s, on StatenIsland, used to go in his Ferry-Boat: He is a middling tall strait-lim b’d Fellow, M ark’d with the Small-pox, yellow Complexion, long curl’d Hair, a little Dutchified. Whoever secures him in any of his Majesty’s Gaols, so that his Master may have him again, shall have EIGHT DOLLARS Reward, and all reasonable Charges paid. (It’s supposed he has taken a Canoe out of Bown-Creek) N. B. All Masters of Vessels and others, are forbid carrying off said Servant.","Hodges, Graham Russell Gao, and Alan Edward Brown, eds. “Pretends to Be Free”: Runaway Slave Advertisements from Colonial and Revolutionary New York and New Jersey. 1st ed. Fordham University Press, 2019. https://doi.org/10.2307/j.ctv7xbrzd.",
"Parker’s New-York Gazette; or, The Weekly Post-Boy",993,1/14/1762,"Run away the 4th instant from David Anderson of North Castle, in New York Government, a Negro Man Servant named Tom, 28 years of age, 5 feet 6 inches high, or there about; well built, and very Square broad Shoulders, has a Scar on the right side of his Nose, another under his left Eye, also one on the left side of his Head, plain to be seen, given to him by a Horse as he says, speaks good English and Low Dutch, is a very artful and insinuating Fellow, and plays on the fiddle, had on when he went away, an old sail Hat, blue Jacket, red Great Coat, blue breeches with trowsers over them, tow shirt, white yarn stockings, old Shoes and large Brass Buckles: Whoever apprehends him and brings him to his aforesaid Master, or secures him in any of his Majesty’s Gaols so that his Master may have him again, shall have Twenty Shillings reward, and all necessary charges paid by David Anderson. N.B. All persons are forbiden to harbour the above said negro at their peril.","Hodges, Graham Russell Gao, and Alan Edward Brown, eds. “Pretends to Be Free”: Runaway Slave Advertisements from Colonial and Revolutionary New York and New Jersey. 1st ed. Fordham University Press, 2019. https://doi.org/10.2307/j.ctv7xbrzd.",
The Pennsylvania Gazette (Philadelphia),1739,4/22/1762,"Run away from the Subscriber hereof, on Thursday the 8th of April inst, a Negroe lad named Moses, about 18 years of age, born at Trenton, in East Jersey: Wore (when he went away from my home in Oxford Township in the County of Philadelphia) a striped Lincey inside Jacket, without any sleeves, a Buckskin outside Jacket, an old Felt Hat, a light coloured Pair of Cloth breeches pretty much worn, a Pair of old Shoes, an old Pair of greyish Stockings and plain Brass Buckles; he has also a remarkable scar across the Toes of his left foot. Any Person or Persons who will apprehend the said Negroe lad, and have him secured, so that the Owner may have him again, shall have Forty Shillings Reward, and all reasonable charges paid by me George Keen.","Hodges, Graham Russell Gao, and Alan Edward Brown, eds. “Pretends to Be Free”: Runaway Slave Advertisements from Colonial and Revolutionary New York and New Jersey. 1st ed. Fordham University Press, 2019. https://doi.org/10.2307/j.ctv7xbrzd.",
"Parker’s New-York Gazette; or, The Weekly Post-Boy",1008,4/29/1762,"Five pounds reward, run away on Monday the 12th instant from me the subscriber, a Mulatto Servant man named Charles, and known by the name of Charles Roberts, or German. He is a likely well set Fellow, 28 or 30 years of age, and about 5 feet 6 inches high, and has had the SmallPox. He has a Variety of Clothes, some of them very good, and effects to dress very neat and genteel, and generally wears a Wig. He took with him two or three Coats or Suits, a dark brown or Chocolate coloured Cloth coat, pretty much worn, a dun or Dove coloured cloth, or fine Frize, but little worn, and a light blue grey Summer Coat of Grogam, Camblet, or some such stuff, a Straw coloured Waistcoat, edged with a Silver Cord, almost new; and several other Waistcoats, Breeches, and Pair of Stockings; a blue Great Coat, and a Fiddle. His behavior is excessively complaisent, obsequious, and insinuating; he speaks good English smoothly and plausibly, and generally with a cringe and a smile, he is extremely artful, and ready at inventing specious pretences to conceal villanous Actions or Designs. He plays on the Fiddle, can read and write tolerably well, and understands a little of Arithmetic and Accounts. I have reason to believe some evil minded Persons in town have encouraged and been Accomplices in his villanous Designs; it is probable he will contrive the most specious forgeries to give him the appearance of a free man: I have already been informed of a Writing he has shown for that Purpose and by which means he has imposed upon many people; who may all be easily satisfied he has no legal claim to freedom, even from slavery, nor any pretence, but by the very law which he is my servant for 40 years, as the record of the court at New Haven will witness. At that place where the former Owner of the said Slave lived, he was guilty of various Crimes and Felonies, for which he was several times publickly whipped, and only escaped the Gallows by want of Prosecution. When he became my servant I intended to have him shipped to the West Indies and sold him there, and kept him in prison till I should get an Opportunity, but on his earnest request solemn Promises of his Good Behavior, and seeming Penitence I took him into my Family upon trial, where for a Time he behaved well and was very servicable to me. Decieved by his seeming Reformation, I placed some Confidence in him, which he has villanously abused; having embezzled Money sent him to pay for Goods, borrowed money and taken up goods in my Name unknown to me, and also put on his own Account, pretending to be a Freeman. By this villanous proceeding I suppose he has collected a considerable Sum of Money; I am also apprehensive that he has been an Accomplice in some of the late Robberies commited in and near this City. Whoever will take up the said Servant and bring him to me or secure him in some of his Majesty’s Gaols so that I can have him again, if taken up in the City of New York shall have Five Pounds reward and greater, if taken up at a greater Distance. Any persons who take him up are desired to be careful and to bring him before the Magistrate, and have him well searched, leaving all the Money and Goods found upon him except the necessary he has on in the Hands of the Magistrate, and to be very watchful against an Escape, or being deceived by him, for he is one of the most artful of Villains. John Holt.","Hodges, Graham Russell Gao, and Alan Edward Brown, eds. “Pretends to Be Free”: Runaway Slave Advertisements from Colonial and Revolutionary New York and New Jersey. 1st ed. Fordham University Press, 2019. https://doi.org/10.2307/j.ctv7xbrzd.",
"The Pennsylvania Journal, and the Weekly Advertiser (Philadelphia)",1021,7/1/1762,"July 1, 1762 Run-away from Moore Furman of Trenton on Saturday last, a Negro Man named Harry, he appears to be about 20 years of age, speaks low but proper and can read English, is about 5 feet 9 inches high, and slender made, stoops a little, or rather hangs his Head looks down and suspicious when he is spoke to; his Leggs are small and his Feet appear flatter than common tho’ not large and when he walks turns his toes out pretty much and walks heavy; he had on when he went away, an old Bearskin Jacket much patched and mended, an Ozenbrig Shirt and Trowsers, but he has a Change of summer Cloathes with him chiefly made of fagoty or fustian of a pale yellow or snuff Colour, he may alter his Dress. Whoever takes up and secures said Negroe so that his Master may have him again, or will deliver him to the subscriber in Philadelphia, shall receive a reward of Forty Shillings and be paid all reasonable charges by Robert Lettis Cooper, jun. N.B. He is not been used to hard labour.","Hodges, Graham Russell Gao, and Alan Edward Brown, eds. “Pretends to Be Free”: Runaway Slave Advertisements from Colonial and Revolutionary New York and New Jersey. 1st ed. Fordham University Press, 2019. https://doi.org/10.2307/j.ctv7xbrzd.",
"The New-York Gazette; or, The Weekly Post-Boy",1018,7/8/1762,"Second River, June 30, 1762. Run away from his Master a negro man named Frank, tall, slim, had on when he went away; a Tow shirt and Trousers, bare foot and bare legged, has a Scar on his Upper Lip, from his Nose downwards: Whoever takes up the said negro, and secures him, so that his Master may have him again shall have Forty Shillings reward, and all reasonable charges paid by John Kingsland.","Hodges, Graham Russell Gao, and Alan Edward Brown, eds. “Pretends to Be Free”: Runaway Slave Advertisements from Colonial and Revolutionary New York and New Jersey. 1st ed. Fordham University Press, 2019. https://doi.org/10.2307/j.ctv7xbrzd.",
"The New-York Gazette; or, The Weekly Post-Boy",1024,8/19/1762,"New York, A ugust 19, 1762. RUN away from the Subscriber, on Tuesday the 27th instant, a French Negro Man, about 30 Years of Age; speaks pretty good English of a short Stature yellow Complection, and has had the Small Pox, and doubtless will pretend to be a free Man.— Had on when he went away a Light colour’d cloth pair of breeches and Jacket with flash Sleeves, a Pair of long striped Trowsers, a Check Shirt with Chitterstrings, and wears Wings in his Ears: W hoever takes up and secures said Negro, so that his Master may have him again, shall have Forty Shillings Reward, and all reasonable Charges paid by BENJAMIN HALSTED.","Hodges, Graham Russell Gao, and Alan Edward Brown, eds. “Pretends to Be Free”: Runaway Slave Advertisements from Colonial and Revolutionary New York and New Jersey. 1st ed. Fordham University Press, 2019. https://doi.org/10.2307/j.ctv7xbrzd.",
"The New-York Gazette; or, The Weekly Post-Boy",1025,8/26/1762,"RUN away on Sunday Evening the 22d Instant, from Mrs JANE DURHAM, a Negroe Fellow nam’d TOM, about five Feet and a Half, of a black Complexion; had on when he went away a light brown Sagathee Coat, crimson Waistcoat and Breeches, a pair of light grey Stockings, white Shirt and Felt Hat, he formerly lived at Chariss Hunt’s, at Eastchester, where it is supposed he is gone to: he took with him a Violin, as he play’s on it: Whoever takes up said Negro and secures him, so that his Mistress may have him again, shall receive FIVE POUNDS Reward, and all reasonable Charges paid. All Persons are forwarned harbouring or entertaining him: and all Masters of Vessels are forbid carrying him off, as they shall answer at their Peril. JANE DURHAM.","Hodges, Graham Russell Gao, and Alan Edward Brown, eds. “Pretends to Be Free”: Runaway Slave Advertisements from Colonial and Revolutionary New York and New Jersey. 1st ed. Fordham University Press, 2019. https://doi.org/10.2307/j.ctv7xbrzd.",
The Pennsylvania Gazette (Philadelphia),1759,9/9/1762,"Run away from James Smith of Burlington, on the 3rd of this Inst. September; a Mullato Servant Man, named Jack, or John Johnson, about 24 Years of age; he had a bushy head of Hair, stoops as he walks, splaw footed: Had on when he went away, a light colour’d Home-spun Coat and Linen Jacket, with black Glass Buttons, light Fustian Breeches, or else blue Cloth ones, Ozenbrigs shirt, Worsted Stockings, good Pumps, with carved Brass Buckles in them. He formerly lived with Joseph Biddle of Springfield. He ran away on the 16th of June last and was committed to Chester Gaol. Any Person that takes him up and confines him in any Gaol, and send Word to his Master, shall have Three Pounds Reward and reasonable Charges, paid by James Smith. N.B. He has old indentures and other Papers with him that he may impose upon the Public with. It is supposed he wants to get on board a Privateer or some other Vessel. All Masters of Vessels are requested not to carry him off.","Hodges, Graham Russell Gao, and Alan Edward Brown, eds. “Pretends to Be Free”: Runaway Slave Advertisements from Colonial and Revolutionary New York and New Jersey. 1st ed. Fordham University Press, 2019. https://doi.org/10.2307/j.ctv7xbrzd.",
"The New-York Gazette; or, The Weekly Post-Boy",1027,9/9/1762,"RUN away from the Subscriber, living at Egg Harbour, in the County of Gloster, and Province of New-Jersey, the 23d of August, a Mulatto Servant Man named JAMES, about 27 Years of Age, he is a short well set Fellow, speaks good English, with remarkable bushy Hair; had on when he went off, an Oznabrigs Shirt, Tow Trowsers and Frock; he also took with him a handsome Dog: Whoever takes up said Servant and gives Intelligence, or secures him in any of his M ajesty’s Gaols, so that his Master may have him, shall have FIVE POUNDS Reward, and all reasonable Charges paid by me RICHARD WESCOT.","Hodges, Graham Russell Gao, and Alan Edward Brown, eds. “Pretends to Be Free”: Runaway Slave Advertisements from Colonial and Revolutionary New York and New Jersey. 1st ed. Fordham University Press, 2019. https://doi.org/10.2307/j.ctv7xbrzd.",
"The New-York Gazette; or, The Weekly Post-Boy",1027,9/9/1762,"New-York, Sept. 9, 1762. RAN away the 8th inst. a Negro Man named Jack, alias Salem, a short sett Fellow, a little lame on his right Foot, speaks good English, had on, when he went away, a blew Surtout Coat with yellow Buttons, black knit Breeches, black Stockings, and a Check-Shirt: Whoever brings said Negro to Christopher Heysham, in Kingstreet, shall have Two Dollars Reward if taken within the City, and Five Dollars if taken without, and all necessary Charges paid by said HEYSHAM. N.B. All Persons are forbid harbouring or carrying off said Negro at their Peril.","Hodges, Graham Russell Gao, and Alan Edward Brown, eds. “Pretends to Be Free”: Runaway Slave Advertisements from Colonial and Revolutionary New York and New Jersey. 1st ed. Fordham University Press, 2019. https://doi.org/10.2307/j.ctv7xbrzd.",
"The New-York Gazette; or, The Weekly Post-Boy",1027,9/9/1762,"Taken up, a Runaway. ON Fryday the 27th of last Month was taken up, and is now confined in the Gaol at the City Hall Perth Amboy, a Negro Man who says his name is FRANK, and that he belongs to George Risoer, living at Pompton in East New Jersey. The Master of the said Negro, making his Property appear, may have him, on paying Charges, by applying to the Subscriber, Gaoler of the City Hall at Perth Amboy. JONATHON MILLS. Sept. 7th 1762.","Hodges, Graham Russell Gao, and Alan Edward Brown, eds. “Pretends to Be Free”: Runaway Slave Advertisements from Colonial and Revolutionary New York and New Jersey. 1st ed. Fordham University Press, 2019. https://doi.org/10.2307/j.ctv7xbrzd.",
"The New-York Gazette; or, The Weekly Post-Boy",1029,9/23/1762,"New-York, September 22, 1762. RUN AWAY, ON Tuesday last a Negro Boy, named Jack, 13 or 14 Years of age about 5 Feet high, pretty well set, bom at Martinico and speaks but little English, has something of a down, heavy look, not very Pleasant, and is not much given to talking. He had on a white Shirt, a Pair of black stocking Breeches (perhaps he may have a pair of Trowsers over them) a white Waistcoat next his shirt, above that a lightish brown stuff Waistcoat, with a dirty Silver Cord round the Edges, and no Sleeves, and above that a black Stocking Waistcoat, much too bigg and too long for him, a black silk Neck Cloth and a Castor Hat somewhat worn. He had no Shoes or Stockings. He always carried with him a short Hickory Stick with a ferrel, and a black String; He was seen on Wednesday Morning at the Ferry Stairs: Whoever will bring the Said Runaway to me, or secure him and gives me Notice shall have TWO DOLLARS Reward, and all reasonable Charges paid. All Persons are forbidden to harbour, or entertain him, or carry him out of the province, as they will answer it at their Peril. SAMUEL DEALL.","Hodges, Graham Russell Gao, and Alan Edward Brown, eds. “Pretends to Be Free”: Runaway Slave Advertisements from Colonial and Revolutionary New York and New Jersey. 1st ed. Fordham University Press, 2019. https://doi.org/10.2307/j.ctv7xbrzd.",
"The New-York Gazette; or, The Weekly Post-Boy",1030,9/30/1762,"Tappan, Sept. 26, 1762. RUN away last Sunday Evening, from his Master, in Orange County, Johannes Blauveldt, Blacksmith, a Negro Fellow, named as he says, Adonia, but by us Duca, he is a yellow Complexion, being a mixed Breed, speaks and reads pretty good Low Dutch, and speaks little English: is a very good Black Smith by Trade, and can make Leather Shoes, and do some thing at the Carpenters Trade, is about 5 and a half Feet high, full Faced, black Hair, but cut off about one Inch long, is 20 or 22 Years old, had on, when he went away, homespun Trowsers, Shirt, gray Waistcoat, and Felt Hat; took with him a check Shirt and Trowsers, a white Shirt and a Pair of blue Cloth Breeches, and one home spun Waist Coat, he had been whip’d the day before he went off, which may be seen pretty much on his right side, he pretends to be free, and perhaps will get a Pass for that Purpose: Whoever takes up and secures the said Fellow, so that his Master may have him again, shall have THREE POUNDS Reward, and all reasonable Charges paid by JOHANNES BLAUVELDT N.B. All Masters of Vessels and others are forbid to carry him away.","Hodges, Graham Russell Gao, and Alan Edward Brown, eds. “Pretends to Be Free”: Runaway Slave Advertisements from Colonial and Revolutionary New York and New Jersey. 1st ed. Fordham University Press, 2019. https://doi.org/10.2307/j.ctv7xbrzd.",
"The New-York Gazette; or, The Weekly Post-Boy",1030,9/30/1762,"RUN away from the Hospital in New-York, a negro Man, named Pero, about 19 Years old, had Bobs in his Ears, and a white Jacket, strip’d Trowsers, a Hat, but no Shoes, is a French Negroe from Martinico, can talk but little English, is a handsome Fellow, straight, very polite, has been gone a Fort’night; but has been seen lately in Town: Whoever takes him up, and brings him to the Printer hereof, shall have TEN DOLLARS Reward, and all other Charges paid, by JOHN STEWART. N.B. All Persons are forewarned not to harbour him, and Masters of Vessels not to carry him off.","Hodges, Graham Russell Gao, and Alan Edward Brown, eds. “Pretends to Be Free”: Runaway Slave Advertisements from Colonial and Revolutionary New York and New Jersey. 1st ed. Fordham University Press, 2019. https://doi.org/10.2307/j.ctv7xbrzd.",
The Pennsylvania Gazette (Philadelphia),1764,10/14/1762,"Broke out of the Trenton Gaol, on Monday night, the Fourth of this Instant October, a Negroe Wench, named Venus, formerly the Property of Samuel Stout, junior, in Amwell: Had on when she went away, a Lincey Jacket and Petticoat; she is likely to have round her Head two or three Handkerchiefs. Whoever takes up said Wench, or secures her so that she may be delivered to John Allen, High Sherrif at Trenton, or the Gaol Keeper, shall have Three Pounds Reward, and reasonable charges paid by me, John Allen, High Sherrif, N.B. All Masters of Vessels are forbid to carry her off at their Peril.","Hodges, Graham Russell Gao, and Alan Edward Brown, eds. “Pretends to Be Free”: Runaway Slave Advertisements from Colonial and Revolutionary New York and New Jersey. 1st ed. Fordham University Press, 2019. https://doi.org/10.2307/j.ctv7xbrzd.",
"The New-York Gazette; or, The Weekly Post-Boy",1032,10/14/1762,"RUN AWAY, A Negro Fellow, who answers to the Name of SALVANUS, he is about 22 Years of Age, 5 Feet 4 Inches high, well set, pretty Black and pitted with the Small Pox. His Teeth are filed, he Speaketh broken English, had on when he went away, a Light blue double breasted Jacket, lined white Flannel, a Pair of light colour’d Breeches, and an Oznabrig shirt: He is supposed to be about Town in the Day Time, carrying in Wood for the People, to support himself: Whoever will bring the said Negro to RICHARD WESTON, Bricklayer, in King George Street next Door to Mr. George Peakes, shall receive TEN SHILLINGS Reward.","Hodges, Graham Russell Gao, and Alan Edward Brown, eds. “Pretends to Be Free”: Runaway Slave Advertisements from Colonial and Revolutionary New York and New Jersey. 1st ed. Fordham University Press, 2019. https://doi.org/10.2307/j.ctv7xbrzd.",
"The New-York Gazette; or, The Weekly Post-Boy",1035,11/4/1762,"DUBLIN, A Negro, well known in New-York; the Property of Mr. Roper Dawson, ran away from Staten-Island, the 13th inst. He is about Five Feet high, slender built, has a scar under one of his Eyes, very pert, active, and talkative, speaks English very plain; had on, when he went away, a new Watch Coat of drab Colour, yellow Buttons; check Shirt, a Pair of old Duck Trowsers, plain square Copper Buckles in his Shoes, a broad Gold Lac’d Hat, also a blue Scotch Bonnet: Whoever give Intelligence of, and secures him, shall receive FIVE DOLLARS Reward, and all Charges paid by his Master: New-York, Octob. 20, 1762.","Hodges, Graham Russell Gao, and Alan Edward Brown, eds. “Pretends to Be Free”: Runaway Slave Advertisements from Colonial and Revolutionary New York and New Jersey. 1st ed. Fordham University Press, 2019. https://doi.org/10.2307/j.ctv7xbrzd.",
"The New-York Gazette; or, The Weekly Post-Boy",1038,11/25/1762,"RAN away from the Subscriber, the 14th inst. a lusty well built Negro Fellow, named Pompey, aged 24 Years, his left Legg is a wooden one. Whoever takes up said negro, or secures him in any of his Majesty’s Gaols, so that his Master may have him again, shall receive FIVE DOLLARS, and all reasonable Charges paid by J. SEBASTIAN STEPHANY. Chemist near the New Dutch Church. N.B. All Masters of Vessels, and others, are forbid harbouring, concealing, or carrying off the said Negro, as they shall answer it at their Peril.","Hodges, Graham Russell Gao, and Alan Edward Brown, eds. “Pretends to Be Free”: Runaway Slave Advertisements from Colonial and Revolutionary New York and New Jersey. 1st ed. Fordham University Press, 2019. https://doi.org/10.2307/j.ctv7xbrzd.",
"The New-York Gazette; or, The Weekly Post-Boy",1042,12/23/1762,"New-York, Dec. 21, 1762. Run away from the subscriber, a Negro Man named Joe, about 24 years of age, of a yellow Complection, much Pock-marked, about 5 feet 7 inches high, has something of a down Look, had on when he went away, a brown Coat with red Lining, a red double breasted Vest, a pair of old Thicksett breeches, Felt Hat, is supposed to have gone towards Rariton as he has relations there. Whoever takes up and secures the said negro so that his master may have him again shall have Forty Shillings reward and all reasonable charges paid by Stephen Forman.","Hodges, Graham Russell Gao, and Alan Edward Brown, eds. “Pretends to Be Free”: Runaway Slave Advertisements from Colonial and Revolutionary New York and New Jersey. 1st ed. Fordham University Press, 2019. https://doi.org/10.2307/j.ctv7xbrzd.",
The Pennsylvania Gazette (Philadelphia),1775,12/30/1762,"Run away on the 22nd, of December Inst, from Samuel Parr, of Waterford Township, Gloucester County, WestNew-Jersey, three miles from the new Bridge on Cooper’s Creek, a Negroe Man, named Moses, about five feet three or four inches high: Had on when he went away, a new Cloth upper Jacket, an old red under Jacket and old Leather Breeches. Took with him a Wherry, with Oars and Sail and a Gun. he is Country Bom, about 23 Years of Age, formerly belonging to Standish Ford, and afterward to George Keen, who sold him out of the Workhouse for running away. Whoever takes up said Negroe and brings him to his Master, shall have Three Pounds Reward paid by Samuel Parr. All Masters of Vessels are forbid to carry him off.","Hodges, Graham Russell Gao, and Alan Edward Brown, eds. “Pretends to Be Free”: Runaway Slave Advertisements from Colonial and Revolutionary New York and New Jersey. 1st ed. Fordham University Press, 2019. https://doi.org/10.2307/j.ctv7xbrzd.",
"The New-York Gazette; or, The Weekly Post-Boy",1044,1/7/1763,"Ran away the 22nd instant from Anthony Waters, a negro man named Siro, about five feet two inches high, yellow Complexion, black curl’d Hair and Bow legs; had on when he went away, a brown Coat, green Jacket, Leather Breeches, and blue Stockings, his shoes cut on the top and sew ’d up again. Whoever takes up said servant and brings him to his master or secures him in any o f his m ajesty’s gaols so that his master may have him again, shall receive twenty shillings reward and all reasonable charges paid by Anthony Waters, jr., or Edward Waters.","Hodges, Graham Russell Gao, and Alan Edward Brown, eds. “Pretends to Be Free”: Runaway Slave Advertisements from Colonial and Revolutionary New York and New Jersey. 1st ed. Fordham University Press, 2019. https://doi.org/10.2307/j.ctv7xbrzd.",
"The New-York Gazette; or, The Weekly Post-Boy",1061,3/5/1763,"W ent away on Sunday morning, the 1st day of May instant, from the house of Adam States, a negro woman called Lucretia or Cretia, she is low in stature, has not been long in the country, and speaks broken Dutch and English, she has had the smallpox and is also great with Child: She had on when she went away, a black Petticoat mended or patched on both Sides, a white Apron and a speckled Handkerchief, a blue waistcoat and laced cap with a blue short Cloak: She is very slow in walking and is very black of Complexion: She was entrusted into the Care of the Subscriber to sell, and belongs to the Widow Mary Dauchy, New York. Any person who takes up and secures the said negro woman so that her Mistress or the subscriber may have her again, shall receive three pounds in New York money and all reasonable charges paid by Henry Jacob Pitts. All masters of vessels are hereby forewarn’d not to carry her off as they will answer at their peril.","Hodges, Graham Russell Gao, and Alan Edward Brown, eds. “Pretends to Be Free”: Runaway Slave Advertisements from Colonial and Revolutionary New York and New Jersey. 1st ed. Fordham University Press, 2019. https://doi.org/10.2307/j.ctv7xbrzd.",
"The Pennsylvania Journal, and the Weekly Advertiser (Philadelphia)",1066,5/12/1763,"Run away from Samuel Meeker, a Negro Man, Sampson, about 6 feet 4 inches, aged 24 Years, speaks good English: Had on when he went away two dark colour’d homespun Jackets, Leather Breeches, brown Stockings. Whoever takes up and secures said Negro so that his Master may have him again, shall receive Twenty Shillings Reward and all reasonable charges paid by Samuel Meeker.","Hodges, Graham Russell Gao, and Alan Edward Brown, eds. “Pretends to Be Free”: Runaway Slave Advertisements from Colonial and Revolutionary New York and New Jersey. 1st ed. Fordham University Press, 2019. https://doi.org/10.2307/j.ctv7xbrzd.",
"The New-York Gazette; or, The Weekly Post-Boy",1064,5/26/1763,"Run away from Wilson Hunt, in Maidenhead, near Trenton, a Negro man named Bood, about 30 years of age, five Feet nine Inches high, pretty well set, of a yellowish Complexion; had on a Felt Hat, a dark brown tweil’d Kersey Jacket, a white Flannel Shirt, Leather Breeches, yarn Stockings, and good Shoes. Whoever takes up and secures the said Negro Man in any of his Majesty’s Gaols, or brings him to his said Master shall have, if taken up in the Province of New Jersey, six Pounds, if out of that province, Ten Pounds Reward paid by May 2, 1763. Wilson Hunt. N.B. He is a smooth Tongued Fellow and will endeavour to make his Escape if not well secured.","Hodges, Graham Russell Gao, and Alan Edward Brown, eds. “Pretends to Be Free”: Runaway Slave Advertisements from Colonial and Revolutionary New York and New Jersey. 1st ed. Fordham University Press, 2019. https://doi.org/10.2307/j.ctv7xbrzd.",
"The New-York Gazette; or, The Weekly Post-Boy",1067,6/16/1763,"RUN away, last Night, from Samuel Hallett, of Hallett’s Cove, a Negro Girl, named Phill, belonging to James Neilson, Esq; of New-B runswick, about five Feet high, well made, and pretty Black. Whoever will take up and secure the said Wench, or bring her to said Hallett, or James Abeel, in New-York, or to her said Master, at New-Brunswick, shall receive TWENTY SHILLINGS Reward, and all reasonable Charges, by either of the above mentioned Persons.","Hodges, Graham Russell Gao, and Alan Edward Brown, eds. “Pretends to Be Free”: Runaway Slave Advertisements from Colonial and Revolutionary New York and New Jersey. 1st ed. Fordham University Press, 2019. https://doi.org/10.2307/j.ctv7xbrzd.",
"The Pennsylvania Journal, and the Weekly Advertiser (Philadelphia)",1072,6/23/1763,"Run-away last night from the Ship Sarah, a young Negro Man, named Jack, about 6 feet high, very slim make, a very smooth face, his Eyes bloodshed, is a native of Guadaloupe, formerly belonged to Mr. Penell of that Island, speaks tolerable good English: Had on a brown Fustian Frock trimmed with red, a white Shirt, black Stock, Buckskin Breeches, wears Shoes with Brass Buckles and light blue worsted Stockings, and sometimes white Ditto; he has a green Waistcoat and one the same as his Frock. Whoever brings the said Negro to Messrs. Willing and Morris, or on board the said Ship, shall have Five Pounds reward. Thomas Dixon. N.B. He was at Gloucester all Sunday night. It is supposed he is gone to New-York.","Hodges, Graham Russell Gao, and Alan Edward Brown, eds. “Pretends to Be Free”: Runaway Slave Advertisements from Colonial and Revolutionary New York and New Jersey. 1st ed. Fordham University Press, 2019. https://doi.org/10.2307/j.ctv7xbrzd.",
The New-York Gazette; or The Weekly Post-Boy,1071,7/14/1763,"Run away from Colonel John Read of Fairfield in Connecticut, two mulatto fellows, one named Titus, aged 22, of a middling Stature, longish visage, pale or tawny Complection his hair cut off, plays well on the fiddle, and had one with him, had on a Blue Flannel Coat and pewter buttons, a brown Camblet Vest, Horn Buttons—The other named Daniel, age 16, large of his age, broad face and high Cheek Bones, long black hair, cut off on the top of his head, had on a brown Camblet coat, red lining and white linen, and a mixt colour flannel Vest, both had blue Great Coats, with yellow Metal Buttons and Leather Breeches. Any person that will take and return them to their said master, or secure them so that he might have them shall have Five Pounds New York Money reward or Fifty Shillings for either of them singly, and all needful charges paid. They had a gun with them and a forged pass. Whoever takes them is desired to secure them well, or they will give him the slip, and also to search well for and secure said pass for which two Dollars will be added to the reward. All masters of vessels are forbid to carry them off. John Read. Fairfield, July 7, 1763.","Hodges, Graham Russell Gao, and Alan Edward Brown, eds. “Pretends to Be Free”: Runaway Slave Advertisements from Colonial and Revolutionary New York and New Jersey. 1st ed. Fordham University Press, 2019. https://doi.org/10.2307/j.ctv7xbrzd.",
The New-York Gazette (Weyman’s),240,7/18/1763,"Whereas Isaac Johnson, formerly of the City of New-York, shop-keeper, but late of the Nevesinks, deceased, did by his Will, set at Liberty a Mollatto slave, called Thomas Jackson, and provided Security to render his Manumission effectual; but the Bond for that purpose hath been Destroyed, and an unjust Attempt lately made to sell him at Vendue; which induced certain Persons, from M otives of Humanity, to indemnify the City or Place he may reside in, whereby his Freedom is perfected: These are therefore to caution all persons against purchasing the said Thomas, if he should again be offered to sale. And threats having been Thrown out by Persons claiming the Estate of the said Issac Johnson, that they would dispose of the said Thomas beyond Sea, all Masters of Vessels are prohibited from carrying him off as they will answer it at their Peril, the Persons who have taken him into their Protection being Resolved to procure him Justice. He is about 14 Years of age, five feet high, of a slender Make, bom in this Country, and can read and write.","Hodges, Graham Russell Gao, and Alan Edward Brown, eds. “Pretends to Be Free”: Runaway Slave Advertisements from Colonial and Revolutionary New York and New Jersey. 1st ed. Fordham University Press, 2019. https://doi.org/10.2307/j.ctv7xbrzd.",
"The New-York Gazette; or, The Weekly Post-Boy",1073,7/28/1763,"Run away from the subscriber on Thursday night last, the 21st instant, three new negroes, two men and one woman, the woman talks a little English, is scarified on her face, and had on when she went away an Oznaburgh jersey and Petticoat, with beads round her Arms and Neck, but it is supposed may alter her dress, as she took away several Things marked E, T, H, and others belonging to a negro wench in the House: the men had on Oznaburgh frocks and trousers, and one of them a brown cloth jacket without sleeves; as they are unacquainted with the Country it is probable that they have been enticed away by some evil minded Person or Persons: Whoever discovers and secures said negroes, so that the owner may have them again shall receive a pistole reward for each and all reasonable Charges. And for discovering the offender or offenders so that they may be brought to Justice, a reward of Ten Pounds, and all reasonable charges by applying to the Subscriber in StoneStreet. Peter Hile. New-York, July 26, 1763.","Hodges, Graham Russell Gao, and Alan Edward Brown, eds. “Pretends to Be Free”: Runaway Slave Advertisements from Colonial and Revolutionary New York and New Jersey. 1st ed. Fordham University Press, 2019. https://doi.org/10.2307/j.ctv7xbrzd.",
"The New-York Gazette; or, The Weekly Post-Boy",1073,7/28/1763,"TAKEN UP AND committed to the Gaol in Perth-Amboy, a Black Boy, about 16 Years of Age, with Bushy Hair, not resembling the African Negroes; had on a Check Shirt, and Oznaburgs Trowsers; speaks pretty good English, says he was born in Bombay, in the East Indies; and that he came to New-York from Santa Croix, in the Snow Nancy, Cap. Hind.— As he is taken up upon suspicion of being a Runaway Slave, or Servant: If he is such, his Master by applying to the Gaoler in Amboy aforesaid, and paying the Charges, can have him. Perth-Amboy, July 20, 1763.","Hodges, Graham Russell Gao, and Alan Edward Brown, eds. “Pretends to Be Free”: Runaway Slave Advertisements from Colonial and Revolutionary New York and New Jersey. 1st ed. Fordham University Press, 2019. https://doi.org/10.2307/j.ctv7xbrzd.",
The New-York Gazette (Weyman’s),244,8/15/1763,"RUN away on Saturday last, the 13th August, from the Subscriber, a well set Negro Fellow, named Pompey, about 20 Years of Age, has well made Legs, Scars on his Shins, a thick flat Foot, thick Neck, little Eyes, no Beard, short Fingers, and a Cast on his Hand which is also thick: He is about five Feet 8 Inches high, was bought out of Capt. Richards, and his Name on board was Apollo. Had on a fine Check Shirt, having a white Patch on the Back of it; Linsey Woolsey double-breasted Jacket without Buttons on the Sleeves; a red Cap, long striped Trowsers that has a white Patch on one Thigh, and a Check one on the other; has no Shoes or Stockings, but a coarse bit of Linen for a Neckcloth: He has a Hole in each Ear, and a Resemblance of the Small-pox. All Masters of Vessels and others, are strictly forbid carrying him off, to harbour or conceal him, as they must assuredly answer it in Law. W hoever secures him in any of his M ajesty’s Gaols, so that he may be had again, shall have FIVE POUNDS Reward, with reasonable Charges, paid by, ARTHUR M ‘NEIL.","Hodges, Graham Russell Gao, and Alan Edward Brown, eds. “Pretends to Be Free”: Runaway Slave Advertisements from Colonial and Revolutionary New York and New Jersey. 1st ed. Fordham University Press, 2019. https://doi.org/10.2307/j.ctv7xbrzd.",
"The New-York Gazette; or, The Weekly Post-Boy",1076,8/18/1763,"RUN away, a Negro Man named Tom, born in Jamaica, but last from Havannah, near thirty Years of Age, about 5 Feet ten Inches high, his Eyes set deep in his Head, halts in his Walk, he generally wears a Red Waistcoat, faced with white, other Times a grey Coat faced with Red; speaks the WestIndies Accent and a little Spanish, and pretends to be free. Whoever apprehends and will deliver him to me, at the City Arms, will receive a Reward of Two Pounds. GEORGE BURNS. All Master of Vessels, and others are cautioned against concealing him.","Hodges, Graham Russell Gao, and Alan Edward Brown, eds. “Pretends to Be Free”: Runaway Slave Advertisements from Colonial and Revolutionary New York and New Jersey. 1st ed. Fordham University Press, 2019. https://doi.org/10.2307/j.ctv7xbrzd.",
"The New-York Gazette; or, The Weekly Post-Boy",1076,8/18/1763,"Committed to the Goal in Perth-Amboy, a likely Negro Man, about Six feet high, a Scar on his left Cheek Bone; has on a Pair of Leather Breeches, Flannel Shirt, an old Red Great Coat, says his Name is Daniel: He can give no intelligible Account of his Master, as he cannot speak English. His Master by applying to the Goaler in Amboy aforesaid, proving his property and paying Charges, can have him. Perth-Amboy, August 16, 1763.","Hodges, Graham Russell Gao, and Alan Edward Brown, eds. “Pretends to Be Free”: Runaway Slave Advertisements from Colonial and Revolutionary New York and New Jersey. 1st ed. Fordham University Press, 2019. https://doi.org/10.2307/j.ctv7xbrzd.",
"The New-York Gazette; or, The Weekly Post-Boy",1077,8/25/1763,"New-Y ork, August 14, 1763. TW ENTY DOLLARS REWARD, RUN away from John Leake, a Negro Man nam ’d Wall, about 40 Years of Age, five Feet six Inches high, yellowish Complection, one Leg a little thicker than the other, his Head bald, born at Oyster Bay, speaks good English; had on when he went away, a red Coat, a Manchester Velvet Jacket, white Thread Stockings, and new Shoes.—Whoever brings him to his said Master at NewYork, shall have the above Reward, and all reasonable Charges.","Hodges, Graham Russell Gao, and Alan Edward Brown, eds. “Pretends to Be Free”: Runaway Slave Advertisements from Colonial and Revolutionary New York and New Jersey. 1st ed. Fordham University Press, 2019. https://doi.org/10.2307/j.ctv7xbrzd.",
"The New-York Gazette; or, The Weekly Post-Boy",1078,9/1/1763,"THREE POUNDS REWARD. RUN away last Saturday, a Negro Man, Baptist, belonging to the Estate of the late Mr. Robert Kennedy. He is a French Negro about 40 Years old, 5 Feet 10 Inches high, pitted with the Small-Pox, and speaks bad English. He had good Cloaths, and generally wears a green Jacket, and striped, Holland skirts, Whoever takes up and secures said Fellow, and brings him to Mrs. Ferrara’s, shall have Three Pounds paid them by GEORGE TRAILE. All Commanders of Vessels, &c. are forbid to carry him away.","Hodges, Graham Russell Gao, and Alan Edward Brown, eds. “Pretends to Be Free”: Runaway Slave Advertisements from Colonial and Revolutionary New York and New Jersey. 1st ed. Fordham University Press, 2019. https://doi.org/10.2307/j.ctv7xbrzd.",
The New-York Gazette (Weyman’s),247,9/6/1763,"Fishkill, August 26, 1763 RUN away from his Master, the Rev. Mr. Chauncy Graham of the Fishkill, in the County of Dutchess, and Province of New-York, a Negro Man named Trace, aged 25 Years [ ] spry well-built Fellow; bred in New-England; looks very brazen, prompt and likely; talks flippent; has a flat Forehead and the lower part of his Face something prominent; his Hair [ ] on the Top, with a Tupee Foretop; plays on the Violin: He took with him an old blue Great-Coat, a Pair Leather Breeches, ditto Trowsers, a white Shirt, ditto Check, ditto Ozenbrigs, a [ ] under Jacket, a new Castor Hat, a Pair blue and white Stockings. Whoever takes up and secures said Negro, so that his [ ] Master may have him again, shall have Forty Shilings Reward and all reasonable Charges paid by CHAUNCY GRAHAM. N. B. All persons are hereby forbid to conceal, harbour, or carry off said Negro, as they shall answer it at their Peril.","Hodges, Graham Russell Gao, and Alan Edward Brown, eds. “Pretends to Be Free”: Runaway Slave Advertisements from Colonial and Revolutionary New York and New Jersey. 1st ed. Fordham University Press, 2019. https://doi.org/10.2307/j.ctv7xbrzd.",
"The New-York Gazette; or, The Weekly Post-Boy",1080,9/15/1763,"TAKEN UP, On the 6th Instant, in a Wood near the House of the Subscriber in Shrewsbury, A Negro Man, about 5 Feet 9 Inches high, speaks but little English, and appears to be about 50 Years of Age: He had on, 2 Jackets, one of blue Cloth, the other Silk Camblet, both without Sieves; an old Pair of wide Trowsers, and a pretty good Felt Hat.— The Owner may have him, by applying to John Wordel, Esq; or the Subscriber in Shrewsbury. LOCHLIN MTNTOSH.","Hodges, Graham Russell Gao, and Alan Edward Brown, eds. “Pretends to Be Free”: Runaway Slave Advertisements from Colonial and Revolutionary New York and New Jersey. 1st ed. Fordham University Press, 2019. https://doi.org/10.2307/j.ctv7xbrzd.",
The Pennsylvania Gazette (Philadelphia),1814,9/29/1763,"Five Pounds Reward. Runaway the 12th of July last, from Abraham Hewlings in Evesham, W est-New-Jersey, a negroe Man, named Moses, about 18 years of Age, about 5 feet 3 or 4 inches high, and has a Scar on the upper Side of one of his feet: Had on when he went away, An Ozenbrigs Shirt and Trowsers, a lightish coloured Cloth Jacket, with a Piece set in the Forebody, an old Felt hat and a Pair of strong Shoes. He took with him a sickle. Whoever takes up and secures said Servant, so as his Master may have him again, shall have the above reward, and reasonable charges paid by Abraham Hewlings. N.B. He formerly belonged to George Keen and it is supposed is harboured by some ordinary people, for while he belonged to said Keen, he was concealed by a Dutchman near Germantown.","Hodges, Graham Russell Gao, and Alan Edward Brown, eds. “Pretends to Be Free”: Runaway Slave Advertisements from Colonial and Revolutionary New York and New Jersey. 1st ed. Fordham University Press, 2019. https://doi.org/10.2307/j.ctv7xbrzd.",
"The New-York Gazette; or, The Weekly Post-Boy",1082,9/29/1763,"RUN AWAY FROM the subscriber, at Verderica Hook, in Orange County, about Thirty Miles from New-York, on Tuesday the Twentieth Instant, a Negro Man named Harry, about Thirty Years of Age, Five Feet and a Half high, pretty well set, black Complexion, full Faced, has not had the Small Pox, speaks good English and Dutch; two Fingers on his left Hand are somewhat stiff, so that he can neither straighten them, nor shut them close; bred to farming Business:—Had a coarse white Linen Shirt, ruffled at the Boson; a narrow brimmed, half worn Beaver Hat; a blue broad Cloth Coat, about half worn, four Inches too long waisted for him; a striped linsy Waistcoat, and wide striped Cotton Trowsers; had with him a Pair of grey Worsted, and a Pair of old white Woolen Stockings, and a Pair of very remarkably large broad rim ’d Brass Buckles— He carried with him several other wearing Clothes, viz. Two checked Woolen Shirts, blue and white; One or Two Pairs of coarse narrow homespun Tow Trowsers; and had some Money with him, wherewith he may have purchased other Clothes. Whoever secures the said Negro, giving me Notice so that I get him again, shall have Forty Shillings Reward, and all reasonable Charges paid by BENJAMIN KNAP. N.B. Masters of Vessels, and all other Persons are desired not to carry off, conceal, or harbour the said Negro, as they will answer the Penalty of the Law, in such cases made and provided.","Hodges, Graham Russell Gao, and Alan Edward Brown, eds. “Pretends to Be Free”: Runaway Slave Advertisements from Colonial and Revolutionary New York and New Jersey. 1st ed. Fordham University Press, 2019. https://doi.org/10.2307/j.ctv7xbrzd.",
"The New-York Gazette; or, The Weekly Post-Boy",1082,9/29/1763,"RUN AWAY, On the 5th Instant September from the Subscriber at the Province Arms, in New-York, A Negro Man named Sam, well Limb’d, round faced, about 30 Years of age, but looks younger; French born, but speaks pretty good English; is a good Cook, and was lately bought of Capt. James Delaney. He had on when he went away a narrow brimmed black Hat, somewhat worn, cock’d on one side, which he commonly wore behind; a light and brown Coat, Short Shirts; a Scarlet pair of Breeches, Pewter Buckles, and black Worsted Stockings.—But he may probably change his Dress. He is well known in this City, and it is supposed is now lurking, and concealed therein. W hoever will take up and secure the said negro, so that I may get him again shall have Forty Shillings Reward, paid by GEORGE BURNS. N.B. Master of Vessels, and all other persons, are desired not to carry off, conceal or harbour the said negro, as they will answer the Penalty of the Law, in such Cases made and provided.","Hodges, Graham Russell Gao, and Alan Edward Brown, eds. “Pretends to Be Free”: Runaway Slave Advertisements from Colonial and Revolutionary New York and New Jersey. 1st ed. Fordham University Press, 2019. https://doi.org/10.2307/j.ctv7xbrzd.",
"The Pennsylvania Journal, and the Weekly Advertiser (Philadelphia)",1088,10/13/1763,"Mr. Low’s Cato Run-away from Raritan Landing, October 3, 1763, being a middle siz’d Mullatto slave, born in this country, about twenty years of age, has a very wide mouth, bushy hair (lately cut off), walks with his knees bending forward, his cloathes are a French soldier’s coat, almost new which had been white but dyed, (not pressed) together with the lining of brown colour, bordering upon the olive, a new vest, lin’d with white, which had also been made for a French soldier, both alter’d to fit him, with brass buttons, also an old blue coat, and old leather jockey cap and trowsers of tow cloth. He is an extream handy fellow at any common work, especially with horses, and carriages of almost any sort, having been bred to it from a little boy, and to the loading and unloading of boats, a good deal used to a farm, can do all sorts of house work, and very fit to wait upon a gentleman, speaks very good English and Dutch, also pretty good High Dutch, is noted for his sense, and particularly for his activity at any things he takes in hand. It is supposed he will endeavour to pass for a freeman, and get away in the country, or go with some vessel to any part, so as not to be overtaken; all persons are forbid harbouring of him, and all masters of vessels taking him on board. Any person that will bring him to his Master Cornelius Low of Raritan-Landing, near New-Brunswick or secures him any of His M ajesty’s Gaols, giving notice thereof so that he may be had again, shall have ten dollars Reward and more if it can be reasonably demanded, with Proper charges.","Hodges, Graham Russell Gao, and Alan Edward Brown, eds. “Pretends to Be Free”: Runaway Slave Advertisements from Colonial and Revolutionary New York and New Jersey. 1st ed. Fordham University Press, 2019. https://doi.org/10.2307/j.ctv7xbrzd.",
"The New-York Gazette; or, The Weekly Post-Boy",1084,10/13/1763,"ORTY SHILLINGS REWARD, RUN away from me the Subscriber, living at Rariton, a Negro Man named Aberdeen, between fifty and Sixty Years of Age, about five Feet six Inches high, speaks bad English, had on when he went off, a Tow Shirt and Trowser, but stole away a good many good Clothes, so that he may alter his Dress:Whoever takes up and secures said negro, so that I may have him again, shall have the above Reward of Forty Shillings, and all reasonable Charges paid by me. JONATHAN RUNYAN. Rariton, Sept. 26, 1763.","Hodges, Graham Russell Gao, and Alan Edward Brown, eds. “Pretends to Be Free”: Runaway Slave Advertisements from Colonial and Revolutionary New York and New Jersey. 1st ed. Fordham University Press, 2019. https://doi.org/10.2307/j.ctv7xbrzd.",
"The New-York Gazette; or, The Weekly Post-Boy",1086,10/27/1763,"RUN AWAY THE 18th Instant at Night from the Subscriber, in the City of New-York, four Negro Men, Viz. LESTER, about 40 years of age, had on a white Flannel Jacket and Drawers, Duck Trowsers and Home-spun Shirt. CAESAR, about 18 Years of Age, cloathed in the same Manner. ISAAC, aged 17 Years Cloathed in the same Manner, except that his Breeches were Leather; and MINGO, 15 Years of Age, with the same Clothing as the 2 first, all of them of a middling Size, Whoever delivers either of the said Negroes to the Subscriber, shall receive TWENTY SHILLINGS Reward for each beside all reasonable Charges. If any person can give Intelligence of their being harbour’d a reward of TEN POUNDS will be paid upon conviction of the Offender. All Masters of Vessels and others are forewarn’s not to Transport them from the City, as I am resolved to prosecute as far as the law will allow. WILLIAM BULL. N.B. If the Negroes return, they shall be pardon’d.","Hodges, Graham Russell Gao, and Alan Edward Brown, eds. “Pretends to Be Free”: Runaway Slave Advertisements from Colonial and Revolutionary New York and New Jersey. 1st ed. Fordham University Press, 2019. https://doi.org/10.2307/j.ctv7xbrzd.",
The New-York Gazette (Weyman’s),256,11/7/1763,"About three weeks ago, a Negro Man came to the House of Thomas Letson at Black Point, in East New Jersey. He calls himself Sambo, is about 5j feet high, speaks English very indifferently says he belongs to one Allen; and is now sick. Whoever lays claim to said Negro and proves Property, may have him (on paying charges) by applying to said Thomas Letson.","Hodges, Graham Russell Gao, and Alan Edward Brown, eds. “Pretends to Be Free”: Runaway Slave Advertisements from Colonial and Revolutionary New York and New Jersey. 1st ed. Fordham University Press, 2019. https://doi.org/10.2307/j.ctv7xbrzd.",
The New-York Gazette: or The Weekly Post-Boy,1099,1/25/1764,"WHEREAS a Negro Man, named Cyrus, but calls himself Harry, had a Pass from the Subscriber, to go to Elizabeth Town, and return on Saturday the 7th inst. and is still absent: Whoever takes up the said Negro, and brings him to his Master, shall have Forty Shillings Reward, and all reasonable Charges paid by JEREMIAH STANTON. N.B. The said negro is 28 Years of Age, but looks much older; is about 5 Feet 2 Inches high, a good deal m ark’d with the Small Pox, speaks Dutch, and very bad English, had on when he went away, a blue Watch Coat, with Brass Buttons, Leather Breeches, and a white Shirt. Staten Island, January 18, 1764.","Hodges, Graham Russell Gao, and Alan Edward Brown, eds. “Pretends to Be Free”: Runaway Slave Advertisements from Colonial and Revolutionary New York and New Jersey. 1st ed. Fordham University Press, 2019. https://doi.org/10.2307/j.ctv7xbrzd.",
The Pennsylvania Gazette (Philadelphia),1831,1/26/1764,"Ran away on the 16th of January inst. from the subscriber living in Middlesex County, near Cranbury, a Spanish Negroe Man, Named John Jeste: Had on and took with him, a Felt Hat, two yellowish coloured Jackets, one without sleeves, a homespun brown Tow shirt, old Leather Breeches, blue Yarn Stockings, and two Pair of old Shoes. Whoever takes up said Negroe and brings him home, or secures him so that his Master may have him again, shall have Three Pounds reward and reasonable charges paid by John Rees. N.B. He ran away about six years ago and was take up at Capt. Elves’s Place near the Lower Ferry. All Masters of Vessels and others are forbid to harbour or carry him off.","Hodges, Graham Russell Gao, and Alan Edward Brown, eds. “Pretends to Be Free”: Runaway Slave Advertisements from Colonial and Revolutionary New York and New Jersey. 1st ed. Fordham University Press, 2019. https://doi.org/10.2307/j.ctv7xbrzd.",
The New-York Gazette: or The Weekly Post-Boy,1101,2/9/1764,"RUN away, on Wednesday the 1st instant, from Alexander Leslie, of Little Queen Street, the Comer of the New Dutch Church, New-York, A Negro Wench, named Hannah; lately the Property of Mr. David Milligan: She is about nineteen Years old, had on, when she went away, a green Jacket, an old homespun Petticoat, a red and white Handkerchief about her Neck; M en’s Shoes, and also carried with her an old black Crape Gown, an old flowered Apron, and a Check one; which she no doubt intends to Dress in, that she may not be known; She was born in this Country, speaks very good English, and is of an Olive Colour. Whoever takes up and secures the said Wench, shall have Two dollars Reward, and all reasonable Charges paid.— And all Masters of Vessels, and others, are forewarned not to carry off or harbour the said Wench, as they must expect to be prosecuted as the Law directs, by ALEXANDER LESLIE.","Hodges, Graham Russell Gao, and Alan Edward Brown, eds. “Pretends to Be Free”: Runaway Slave Advertisements from Colonial and Revolutionary New York and New Jersey. 1st ed. Fordham University Press, 2019. https://doi.org/10.2307/j.ctv7xbrzd.",
"The Pennsylvania Journal, and the Weekly Advertiser (Philadelphia)",1107,2/23/1764,"New-Brunswick February 9, 1764. Run-away yesterday morning from Brooke Farmer, Esq. post-master in New Brunswick, a Negro wench named Nell, between 30 and 40 years of age, middle sized, well-set, a very little pitted with the small-pox, is very handy and talkative, she formerly lived with the widow Prittons in Trentown. Had on when she went away, a homespun tow shift, a flow er’d flannel under-petticoat, a homespun ditto, striped red, white and blue, a linsey woolsey jacket darn’d under the arms, and a stuff cross bared short gown, a pair of blue stockings footed with a different colour, low heeled shoes lately soaled, with white metal buckles. Whoever takes up said Wench and secures her that her master may have her again, shall have Forty Shillings reward and reasonable charges paid by Brooke Farmer.","Hodges, Graham Russell Gao, and Alan Edward Brown, eds. “Pretends to Be Free”: Runaway Slave Advertisements from Colonial and Revolutionary New York and New Jersey. 1st ed. Fordham University Press, 2019. https://doi.org/10.2307/j.ctv7xbrzd.",
The New-York Mercury,646,4/12/1764,"Runaway on Saturday the 24th of February a Negro fellow named Jack: He is about 5 feet 8 inches high, of a very black complexion, and pretty much pitted with the small pox; his hair pretty long and stares very much; was born at Hackensack; when he talks, he speaks very quick. He had on when he went away, a short scarlet Duffil Waistcoat, made without flaps, (out buttoning close round to the Waistband of his breeches) and a red watchcoat, a Pair of long trowsers. Whoever secures the said Negro so that his Master may have him again, shall have Five Dollars Reward and all reasonable charges, paid by me Edward Agar. N.B. Since he first went away, he came privately into the House in the Night, and has take away the rest of his cloathes, viz. A blue camblet Coat, and a Pair of Leather Breeches, shoes and stockings, so that he may possibly change his dress and appear in them. All masters of Vessels, are hereby forewarned not to carry him off, and all Persons are forbid to harbour him, as they shall answer it at their peril.","Hodges, Graham Russell Gao, and Alan Edward Brown, eds. “Pretends to Be Free”: Runaway Slave Advertisements from Colonial and Revolutionary New York and New Jersey. 1st ed. Fordham University Press, 2019. https://doi.org/10.2307/j.ctv7xbrzd.",
The New-York Gazette: or The Weekly Post-Boy,1106,3/15/1764,"Easton, in the county of North-Hampton, and Province of Pennsylvania, Notice is hereby given that there are in the gaol of this county, three negroes, viz. a negro man named Jack, about 38 years old and about 5 feet 10 inches high and his wife named Jane, a tall wench, about 33 years old, and a negro boy of about 4 named Peter. They were all commited to this gaol on the 6th day of October, 1762. They speak some broken English and some broken low Dutch, they were advertised in the Pennsylvania Gazette in the month of November, 1762. And whereas no owner has appeared and I can learn nothing from them but that they come from Schenectady, and have thought proper to give this furthur notice that their owner may come and take them away, or they will soon be sold for the charges by Jacob Backman, Gaol Keeper.","Hodges, Graham Russell Gao, and Alan Edward Brown, eds. “Pretends to Be Free”: Runaway Slave Advertisements from Colonial and Revolutionary New York and New Jersey. 1st ed. Fordham University Press, 2019. https://doi.org/10.2307/j.ctv7xbrzd.",
The New-York Gazette: or The Weekly Post-Boy,1107,3/22/1764,"RUN-AWAY FROM Ralph Isaacs in New-Haven, in Connecticut, a lusty Negro Man, talks bad English, and broken French, had on when he went away, a Regimental Short Coat, checked Woolen Shirt, brown Cloth Breeches, took with him a blue Coat with a red Cape, and a white Shirt. Whoever shall secure the said Negro in any of his Majesty’s Gaols so that the Owner may get him again, shall have Five Pounds New-York Money Reward, and all reasonable Charges paid. RALPH ISAACS.","Hodges, Graham Russell Gao, and Alan Edward Brown, eds. “Pretends to Be Free”: Runaway Slave Advertisements from Colonial and Revolutionary New York and New Jersey. 1st ed. Fordham University Press, 2019. https://doi.org/10.2307/j.ctv7xbrzd.",
The New-York Gazette: or The Weekly Post-Boy,1107,3/22/1764,"Albany, February 12, 1764. RUN-away on Friday the 10th Inst, a likely negro Man, named Jacob, belonging to George Wray, at Albany; the said Negro is about 24 Years old, 5 feet 6 3.4 Inches high without shoes, has a Scar on the right side of his Forehead, one on his left Temple; (both just on the Edge of his Hair) and another on the Crown of his head; two large Pock-marks on the upper Part of his left Cheek­ bones, crooked Legs, the Calves of his Legs remarkably high, a lump on each Shoulder by being flogg’d some time past, stoops forward in walking, and hangs down his Head; speaks good English, some French, and a little Spanish, but little or no Dutch; of an insinuating Address, very apt to feign plausible Stories, and may perhaps call himself a free Negro. He has been seen on the Road to New-England. Whoever apprehends the said Negro, and brings him to his Master above-mentioned, or to the Printer of this Paper, or secures him in any Gaol, giving his Master Notice of it, shall receive Five Dollars Reward, and all reasonable Charges. He had on when he went away, a Blanket Coat, green Leggings and Maccasins, Buckskin Breeches and a red Worsted Cap. It is supposed he had with him, a black and white spotted Dog, answering to the Name of Venture.","Hodges, Graham Russell Gao, and Alan Edward Brown, eds. “Pretends to Be Free”: Runaway Slave Advertisements from Colonial and Revolutionary New York and New Jersey. 1st ed. Fordham University Press, 2019. https://doi.org/10.2307/j.ctv7xbrzd.",
The Pennsylvania Gazette (Philadelphia),1842,4/12/1764,"Five Pounds Reward. Run away on the 26th of March last, from the subscriber, at Great Egg Harbour, a Spanish Indian Servant Man, named James Donbar, about 5 feet 3 or 4 inches high, his hair tied behind: Had on when he went away, a blue Jacket, lined with red, a Check Flannel Shirt, old Leather Breeches, and blue Stockings; there are a blue Great Coat, and an Indian Blanket missing, and it is thought he will make toward the Forks of Delaware. Whoever takes up and secures said Runaway in any gaol so that his master may have him again, shall have the above Reward and all reasonable Charges, paid by Richard Wescot.","Hodges, Graham Russell Gao, and Alan Edward Brown, eds. “Pretends to Be Free”: Runaway Slave Advertisements from Colonial and Revolutionary New York and New Jersey. 1st ed. Fordham University Press, 2019. https://doi.org/10.2307/j.ctv7xbrzd.",
The Pennsylvania Gazette (Philadelphia),1844,4/26/1764,"Run away from the subscriber living at the Falls of Schuykill, a Negroe Woman, named Betty; it is uncertain what dress she will appear in as she had different sorts of clothes with her. She has a husband at Mr. Bard’s Iron­ works in M ount-holly, and it is thought she keeps thereabouts. Whoever takes up and secures said Negroe in the Workhouse in Philadelphia, shall have Thirty Shillings reward, paid by Jane Blackwood. N.B. All Persons are forbid to harbour her at their Peril.","Hodges, Graham Russell Gao, and Alan Edward Brown, eds. “Pretends to Be Free”: Runaway Slave Advertisements from Colonial and Revolutionary New York and New Jersey. 1st ed. Fordham University Press, 2019. https://doi.org/10.2307/j.ctv7xbrzd.",
The New-York Mercury,655,5/14/1764,"Run-away on the 22nd of April last, from Samuel Cock, of the township of Mansfield Wood-House, Sussex-County, and Province of West-Jersey, a Negroe Man, by name Harry or Traso, about 5 feet 10 inches high, of a very black complexion, understands playing on a Fiddle, brought up in this Country, about 25 or 26 years old, a likely Fellow: Had on when he went away, a blue Kersey Coat, with a Cape, and old brown Jacket, without sleeves, an old Pair of Trowsers, a pair of blue breeches, made of Everlasting, and an old Felt Hat. Whoever takes up and secures said Fellow so that his Master may have him again, shall receive as a Reward, Two Dollars if taken in the Province of New Jersey and Three if in any other Province, and all reasonable charges paid by Samuel Cock, of the Township aforementioned; or Teunis Post in Somerset County.","Hodges, Graham Russell Gao, and Alan Edward Brown, eds. “Pretends to Be Free”: Runaway Slave Advertisements from Colonial and Revolutionary New York and New Jersey. 1st ed. Fordham University Press, 2019. https://doi.org/10.2307/j.ctv7xbrzd.",
The New-York Gazette: or The Weekly Post-Boy,1115,5/17/1764,"TAKEN UP IN South-Amboy, the 17th Instant, by Silyar Morrel, A Negro Woman who appears to be about 20 Years of Age, speaks no English, and seems to be lately arrived in the Country: She had on her, a striped Linen and Woolen PettyCoat, and a blue Duffel Jacket, The Owner by applying to the Gaoler in Perth-Amboy, proving his Property, and paying the Charges, can have her again. Dated April 23d, 1764.","Hodges, Graham Russell Gao, and Alan Edward Brown, eds. “Pretends to Be Free”: Runaway Slave Advertisements from Colonial and Revolutionary New York and New Jersey. 1st ed. Fordham University Press, 2019. https://doi.org/10.2307/j.ctv7xbrzd.",
The New-York Mercury,657,5/28/1764,"Run-away from the Subscriber living in Bound-Brook, Somerset County, East-New-Jersey, on Wednesday, the 8th of May inst. a lusty Negro Fellow named Fortune: Had on when he went away, a coarse red Frieze Jacket, with a crimson colour’d Shag Jacket under it, a Pair of Buckskin breeches, a new Felt Hat, Stockings without Feet and no Shoes. Any person taking up and securing said Negro so that his Master may have him again, shall have Four Dollars Reward and reasonable charges paid by Francis Baird.","Hodges, Graham Russell Gao, and Alan Edward Brown, eds. “Pretends to Be Free”: Runaway Slave Advertisements from Colonial and Revolutionary New York and New Jersey. 1st ed. Fordham University Press, 2019. https://doi.org/10.2307/j.ctv7xbrzd.",
The Pennsylvania Gazette (Philadelphia),1849,5/31/1764,"Cumberland County, West New-Jersey, May 28, 1764. Last Week was committed to the Gaol of this County, two Negroe Men: the one by name of Amos, about 30 Years old, who says he was bom in Guiney, and is now the Property of Colonel Hopper of Queen Ann’s County in Maryland; the other calls himself Daniel Rogers, says he is a free Negro and that he came from Cambridge in Dorset County, but as he hath no proper credentials, and his Companion declares him to be a Slave, these are to desire their Masters to fetch them away and pay Cost. Howell Powell, Sherrif.","Hodges, Graham Russell Gao, and Alan Edward Brown, eds. “Pretends to Be Free”: Runaway Slave Advertisements from Colonial and Revolutionary New York and New Jersey. 1st ed. Fordham University Press, 2019. https://doi.org/10.2307/j.ctv7xbrzd.",
The Pennsylvania Gazette (Philadelphia),1849,5/31/1764,"Runaway from the subscriber living in Upper-Freehold, Monmouth County, West-New-Jersey, on the 21st of this Inst. May two Negroe Men, one named Toby, a well-set fellow about 21 or 22 years of age, 5 feet 5 or 6 inches high, of a pleasant Countenance for a negroe, shews his Teeth frequently, which are very white, is square built, with bow legs, all the Toes on one foot are short as they have been froze, the Toe next to his Great Toe on the other Foot lies over his Great Toe, his Coat is redish brown, of bought Cloth, with a green Thick-set Lining, a new Ozenbrig shirt, a pretty good Felt Hat; had on Leather Breeches, much worn, which he may change; he can play upon the Violin, but not extraordinarily well. The other is named Abraham belonged once to Mr. Emlen in Philadelphia, to Joseph Staniard and to John Cox of Upper Freehold aforesaid; he can write and read, understands Planation business; he is old than the other and about 5 feet 9 or 10 inches high, wellbuilt; it is likely he will forge a Pass, and pretend to want a new Master for himself and the other. Whoever takes up and secures said Negroes in any Gaol or either of them, so as their Masters may have them again or brings him them home, shall have Twenty Shillings Reward for each with reasonable Charges paid by Joseph Grover and Joseph Coward.","Hodges, Graham Russell Gao, and Alan Edward Brown, eds. “Pretends to Be Free”: Runaway Slave Advertisements from Colonial and Revolutionary New York and New Jersey. 1st ed. Fordham University Press, 2019. https://doi.org/10.2307/j.ctv7xbrzd.",
The Pennsylvania Gazette (Philadelphia),1851,6/14/1764,"Runaway from the subscriber living in Cranberry, Middlesex County, on the 20th of May last, a Negroe woman named Lucy alias Sue, about 30 years old, a slender, small woman, wants some of her Teeth, full eyed, her Dress uncertain; she took two quilted Petticoats, one red, the other blue; a blue and white China Gown, and a pair of Green Cloth shoes which she may change for others. It is supposed she went to Bucks County, to one Lambert Vandyke’s near Shaminy Meeting-house, where she has a Daughter; her mother and brother lived with Mr. Kemble in Brunswick; she speaks Dutch well. Whoever secures said Negroe so that her Master may have her again, shall have Twenty Shillings Reward with reasonable charges, paid by Patrick Hanlon.","Hodges, Graham Russell Gao, and Alan Edward Brown, eds. “Pretends to Be Free”: Runaway Slave Advertisements from Colonial and Revolutionary New York and New Jersey. 1st ed. Fordham University Press, 2019. https://doi.org/10.2307/j.ctv7xbrzd.",
The Pennsylvania Gazette (Philadelphia),1853,6/28/1764,"Runaway from the Subscriber living in Trenton, NewJersey, on the 21st of June, a Negro man, named Tony, a thick chunky well-set Fellow, about 30 Years of Age, about 5 feet 7 or 8 inches high, has a remarkable Way of walking as if he was a little lame, and stoops a little forward: Had on when he went away, a light coloured Cloth Jacket, with Patches at the Elbows, Ozenbrigs Shirt and Trowsers, old Hat, old Shoes, has a bad Cut in his left Thumb, fresh cut just before he went away. Whoever takes up and secures said Negroe in any of His M ajesty’s Gaols, so that his Master may have him again, shall have Forty Shillings Reward and all reasonable Charges, paid by me William Lister.","Hodges, Graham Russell Gao, and Alan Edward Brown, eds. “Pretends to Be Free”: Runaway Slave Advertisements from Colonial and Revolutionary New York and New Jersey. 1st ed. Fordham University Press, 2019. https://doi.org/10.2307/j.ctv7xbrzd.",
The New-York Gazette (Weyman’s),291,7/2/1764,"RUN away from WILLIAM DOUGLASS, of Staten-Island, a Negro Man, named GEORGE, aged about 22 Years, near 5 Feet 10 Inches high, slender built, talks a good deal upon the New-England Accent; large Eyes, with a good deal of White in them: Had on when he went away, a speckled Flannel Shirt, a Pair of twill’d bagging Trowsers piec’d, a Pair of black Stockings, new Pumps with carved Silver Buckles, a homespun brown upper Jacket, and a red Waistcoat without Sleeves under, lin’d with buff-colour’d Flannel, a Felt Hat not half worn. Any Person taking up, and securing the above Negro in any Gaol, so that his Master can have him again, shall receive the Sum of Forty Shillings, and all reasonable Charges, paid by me WILLIAM DOUGLASS, living on Staten-Island.","Hodges, Graham Russell Gao, and Alan Edward Brown, eds. “Pretends to Be Free”: Runaway Slave Advertisements from Colonial and Revolutionary New York and New Jersey. 1st ed. Fordham University Press, 2019. https://doi.org/10.2307/j.ctv7xbrzd.",
The New-York Gazette (Weyman’s),294,7/23/1764,"RAN-away on Wednesday the 18th Instant, from JOSEPH ANTHONY, of Courtland’s Manor, a Negro Man, named, JACK; is very black, has no front upper Teeth, and talks good English. Had on when he went away, a Soldier’s old red Jacket, check Shirt, an old Pair of Buckskin Breeches, with Ozenbrig Petticoat Trowsers over them. He is supposed to be gone to the House of Mr. John Coombs, at Jamaica, on Long-Island; or otherw ise to Mr. Palm er’s, at Whiteplains, Westchester County, from each of whom he has been sold. Captains of Vessels are desired to be careful in not carrying him away; and Ferrymen forbid to carry him across Ferries; as they must answer the Damages. W hoever takes up and secures the said Negro, so that his Master may have him again, shall have FORTY SHILLINGS Reward, and reasonable Charges paid by JOSEPH ANTHONY.","Hodges, Graham Russell Gao, and Alan Edward Brown, eds. “Pretends to Be Free”: Runaway Slave Advertisements from Colonial and Revolutionary New York and New Jersey. 1st ed. Fordham University Press, 2019. https://doi.org/10.2307/j.ctv7xbrzd.",
The Pennsylvania Gazette (Philadelphia),1859,8/9/1764,"Run away from Dr. Bern Budd, of Hanover, in Morris County, East New-Jersey, a likely well set Negroe Man, about 5 feet 9 or 10 inches high, of a yellow Complexion: Had on when he went away, a blue Broadcloth Coat, with Tortoise-Shell Buttons, a double breasted Broadcloth Jacket, with Mohair Buttons and Leather Breeches. He took with him 3 white Shirts, a check Ditto, a snuff coloured Manchester velvet Jacket, one striped ditto, and a pair of wide Trowsers. He speaks good English, understands all Sorts of Farmer’s Work, and something of the Sea, and no Doubt will endeavour to pass for a free Negroe as he can write any Pass he thinks necessary. Whoever takes up the said Negro and confines him in any of His Majesty’s Gaols, and sends his said Master notice, so that he may have him again, or brings him to his said Master, shall receive Ten Dollars Reward, and all reasonable charges paid by Bern Budd. N.B. All Masters of Vessels and others are forbid, on their Peril, to carry him off, or harbour him.","Hodges, Graham Russell Gao, and Alan Edward Brown, eds. “Pretends to Be Free”: Runaway Slave Advertisements from Colonial and Revolutionary New York and New Jersey. 1st ed. Fordham University Press, 2019. https://doi.org/10.2307/j.ctv7xbrzd.",
The New-York Gazette: or The Weekly Post-Boy,1132,9/13/1764,"Run-away on Monday the 27th of last Month, August, from Gilbert Smith, of Upper Freehold, in Monmouth County, East-New-Jersey, a Slave, named Jacob, but has several Times changed his Name, calling himself James Start, and James Pratt, &ct. his Mother was a Negro and his Father an Indian, but he passes himself for an Indian, and is like one, of a yellowish Tawney colour, is about 23 years of age, 5 feet 4 or 5 inches high; his Hair cut short on his Crown, but curls around his neck; has a remarkable Scar on one of his Cheekbones, occasioned by a Scald or a Burn, and speaks good English. He is much addicted to Smoaking and Drinking. He went from his Work at the Plough and was without shoe or stocking, and had no other clothes but an Oznabrig Shirt and Trowsers, an old ragged Waistcoat and an old Hat. He came to New York on Wednesday Morning last, with one Aaron Buck, on a sloop from Barnegat or Tom ’s River and has since been seen in Town. Any person that will bring the said Run-away to Mr. John Talman in New York, Butcher, or Mr. Francis Field, on Golden Hill, or commit him to any public gaol will receive from either of them, Forty Shillings reward, and all reasonable charges. Gilbert Smith. N.B. All Masters of Vessels are forbid to harbour conceal or carry him off as they will answer it at their peril.","Hodges, Graham Russell Gao, and Alan Edward Brown, eds. “Pretends to Be Free”: Runaway Slave Advertisements from Colonial and Revolutionary New York and New Jersey. 1st ed. Fordham University Press, 2019. https://doi.org/10.2307/j.ctv7xbrzd.",
The Pennsylvania Gazette (Philadelphia),1864,9/13/1764,"Burlington, September 6, 1764. Was committed to the gaol of this country on the Fourth Instant, a certain Negroe man, about 5 feet 9 or 10 inches high, of a yellow Complexion, speaks good English and says he was bom in New England, and has been a little to the Sea; he had several sorts of Passes with him, which it thought he wrote himself. His Master is desired to come and pay Charges, and take him away, otherwise he will be sold for the same, by Ephraim Phillips, Gaoler.","Hodges, Graham Russell Gao, and Alan Edward Brown, eds. “Pretends to Be Free”: Runaway Slave Advertisements from Colonial and Revolutionary New York and New Jersey. 1st ed. Fordham University Press, 2019. https://doi.org/10.2307/j.ctv7xbrzd.",
The New-York Gazette: or The Weekly Post-Boy,1132,9/13/1764,"Jamaica, August 30, 1764. This day I took up a Negro Man, he calls his name Cato and says he lives at Middletown Point in East New-Jersey; he is a young Fellow, something short, well set, and with a small Scar over his left Eye, has on a hat without Brims, a brown coat, and old stocking leggins, blue Breeches, no shoes, and speaks broken english; I shall put him in Gaol at Jamaica, where the owner may find and have him, if he doth not get from said gaol, he paying me for my Trouble and all Charges. The fellow says his master is John Hendricks. Daniel Hulet.","Hodges, Graham Russell Gao, and Alan Edward Brown, eds. “Pretends to Be Free”: Runaway Slave Advertisements from Colonial and Revolutionary New York and New Jersey. 1st ed. Fordham University Press, 2019. https://doi.org/10.2307/j.ctv7xbrzd.",
The New-York Gazette: or The Weekly Post-Boy,1133,9/20/1764,"Run away from the subscriber last Saturday night, a negro man named Harry, formerly belonging to Mr. Van Dollsen, Mason, in this city. He is well built, had on when he went away a light coloured double-breasted Jacket, a coarse white Linen shirt, short wide trousers, half-worn shoes, steel Buckles and a Scotch bonnet: he is apt to get drunk, stutters a bit, speaks very good English, Spanish, and French, and a little bit of other languages. N.B. He has left the first Joint of two of his toes next to his great Toe, by Frost. Whoever takes up the above Negro and brings him to his Master or secures him in any Gaol, shall have Twenty Shillings reward if taken in this city or on the island, and Forty Shillings if in another country or government. Aris Remsen.","Hodges, Graham Russell Gao, and Alan Edward Brown, eds. “Pretends to Be Free”: Runaway Slave Advertisements from Colonial and Revolutionary New York and New Jersey. 1st ed. Fordham University Press, 2019. https://doi.org/10.2307/j.ctv7xbrzd.",
The New-York Gazette: or The Weekly Post-Boy,1133,9/20/1764,"Run away from John Hendricks of Middletown, East NewJersey, a negro man named Cato, who he took out of Jamaica Gaol on Long Island Sunday the 16th instant, and run away again on Monday the 17th, he is a short well set Negro, likely, speaks broken English had on an old Snuff coloured Coat, a small white Vest, a pair of blue Breeches, no Shoes, a pair of Leggings, and a Hat without a Brim. Whoever takes up the said Negro Man and secures him, so that his Master might have him again shall receive Thirty Shillings Reward and all reasonable charges paid by John Hendricks.","Hodges, Graham Russell Gao, and Alan Edward Brown, eds. “Pretends to Be Free”: Runaway Slave Advertisements from Colonial and Revolutionary New York and New Jersey. 1st ed. Fordham University Press, 2019. https://doi.org/10.2307/j.ctv7xbrzd.",
The New-York Gazette (Weyman’s),304,10/1/1764,"TAKEN up on Staten-Island, and now in Goal at RichmondTown, a Negro Fellow that appears to be about 30 Years of Age, is slim bodied, and has the usual Negro Cuts in his Face; says his Name is MINGO; has been about two Years in the Country; speaks bad English;— Has on a French Soldier’s Coat turned up with Blue; says his M aster’s Name is W illiam Bennet, and that his House was burned and he was put in Goal, and one John Abraham’s took him out, with whom he lived about four Months, and then Run-away from him. The Owner can have him by applying to the Sheriff of Statten-Island, and paying the Charges. New-York, September 17, 1764.","Hodges, Graham Russell Gao, and Alan Edward Brown, eds. “Pretends to Be Free”: Runaway Slave Advertisements from Colonial and Revolutionary New York and New Jersey. 1st ed. Fordham University Press, 2019. https://doi.org/10.2307/j.ctv7xbrzd.",
The New-York Mercury,677,10/15/1764,"Ran-away from the subscriber, living at Lamington, in the County of Somerset, a Negro Man, named Mount, about 20 years old, 5 feet 6 or 7 inches high: had on when he went away, a light coloured Sagothee Coat, a black Broadcloth Jacket, a homespun dark colour’d Jacket, also homespun Tow Trowsers, a new felt Hat, Shoes and Stockings; talks very broken English; he also took with him a light colour’d grey Horse, about 10 or 11 years old, 14 hands high, a natural Trotter, no Brand or other Mark, also, an old Saddle and Bridle. Any person takingup said Negro Man, and Horse, and securing them so that the Owner may have them again, shall have Thirty Shilling reward and all reasonable charges paid by me Robert Barkley.","Hodges, Graham Russell Gao, and Alan Edward Brown, eds. “Pretends to Be Free”: Runaway Slave Advertisements from Colonial and Revolutionary New York and New Jersey. 1st ed. Fordham University Press, 2019. https://doi.org/10.2307/j.ctv7xbrzd.",
The New-York Gazette (Weyman’s),307,10/22/1764,"RAN-away the 12th of August last, from the Subscriber, living in Roxbury, County of Morris, two Negro Men, one about 20 Years of Age, named JOE, a sprightly well-set Fellow, understands all sorts of farming Work, and pretends to be a Fidler. The other about 30 Years of Age, named BEN, understands House-Work, as to baking, washing, and cooking; he knows but little about Farming; he is a thick clumsey Fellow, with a Scar near the Corner of his Eye. They had on when they went away, Tow Shirts and Trowsers; the young Fellow had a half worn wool Hat, a Soldier’s red Coat, and bare Feet; the other had on an old light blue Kersey Vest, with thick grey Kersey Lining, half­ worn Shoes, and no Hat. W hoever will takes up the aforesaid Negroes, so that I can have them again, shall have FIVE POUNDS Reward, or Fifty Shillings for either, and all reasonable Charges paid them by me, or Amout Cannon, at the Sign of the Wheat-Sheaf, near the Ship-Yards. AUGUSTINE REID. N. B. All Masters of Vessels and others, are strictly forbid either carry them off, or in any Manner to harbour them, as they will assuredly be obliged to answer a Prosecution. And if any Person can give Information whether they are gone off by Sea already, and by whom, shall be rewarded with Thirty Shillings, on the aforesaid Application. Sept. 3, 1764.","Hodges, Graham Russell Gao, and Alan Edward Brown, eds. “Pretends to Be Free”: Runaway Slave Advertisements from Colonial and Revolutionary New York and New Jersey. 1st ed. Fordham University Press, 2019. https://doi.org/10.2307/j.ctv7xbrzd.",
The New-York Gazette: or The Weekly Post-Boy,1140,11/8/1764,"Run away on Tuesday night the 30th instant, two new negro men who speak no English;—Had on new blue Jackets and Breeches, new Stockings and Shoes without any Bucklesany person that brings ’em to the Printer of this Paper shall have Twenty Shillings reward, and all Masters of Vessels and others are forbid to carry them off, or harbour them at their Peril.","Hodges, Graham Russell Gao, and Alan Edward Brown, eds. “Pretends to Be Free”: Runaway Slave Advertisements from Colonial and Revolutionary New York and New Jersey. 1st ed. Fordham University Press, 2019. https://doi.org/10.2307/j.ctv7xbrzd.",
The Pennsylvania Gazette (Philadelphia),1874,11/22/1764,"Five Pounds Reward Runaway from the subscriber on Saturday, the 30th of June last, a young Mullato fellow, about 20 years of age, named Frank, about five feet five inches high, well set, full fac’d short black curled hair, very apt to swear when angry; had on and with him when he went away, a coarse homemade Tow shirt and Trowsers, a W oolen Jacket, homemade, old Hat and Stockings; it is supposed he has changed clothes and perhaps his Name by this time. It is also supposed he is somewhere in the Cedar Swamps in the Jerseys, down Delaware River as his Mother and others of his acquaintance, live near Cohansey, where the said Fellow I believe was bred. Whoever takes up and secures said Mulattoo in any Gaol, or brings him to his said Master, shall have the above Reward, besides reasonable charges, paid by Thomas Witherspoon.","Hodges, Graham Russell Gao, and Alan Edward Brown, eds. “Pretends to Be Free”: Runaway Slave Advertisements from Colonial and Revolutionary New York and New Jersey. 1st ed. Fordham University Press, 2019. https://doi.org/10.2307/j.ctv7xbrzd.",
The New-York Gazette: or The Weekly Post-Boy,1145,12/13/1764,"Run away the 12th of last month from the subscriber, living in Middletown in East New Jersey, a negro man named Jasper, about 25 years old and 5 feet 10 inches high (bom in New York) had on when he went away a brown homespun jacket and breeches, the jacket cuffed with the same, a Tow shirt, White Yarn Stockings,a pair of pumps and a felt hat; he understands the farming Business. Whoever takes up said Negro and secures him in any Gaol, giving Notice therof to his Master so that he may have him again, shall have Three Pounds reward and reasonable charges paid by John Stevenson. Middleton, November 4, 1764.","Hodges, Graham Russell Gao, and Alan Edward Brown, eds. “Pretends to Be Free”: Runaway Slave Advertisements from Colonial and Revolutionary New York and New Jersey. 1st ed. Fordham University Press, 2019. https://doi.org/10.2307/j.ctv7xbrzd.",
The New-York Gazette: or The Weekly Post-Boy,1145,12/13/1764,"Run away, last night the 12th instant, from Rebeccah Morehouse, opposite to Alderman Benson at the shipyards, New York, a tall slim straight negro wench named Pegg, about 40 years of age, of yellowish complexion, has had the small-pox, but is smooth faced, and talks good English, has the middle finger of her left hand crooked and cannot straighten it, was born at Oyster Bay but has resided for several years in New York and formerly belonged to Mr. Pell, is sensible, cunning and artful and can wash iron and cook; had on a short red cloak a white hat and a pair of m en’s shoes and with her callico gown and a variety of cloathes. Whoever will bring home the said wench to her mistress or to the subscriber, ship carpenter at the ship yards, shall have a dollars reward if taken in town or three dollars if taken out of town, besides all reasonable charges. John Leversage.","Hodges, Graham Russell Gao, and Alan Edward Brown, eds. “Pretends to Be Free”: Runaway Slave Advertisements from Colonial and Revolutionary New York and New Jersey. 1st ed. Fordham University Press, 2019. https://doi.org/10.2307/j.ctv7xbrzd.",
The New-York Gazette: or The Weekly Post-Boy,1150,1/17/1765,"RUN-AWAY from John Thomas, jun. at Rye, in W est­ chester County, about the middle of November last; A Negro Man called Joe, about thirty five Years of Age, he is near six Feet high, of a yellowish Complection, has had the Small-Pox, but hardly visible, has some Scars on his Breast, was bom in Jersey, but since lived with Messenger Palmer, near Stanford, in Connecticut: Had on when he went away a brown Cloath Jacket, a Woolen Shirt; a Pair of Leather Breeches, a Pair of white Woollen Stockings. Whoever takes up said Negro and secures him so that his Master may have him again, shall receive Three Pounds Reward, and all reasonable Charges, paid by me JOHN THOMAS, jun. Rye, January 9, 1765.","Hodges, Graham Russell Gao, and Alan Edward Brown, eds. “Pretends to Be Free”: Runaway Slave Advertisements from Colonial and Revolutionary New York and New Jersey. 1st ed. Fordham University Press, 2019. https://doi.org/10.2307/j.ctv7xbrzd.",
The New-York Gazette: or The Weekly Post-Boy,1163,4/18/1765,"Run-away from JOHN VERMILLYE, at the New Bridge, on the West Chester Side, on Sunday the 7th of April, a Mulatto Fellow named TONEY, about 5 Feet 6 Inches, has short curl’d Hair, and has something of the New-England Way of expressing himself. Had on when he went away, a brown great Coat, a black and white mixed wove Prunelta ditto, a striped blue & white Jacket, two Pair of striped blue and white Trowsers, one knit blue Pair of Breeches, one white and one Check Shirt, a Pair of knit Stockings, and had a good Castor Hat. Whoever takes up and secures said Fellow, so that he may be had again, shall have FOUR POUNDS Reward, and reasonable Charges paid by JOHN VERMILLYE. N.B. All Masters of Vessels are strictly forbid to carry away, or employ him, and all others to hire or harbour him, as they must answer such unlawful Proceedings. Those who apprehend and secure him any where near New-York, are desired to give Notice to the Printer hereof.","Hodges, Graham Russell Gao, and Alan Edward Brown, eds. “Pretends to Be Free”: Runaway Slave Advertisements from Colonial and Revolutionary New York and New Jersey. 1st ed. Fordham University Press, 2019. https://doi.org/10.2307/j.ctv7xbrzd.",
The Pennsylvania Gazette (Philadelphia),1901,5/30/1765,"Run away from the subscriber living in Roxbury, Morris County, East-Jersey, a Mullatoe Fellow, named Tom, about 30 Years of Age, about 5 feet 6 inches high; had on when he went away, a blue Waistcoat, a Pair of Buckskin Breeches, which it is likely he has changed. He has one extraordinary Mark, having no Toes on either of his Feet. Whoever takes up the said Mullatoe fellow and secures him, so that his Master may have him again, shall have Ten Pounds Reward and all reasonable Charges paid by John Vandom.","Hodges, Graham Russell Gao, and Alan Edward Brown, eds. “Pretends to Be Free”: Runaway Slave Advertisements from Colonial and Revolutionary New York and New Jersey. 1st ed. Fordham University Press, 2019. https://doi.org/10.2307/j.ctv7xbrzd.",
The New-York Gazette (Weyman’s),339,6/3/1765,"Run away from Augustine Reid of Morris County, NewJersey, Two Negro Men, one named Ben, about 35 years of age, is a thick set fellow, and has a scar on one of his cheeks; born in Barbadoes, in the West-Indies, & has been over about two years and a half; the other is named Joe, about 20 years old; the white of his Eyes is of a reddish cast, has black specks in them, is a nimble active Fellow. Whoever takes up and secures the said Negroes so that their Master may have them again, shall receive Thirty Pounds Reward for Both or Fifteen Pounds for either and all reasonable charges, paid by Augustine Reid.","Hodges, Graham Russell Gao, and Alan Edward Brown, eds. “Pretends to Be Free”: Runaway Slave Advertisements from Colonial and Revolutionary New York and New Jersey. 1st ed. Fordham University Press, 2019. https://doi.org/10.2307/j.ctv7xbrzd.",
The Pennsylvania Gazette (Philadelphia),1906,6/4/1765,"Run away from the subscribers on Sunday, the 9th of last Month, two likely Negroe Fellows, the one named Begill, about 5 feet 10 inches high, slim built, has been in the Country near 4 years, speaks tolerable good English for the Time, aged about 35 or 40 years; had on when he went away a Linsey Coat, of black and blue Colours mixed, with Brass Buttons, a Felt Hat, white Shirt, Sheepskin Breeches, Stockings of mixed Colours, and double soaled shoes. The other named Jerry, aged about 25 Years, near the Height and Size of the former, has been in the Country about 3 years, speaks very broken English; had on when he went away, a striped Linsey Waistcoat, white Shirt, and narrow short Trowsers, old Shoes, no Stockings, an old Felt Hat, with a red String or Garter around the Crown. Whoever takes up the said Negroes and brings them to the Subscribers in Reading, in Hunterdon County, New Jersey or secures them in any Gaol, giving Notice to the said Owners, so that they may have them again, shall have Six Dollars Reward, and reasonable charges or Three Dollars each paid by Samuel Herriot or Lawrence Pool.","Hodges, Graham Russell Gao, and Alan Edward Brown, eds. “Pretends to Be Free”: Runaway Slave Advertisements from Colonial and Revolutionary New York and New Jersey. 1st ed. Fordham University Press, 2019. https://doi.org/10.2307/j.ctv7xbrzd.",
The New-York Gazette: or The Weekly Post-Boy,1173,6/27/1765,"RUN-away on Monday last, from the Subscriber, a Negro Wench called CATE: She is a lusty, stout Wench, pretty Fat, and has thick Lips: had on when she went away, a strip’d Home-spun Petticoat, a double purple and white Callico short Gown, both sides alike, a Pair of old Stuff Shoes, without Stockings. It is supposed that she is harboured by some of the Free negroes, or others in Town. Whoever takes her up here, and secures her, shall have Forty Shillings Reward; and if taken in the Country, they shall have the same Reward, together with reasonable Charges for sending her to New-York. All Persons at their Peril, are forewarned from harbouring or carrying her off. MARY FERRARI.","Hodges, Graham Russell Gao, and Alan Edward Brown, eds. “Pretends to Be Free”: Runaway Slave Advertisements from Colonial and Revolutionary New York and New Jersey. 1st ed. Fordham University Press, 2019. https://doi.org/10.2307/j.ctv7xbrzd.",
The New-York Gazette: or The Weekly Post-Boy,1174,7/4/1765,"TWENTY SHILLINGS Reward, RAN away from William Johnson, of this City, Blacksmith, a Negro Man, named SHARP, about Twenty Years of Age, he is a tall slender made Fellow, of a yellowish Complexion, speaks very little English, had on when he went away, a blue Sailor’s Jacket, a checked Shirt, Oznabrigs Trowsers, an old Beaver Hat, cock’d; a Pair of old Shoes, but no Stockings; he is somewhat marked with the small Pox, & is supposed to be skulking about Town. Whoever secures said Negro, and brings him to JOHN JOHNSON, of this City Sadler, shall have the above Reward; and all Master of Vessels and other Persons, are forbid from carrying off, or harbouring said Negro.","Hodges, Graham Russell Gao, and Alan Edward Brown, eds. “Pretends to Be Free”: Runaway Slave Advertisements from Colonial and Revolutionary New York and New Jersey. 1st ed. Fordham University Press, 2019. https://doi.org/10.2307/j.ctv7xbrzd.",
The Pennsylvania Gazette (Philadelphia),1907,7/11/1765,"Runaway from the subscriber living in Amwell Township, Hunterdon County, West Jersey, on the 20th of May last, a Negroe Man, named Sambo, about 30 Years of age, near 6 feet high, slim built, a single Mark on his Right Cheek; he is a New Negroe and can speak but little English; he is apt to speak the Words that are spoke to him again. It is supposed that he is either stolen or decoyed away. Whoever takes up said Negroe so that this Master may have him again, shall have Three Pounds reward, and if stolen, Ten Pounds provided the Thief is brought to Justice, with reasonable charges paid by Isiah Quinby.","Hodges, Graham Russell Gao, and Alan Edward Brown, eds. “Pretends to Be Free”: Runaway Slave Advertisements from Colonial and Revolutionary New York and New Jersey. 1st ed. Fordham University Press, 2019. https://doi.org/10.2307/j.ctv7xbrzd.",
The New-York Gazette (Weyman’s),350,8/8/1765,"Perth-Amboy, August the 5th, 1765. In the Custody of the subscriber, two Negro Men, the one a yellow Fellow, named Jack, the other black, named Ezekiel, They say their M aster’s Name is Jacob Stame, and that he is the owner of a Forge in M uskenecunk. Their M aster is desired to pay Charges and take them away. Richard Carnes.","Hodges, Graham Russell Gao, and Alan Edward Brown, eds. “Pretends to Be Free”: Runaway Slave Advertisements from Colonial and Revolutionary New York and New Jersey. 1st ed. Fordham University Press, 2019. https://doi.org/10.2307/j.ctv7xbrzd.",
The New-York Gazette: or The Weekly Post-Boy,1175,7/11/1765,"RUN-away from the subscriber, on Tuesday the 9th instant, a negro man named TOBY, this country born, yellow conplexion, about 5 feet 7 inches high, and about 21 Years of age; had on when he went away, a brown fustian jacket, ozenbrigs shirt and trowsers, and an old beaver hat. Whoever takes up and secures said negro, so that his master may have him again, shall receive 5 dollars reward, and all reasonable charges paid by AUGUSTINE VAN HORNE.","Hodges, Graham Russell Gao, and Alan Edward Brown, eds. “Pretends to Be Free”: Runaway Slave Advertisements from Colonial and Revolutionary New York and New Jersey. 1st ed. Fordham University Press, 2019. https://doi.org/10.2307/j.ctv7xbrzd.",
The New-York Gazette: or The Weekly Post-Boy,1178,8/1/1765,"Run away from James Barnard, inn-holder, on Philipsborough, in the county of W est-Chester, on Friday the 19th of July, a negro man named Dublin; middle sized, about 35 years of age, slow of speech, thin faced; had on when he went away, an old bearskin jacket tow cloth shirt and trousers and an old hat. Whoever takes up and secures said negro, so that his master may have him again, shall have Twenty Shillings reward and all reasonable charges paid by James Barnard.","Hodges, Graham Russell Gao, and Alan Edward Brown, eds. “Pretends to Be Free”: Runaway Slave Advertisements from Colonial and Revolutionary New York and New Jersey. 1st ed. Fordham University Press, 2019. https://doi.org/10.2307/j.ctv7xbrzd.",
The New-York Gazette: or The Weekly Post-Boy,1179,8/8/1765,"Run away from the subscriber, at West Chester, on Sunday the 21st of July Last, a negro fellow named Mingo who I’m told has formerly gone by the name of Jim, he is well made, well-looking negro, of about 5 feet 6 inches high, is 27 years old, but appears rather older than he is, he understands all kinds of farming work and plays tolerably on the fiddle, He was born at Long Island, and was lately the property of one John Jones, blacksmith, at or near Harvest Straw, who had him from one Campbell of the same place. He had on (or with him) a deep blue broad cloth coat that had been turned, with blue buttons to it; a blue cloth waistcoat, a coarse brown linen waistcoat and an old black plush waistcoat, brown mixed color cloth breeches with a pair of blue worsted and a pair of white ribb’d threaded trousers. Whoever takes up and will secure the said fellow so that the master may have him again shall receive Forty Shillings Reward and all reasonable charges from Isaac Wilkins. Westchester, August 8, 1765.","Hodges, Graham Russell Gao, and Alan Edward Brown, eds. “Pretends to Be Free”: Runaway Slave Advertisements from Colonial and Revolutionary New York and New Jersey. 1st ed. Fordham University Press, 2019. https://doi.org/10.2307/j.ctv7xbrzd.",
The Pennsylvania Gazette (Philadelphia),1917,9/19/1765,"Five Dollars reward. Runaway from Greenwich Forge, in Sussex County, West New-Jersey, a Negro boy named Castello, about 20 Years of age; had on a white Shirt, half silk yellow jacket, yellow knit Worsted Breeches, red and white, speckeld worsted Stockings, new Shoes, with square Brass Buckles and a good Beaver Hat; the colour of his coat unknown; wears a Truss. W hoever secures said Negro in any Gaol, so as he may be had again, shall have the above Reward, by applying to John Hughes in Philadelphia or to Hugh Hughes in said Forge.","Hodges, Graham Russell Gao, and Alan Edward Brown, eds. “Pretends to Be Free”: Runaway Slave Advertisements from Colonial and Revolutionary New York and New Jersey. 1st ed. Fordham University Press, 2019. https://doi.org/10.2307/j.ctv7xbrzd.",
The New-York Gazette: or The Weekly Post-Boy,1186,9/26/1765,"Albany: Run away from the subscriber yesterday, a mulatto negro man, a Spaniard named Joseph, about 25 years old, a short well made fellow, speaks broken English (he went off with a big Spanish negro belonging to Mr. Bayard of New York, sent here to sell) He had on when he went away, a blue jacket, an old light colour’d ratteen ditto w ithout sleeves, an oznabrigs shirt, old leather breeches, a pair of black ribbed stockings, a hat bound with worsted binding,a pair of new shoes with brass buckles. Whoever takes him up, and secures him in any of his Majesty’s gaols, shall have forty shillings reward and all reasonable charges paid by Mr. John Ernest, a merchant in New York, or the subscriber in Albany, Barent Ten Eyck. All masters of vessels and others are forbidden to conceal, harbour, entertain or carry off the said servant, as they will answer at their peril.","Hodges, Graham Russell Gao, and Alan Edward Brown, eds. “Pretends to Be Free”: Runaway Slave Advertisements from Colonial and Revolutionary New York and New Jersey. 1st ed. Fordham University Press, 2019. https://doi.org/10.2307/j.ctv7xbrzd.",
The New-York Gazette: or The Weekly Post-Boy,1186,9/26/1765,"Run away on the 17th instant, September, from Abraham Douw, Esq., at Albany, a Spanish negro man named Tom, aged about 28 or 30 years: He is a very black likely tall fellow, his left ear cut off, and has lost one of his small toes by the frost, he pretends to be a free man and speaks very good English and Spanish, had on when he went away a blue vest, a duffle great coat, a pair of trousers, a handkerchief about his head, and a woolen hat. He went away in the company of a mulatto Spaniard belonging to Mr. Barent Ten Eyck, of Albany, and it is supposed they are gone to New-England: Whoever takes up or secures the said negro in any of his majesties gaols, giving notice so that his master may have him again shall receive Forty Shillings reward besides all reasonable charges paid by the subscriber in New-York, or the said Abraham Douw, Esq., in Albany. Nicholas Bayard.","Hodges, Graham Russell Gao, and Alan Edward Brown, eds. “Pretends to Be Free”: Runaway Slave Advertisements from Colonial and Revolutionary New York and New Jersey. 1st ed. Fordham University Press, 2019. https://doi.org/10.2307/j.ctv7xbrzd.",
The Pennsylvania Gazette (Philadelphia),1926,11/21/1765,"Taken up by the subscriber, two Negro Men, about five feet eight inches high, both new Negroes from the River Gambia. Upon examining of them they say, they belonged to John Gardner of North-Carolina, the Name of the Particular Place they won’t tell; one of them speaks a little English, the other not. They call themselves Pompey and Nero. Pompey is the largest of them and Nero slender. They say they travelled through the Mountains from NorthCarolina. The Master upon applying to the subscriber living in the Town of Shrewsbury and paying the charge he has been at, may have them. John Morris. Shrewsbury, New Jersey, November 8, 1765.","Hodges, Graham Russell Gao, and Alan Edward Brown, eds. “Pretends to Be Free”: Runaway Slave Advertisements from Colonial and Revolutionary New York and New Jersey. 1st ed. Fordham University Press, 2019. https://doi.org/10.2307/j.ctv7xbrzd.",
The New-York Gazette: or The Weekly Post-Boy,1194,11/21/1765,"Ran away on Thursday the last, the 14th instant, from the subscriber living in Newtown Long Island, a Negro Man Slave, about 30, five feet ten inches high, of a slender make, a yellowish colour, and a good Deal pitted by the Small Pox about the Nose. Had on when he went off, a white Cloth Jacket, a blue Duffil great Coat, much faded, with white flat Metal Buttons, breeches, black and white mixed Yarn Stockings, new Shoes, and a small old Wool hat. Whoever takes up said Slave and delivers him to me, or secures him so that I may have him again, shall have Three Dollars reward and all reasonable charges paid by Paul Burtus. N.B. All masters of vessels and others are forbidden to harbour, conceal or carry off said fellow, at their peril.","Hodges, Graham Russell Gao, and Alan Edward Brown, eds. “Pretends to Be Free”: Runaway Slave Advertisements from Colonial and Revolutionary New York and New Jersey. 1st ed. Fordham University Press, 2019. https://doi.org/10.2307/j.ctv7xbrzd.",
The New-York Gazette: or The Weekly Post-Boy,1196,12/5/1765,"Forty shillings reward. Ran away from the manor of Eaton, in Suffolk County, on the 18th of November, a negro man named Ceaser, about 40 years of age, 5 feet 8 inches high, has thick lips, bandy legs, walks lame and speaks very bad English; had on when he went away, a blue jacket, check flannel shirt, tow cloth trousers, black and white yarn stockings, half worn shoes, and an old felt hat; has formerly lived in some part of West Jersey where it is suspected he has gone; he went off in the company of one Thomas Cornwell, who calls himself a Bristol man and who it is feared has forged a pass for the negro. Whoever secures the negro so that the subscriber may have him again shall have the above reward and all reasonable charges paid by John Hobart. N.B. All masters of vessels are forbidden to conceal or transport said negro.","Hodges, Graham Russell Gao, and Alan Edward Brown, eds. “Pretends to Be Free”: Runaway Slave Advertisements from Colonial and Revolutionary New York and New Jersey. 1st ed. Fordham University Press, 2019. https://doi.org/10.2307/j.ctv7xbrzd.",
The New-York Gazette: or The Weekly Post-Boy,1197,12/12/1765,"Taken up on Monday evening the 3rd instant by the watchmen of this city, committed to the work-house of this city by alderman Brinkerhoff, a negro who calls himself Ceaser, being a well-set black fellow and about 5 feet 4 inches high, says he was formerly the property of Cornelius Hatfield of Elizabethtown but now belongs to Mr. Hobbart on Long Island. His master, on applying to the above mentioned magistrate, and paying the charges, may have his servant again. New-York, December 12, 1765.","Hodges, Graham Russell Gao, and Alan Edward Brown, eds. “Pretends to Be Free”: Runaway Slave Advertisements from Colonial and Revolutionary New York and New Jersey. 1st ed. Fordham University Press, 2019. https://doi.org/10.2307/j.ctv7xbrzd.",
The Pennsylvania Gazette (Philadelphia),1930,12/19/1765,"Went away from Joseph Sharp of Salem County, West Jersey, the 10th of November last, a Negro Man, named Sambo, under pretence to get a Master; he is a thick short felow, limps with his Right Knee and one of his Buttocks is bigger than the other; about 40 years of age, talks much and cannot count above 15; if you ask him how much 10 and 5 is, he can’t tell such Questions; he has had many masters, and lived at Mount-Holly, when the Furnace went, with Mr. Bard, it is thought he will endeavour to get to Philadelphia, or is gone to New York. Whoever takes up said Negroe and secures him in any Goal, so that his Master may have him again, shall have Three Pounds Reward; if taken in this County or Cumberland, Forty Shillings, paid by Joseph Sharp.","Hodges, Graham Russell Gao, and Alan Edward Brown, eds. “Pretends to Be Free”: Runaway Slave Advertisements from Colonial and Revolutionary New York and New Jersey. 1st ed. Fordham University Press, 2019. https://doi.org/10.2307/j.ctv7xbrzd.",
"The New-York Gazette: or, The Weekly Post-Boy",1201,1/16/1766,"FIVE POUNDS Reward. RAN-AWAY from the subscriber, on Wenesday morning last; a French negro man, named JOHN, a likely well made black fellow, about 30 years of age, pitted with the small-pox, his eyes small and blood­ shot, remarkable good teeth, and wide mouth, about 5 Feet 8 inches high, walks upright, and is complaisant:— Had on, a good castor hat, Ozenbrigs shirt, black crape cravat, brown bearskin great coat, cloth upper Jacket, lined through with red striped linsey, figured brass buttons, a green napt sailor’s jacket, fore parts lined with greeen shalloon, back with Ozenbrigs, Philadelphia patterns brass buttons, leather breeches, yam knit stockings, good shoes, and square steel buckles— He took with him one white shirt, one pair of stockings, and a leather cap, lined with fur. It is probable he may be found playing on his fiddle, which he took with him. Whoever will bring him home, or give notice where he may be found, so that his master may have him again, shall be entitled to the above reward, by applying to John Franklin in New-York, or Enoch Story in Philadelphia.","Hodges, Graham Russell Gao, and Alan Edward Brown, eds. “Pretends to Be Free”: Runaway Slave Advertisements from Colonial and Revolutionary New York and New Jersey. 1st ed. Fordham University Press, 2019. https://doi.org/10.2307/j.ctv7xbrzd.",
"The New York Gazette: or, The Weekly Post-Boy",1205,2/6/1766,"Forty Shillings Reward. Run-away on Wednesday the 25th day of December 1765, from us the subscribers, living in Freehold and county of Monmouth, in East New Jersey an indented Negro Man named Benjamin Moore, about forty years of age, five feet six inches high, a likely spry fellow. He took with him a grey and a red jacket, 1 pair of brown breeches, 1 pair of ribb’d blue stockings, and a good hat. He has taken with him sundry other clothes, and it is supposed he will change his dress. He was formerly an indented servant to Job Throckmorton and George Rhea at Freehold and has taken those old indentures of said Throckmorton and Rhea with him and shows them for a pass, pretending to be a free Negro. Whoever takes up said Negro and secures him so that his Master may have him again, shall have the above reward, and all reasonable charges paid by us. Henry and Joseph Robinson. N.B. All masters of Vessels and other persons are forewarned not to harbour, conceal, or carry off the said Negro at their peril.","Hodges, Graham Russell Gao, and Alan Edward Brown, eds. “Pretends to Be Free”: Runaway Slave Advertisements from Colonial and Revolutionary New York and New Jersey. 1st ed. Fordham University Press, 2019. https://doi.org/10.2307/j.ctv7xbrzd.",
"The New-York Gazette: or, The Weekly Post-Boy",1216,4/24/1766,"RUN AWAY from Isaac Man a Negro Wench named Sal. She is short and well set, pretty much mark’d with the smallPox, about 28 Years of Age, had on a Purple Calico Gown, a striped Cotton short ditto, a purple and white Calico Joseph, an old plain Gown, a blue quilted petticoat, a green Penistone ditto, a red shirt Cloak, & a black Silk Hat. All Masters of Vessels are hereby forbid to carry her off, and all Persons are warned not to harbour her. Whoever takes up the said Wench, and delivers her to Messrs. Stanton and Teabrooke, Carpenters at the North River, shall receive Twenty Shillings Reward, and all reasonable Charges Paid.","Hodges, Graham Russell Gao, and Alan Edward Brown, eds. “Pretends to Be Free”: Runaway Slave Advertisements from Colonial and Revolutionary New York and New Jersey. 1st ed. Fordham University Press, 2019. https://doi.org/10.2307/j.ctv7xbrzd.",
"The New York Gazette; or, The Weekly Post-Boy",1217,5/1/1766,"Forty Shillings Reward. Run-Away from the subscriber on Monday the 21st of April last, a yellowish Negro Fellow, named Bill, formerly belonging to Mr. Cornelius Clopper at Rariton Landing, in New-Jersey, appears to be about 20 or 22 Years of age, about 5 feet 6 inches in height, speaks good English and Low Dutch fluently, had on when he went away, an old red Cloth Jacket, a Pair of old Homespun Trowsers, and an Iron Collar; which last it is supposed he has found Assistance to get off. Whoever takes up and secures or secures him so that I may get him again shall have Forty Shillings Reward for their Trouble, besides all necessary Expenses. All Masters of Vessels and other Persons, are warned not to carry off, conceal or harbour the said Runaway, as they would avoid a Prosecution of the law. New York, May 1, 1766. John Klein.","Hodges, Graham Russell Gao, and Alan Edward Brown, eds. “Pretends to Be Free”: Runaway Slave Advertisements from Colonial and Revolutionary New York and New Jersey. 1st ed. Fordham University Press, 2019. https://doi.org/10.2307/j.ctv7xbrzd.",
"The New York Gazette; or, The Weekly Post-Boy",1222,6/5/1766,"Six Pounds Reward Ran Away from the subscriber in Shrewsbury the two following Negroes, viz, Pompey, a lusty fellow, about 35 Years of age, 5 feet 8 or 9 inches high.—Had on red Duffel Trowsers, and Waistcoat, speaks pretty good English. Nero, a slender young fellow, about 25 Years of age, speaks very bad English; had on a red duffle Waistcoat, and brown Broadcloth Breeches. They went away in a small boat, 16 feet keel, a black bottom and her wales painted with Spanish-brown, had 4 Oars on Board. W hoever brings the said Negroes to any o f his M ajesty’s Gaols, so that he may have them again, shall receive the above reward besides all reasonable charges from John Morris.","Hodges, Graham Russell Gao, and Alan Edward Brown, eds. “Pretends to Be Free”: Runaway Slave Advertisements from Colonial and Revolutionary New York and New Jersey. 1st ed. Fordham University Press, 2019. https://doi.org/10.2307/j.ctv7xbrzd.",
"The Pennsylvania Journal, and the Weekly Advertiser (Philadelphia)",1228,6/19/1766,"Two Pistoles Reward Run away from the Subscriber on Monday the 5th of May, a Negro Man, named Hannaball, a likely black fellow, has a pert look, and when talking is always either laughing or smiling, he is about 5 feet 7 or 8 inches high, he walks proper and straight without limping, but if examined will find one of his feet stiff and scarce be able to bend it from his ankle to his toes, his apparell not well known but such as is common for slaves, his over jacket was light coloured fearnot, it is supposed he has travelled toward Duck-Creek and from thence either to Philadelphia or the Jerseys, and may endeavour to pass for a free man and sailor, as he has been used to go by water. Whoever takes up the said fellow, and secures him so that his Owner may have him again, shall have the above reward and reasonable charges if brought home paid by Emory Fuetter.","Hodges, Graham Russell Gao, and Alan Edward Brown, eds. “Pretends to Be Free”: Runaway Slave Advertisements from Colonial and Revolutionary New York and New Jersey. 1st ed. Fordham University Press, 2019. https://doi.org/10.2307/j.ctv7xbrzd.",
"The New-York Gazette; or, The Weekly  Post-Boy",1225,6/26/1766,"Ran away from the subscriber living in New York, the beginning of June instant, a negro fellow named Charles, about five feet ten inches high, Pock-pitted, very black, and  remarkable for his white teeth; speaks both French and English, Jamaica bom, and marked under his left Breast P. le Count; had on when he went away, a brown Jacket, and a blue short waistcoat underneath it, a Pair of trowsers, and a sailor’s round hat. Whoever takes up the said negro and secures him so that his master may have him again, shall have forty shillings reward and all reasonable charges paid by Andrew Myer, in Dock-Street.  N.B. All masters of vessels and others are hereby warned not to harbour or carry off said Servant at their Peril, as they will answer as the Law directs.","Hodges, Graham Russell Gao, and Alan Edward Brown, eds. “Pretends to Be Free”: Runaway Slave Advertisements from Colonial and Revolutionary New York and New Jersey. 1st ed. Fordham University Press, 2019. https://doi.org/10.2307/j.ctv7xbrzd.",
"The New-York Gazette; or, The Weekly  Post-Boy",1226,7/3/1766,"Woodbridge, July 1, 1766 Ran away from the subscriber on  Sunday the 15th of June last, a Negro Man, named Cuff, about 5 feet 9 inches high, and about 22 years of age, has a  scar on his right great Toe and the Ends of several other of his Toes are cut off. Whoever takes up and secures said  Negro so that his Master may have him again, shall have Four Dollars Reward, and all reasonable charges paid by Jonathan Clawson.  N.B. All persons are forewarned from harbouring, concealing or carrying off said Negro, as they will answer it at their peril. ’Tis supposed he has got a Pass with him.","Hodges, Graham Russell Gao, and Alan Edward Brown, eds. “Pretends to Be Free”: Runaway Slave Advertisements from Colonial and Revolutionary New York and New Jersey. 1st ed. Fordham University Press, 2019. https://doi.org/10.2307/j.ctv7xbrzd.",
"The New-York Gazette; or, The Weekly  Post-Boy",1230,7/31/1766,"Taken up by the subscriber, at Blooming Grove near Goshen, in Orange County, in the Province of New York, on Sunday the 13th of July instant, and put into Gaol at  Goshen, a run away negro man who says his name is John Linch, that he is a free man and lived with Mr. Hannes Bush, at Schuylkill River Ferry in Chester County, in the Province of Pennsylvania: He is about 25 years of age, 5  feet 7 inches high, is mark’d on the Scull with one Scar on the right side and two on the Left; has a remarkable Scald on the inside calf of his leg, speaks good English and High Dutch, and has something of a stoppage in his Speech: He says that about 3 weeks before he was taken up, he had been a Prisoner in the Gaol at Sussex County and was released to enable him to pay his fees, but that one Joshua Taylor, a School Master, who had been a prisoner with him pursuaded him away from that Place. He says he can prove his Freedom by one Samuel Tucker, living at Trenton, in New Jersey; [but he is supposed to be one of the two Negroes that it is reported, were lately concerned with the Rape of two White Women, which occasioned the Death of one of them, one of whom it is said was brought to Justice and the other escaped.] Any person claiming the said negro, and proving his property, may have him on paying charges to John Hudson, Deputy Sheriff of Orange County.","Hodges, Graham Russell Gao, and Alan Edward Brown, eds. “Pretends to Be Free”: Runaway Slave Advertisements from Colonial and Revolutionary New York and New Jersey. 1st ed. Fordham University Press, 2019. https://doi.org/10.2307/j.ctv7xbrzd.",
"The New-York Gazette; or, The Weekly  Post-Boy",1233,8/21/1766,"Ran away about the Middle of July last from the Subscriber,  living in King’s Country, Long Island, a Negro man named Jack, he is about 35 years of age, slim made, about 5 Feet 8 Inches in height, speaks good English and Dutch, and has  been used to tending in a Grist Mill.— Whoever secures him in any Gaol or brings him to me shall be well rewarded, and  all reasonable Charges paid by ABRAHAM SCHENK. New-York, August 15, 1766.","Hodges, Graham Russell Gao, and Alan Edward Brown, eds. “Pretends to Be Free”: Runaway Slave Advertisements from Colonial and Revolutionary New York and New Jersey. 1st ed. Fordham University Press, 2019. https://doi.org/10.2307/j.ctv7xbrzd.",
The New-York Gazette (Weyman’s),386,9/1/1766,"R U N A W A Y on Saturday the 16th Instant August, from Doctor William Bush, at Horse-Neck, in Connecticut— A Negro Man, named Jim, about 36 Years of Age, five Feet six Inches high, hangs down his Head when he walks, speaks good English, is very nimble and sprightly, and can do all Sorts of farming Business very handily.  He had on when he went away, an old Wool Hat, a dirty brown Kersey upper Jacket, with the Skirts sewed together all round; an under Jacket of red Coating, lapped over before, a new Tow Shirt, and long narrow Trowsers.  Whoever secures the said Negro, in any public Gaol, or brings him to Doctor James Murray, in New-York, or to his said Master in Connecticut, upon Application to either of them, receive a Reward of Forty Shillings New-York Money, if the said Negro is taken up in Connecticut, or of  three Pounds, if taken up in the Province of New-York, besides all reasonable Charges.  New-York, 27th of August, 1766.","Hodges, Graham Russell Gao, and Alan Edward Brown, eds. “Pretends to Be Free”: Runaway Slave Advertisements from Colonial and Revolutionary New York and New Jersey. 1st ed. Fordham University Press, 2019. https://doi.org/10.2307/j.ctv7xbrzd.",
"The New-York Gazette; or, The Weekly  Post-Boy",1235,9/4/1766,"Run away on Saturday the 23rd of August last, from Nathaniel Richards at Newark, a Negro Man named Ben, about 5 feet 8 or 9 inches high, aged 28, slim made, thin  visage, yellow Complexion, and can speak good Dutch. He formerly belonged to Thomas Budde, at M orris-town in New Jersey, who several months ago sold him to the Widow Mrs. Elizabeth Finn at Prakenas in the County of  Bergen, from whom he run away soon after, and being advertised, was taken and brought home to his Mistress, by whom he was sold soon after to the Subscriber. When he went away he pretended that he was going to swim, and as  he never returned, and next day his Clothes were found near the Shore, he was supposed to be drown’d, till his Character was known, which gives Reason to suppose he took that Method to deceive his Master and prevent a Search. It is not known whether he had any Clothes with him or not. W hoever returns him to his Master or secures him in any gaol, shall receive Eight Dollars Reward and all reasonable charges. Nathaniel Richards.","Hodges, Graham Russell Gao, and Alan Edward Brown, eds. “Pretends to Be Free”: Runaway Slave Advertisements from Colonial and Revolutionary New York and New Jersey. 1st ed. Fordham University Press, 2019. https://doi.org/10.2307/j.ctv7xbrzd.",
"The New-York Gazette; or, The Weekly  Post-Boy",1236,9/11/1766,"Run away from the Subscriber living at Jamaica, on Long Island, on Thursday last, a Negro fellow named Tony, about 5 feet 11 inches high, of a yellowish complexion, speaks both Dutch and English; had on when he went away, a brown Camblet coat and Waistcoat, a Pair of Plush Breeches and a Pair of Trowsers.—Whoever takes up said Negro, and secures him so that he may be had again, shall have Twenty  Shillings Reward, and all reasonable Charges paid by DOW DITMES.  N.B. All persons are hereby forewarned not to harbour conceal, or carry away the said Negro, as they shall answer as the Law directs.","Hodges, Graham Russell Gao, and Alan Edward Brown, eds. “Pretends to Be Free”: Runaway Slave Advertisements from Colonial and Revolutionary New York and New Jersey. 1st ed. Fordham University Press, 2019. https://doi.org/10.2307/j.ctv7xbrzd.",
"The New-York Gazette; or, The Weekly  Post-Boy",1251,12/25/1766,"THIRTY DOLLARS REWARD: RUN-AWAY from the subscriber, the 16th of September last, a Negro Man named BOOD, about 38 Years old, 5 Feet 10 Inches high, yellow Complexion, thin Visage, has had the Small Pox; his great Toes have been froze, and have only little Pieces of Nails on  them: He is much addicted to strong Liquor, and when drunk very noisy and troublesome. Whoever takes up said Slave, and brings him home, or secures him in Gaol, so that his Master may get him again, shall be intitled to the above  Reward of THIRTY DOLLARS, paid by WILSON HUNT. Any Person who takes up said Negro, is cautioned to be particularly careful that he does not make his Escape, as he is a remarkable stout, cunning, artful Fellow. HunterdonCounty, Maidenhead, December 20, 1766.","Hodges, Graham Russell Gao, and Alan Edward Brown, eds. “Pretends to Be Free”: Runaway Slave Advertisements from Colonial and Revolutionary New York and New Jersey. 1st ed. Fordham University Press, 2019. https://doi.org/10.2307/j.ctv7xbrzd.",
The New-York Mercury,811,5/18/1767,"Run-away from the subscriber the 24th of March last, living at Middletown Point in New-Jersey, a Negro Man, named Joe, 6 feet high, long-visaged, with large eyes, a smooth tongued fellow, ’tis likely he will change his name, and is about 30 years old: Had on when he went away, a grey homespun Jacket, and a red one under it, an Ozenbrigs Shirt, a Pair of light coloured Broad-cloth breeches, patched in many Places, grey woolen Stockings, and new Shoes. Whoever takes up and secures the said Fellow, so that he may be had again, shall receive Five Dollars Reward, paid by William Hendrickson.","Hodges, Graham Russell Gao, and Alan Edward Brown, eds. “Pretends to Be Free”: Runaway Slave Advertisements from Colonial and Revolutionary New York and New Jersey. 1st ed. Fordham University Press, 2019. https://doi.org/10.2307/j.ctv7xbrzd.",
The Pennsylvania Gazette (Philadelphia),2004,5/21/1767,"Somerset County, near Prince-town, New Jersey, May 9, 1767 Run away from the Subscriber about 23rd of April last, a Negroe Man, named Linden, about 33 years old, about 5 feet 9 or 10 inches high, yellow complexion, has had the Small-Pox, his fore Finger stiff, his Coat and Jacket  of new homespun brown Broadcloth, good Leather Breeches, good stockings and good hat; it is supposed he has obtained a Pass, and will try to pass for a free Negroe; he is addicted to strong Liquor and when drunk troublesome. He pretends to be a Doctor. Whoever takes up  and secures said Slave in any Gaol, so that his Master may get him again, shall be entitled to the above Reward. Any Person who takes up said Negroe is cautioned to be particularly careful that he does not make his Escape; he is remarkably stout, and a cunning artful Fellow. Gizebert Lane.","Hodges, Graham Russell Gao, and Alan Edward Brown, eds. “Pretends to Be Free”: Runaway Slave Advertisements from Colonial and Revolutionary New York and New Jersey. 1st ed. Fordham University Press, 2019. https://doi.org/10.2307/j.ctv7xbrzd.",
"The New-York Journal, or, The General  Advertiser",1276,6/18/1767,"New-York, June 13, 1767. Ran-away the 8th inst. June from the Subscriber at Ramapough, a Negro Man named Hack, about 30 Years of age, 5 feet 4 inches high, well-set, had on a white Broadcloth Coat, a black Calimanco Waistcoat, yellow Breeches and black Stockings; Whoever takes up and secures said Negro, and returns or secures him so that his Masters may have him again, shall have Forty Shillings New York Money Reward; and all persons are hereby warned not to entertain, conceal, or remove him away, as they will answer it at their Peril: Note he is suspected to be now in New-York. He speaks Dutch and English well. Lawrence Jacobus Van Buskirck.","Hodges, Graham Russell Gao, and Alan Edward Brown, eds. “Pretends to Be Free”: Runaway Slave Advertisements from Colonial and Revolutionary New York and New Jersey. 1st ed. Fordham University Press, 2019. https://doi.org/10.2307/j.ctv7xbrzd.",
"The New-York Gazette; or, The Weekly  Post-Boy",1284,8/13/1767,"RUN away from the Subscriber, on Saturday Night last, a likely Negro Man named Prime, about 25 Years of Age, and about Five Feet Four Inches high; he took with him when he went away, two striped linsey Wollsey Jackets, a red Cloth one, and a blue Camblet one: He was seen coming out of the Mouth of the Kills in a Canoe on Sunday Morning last, with an Intention of coming to New-York, in Order to get on Board some Vessel: Whoever takes up and secures said Negro, so that his Master may have him again, shall have a reward of Five Dollars and all reasonable Charges paid by JOHN MERCEREAU.  N.B. All Master of Vessels and others, are forbid to  carry him off or harbour him at their Peril.— It is very likely he is gone to Mr. David Provost’s Farm, about Six Miles  from New-York, as he formerly lived there. Staten-Island, August 11, 1767.","Hodges, Graham Russell Gao, and Alan Edward Brown, eds. “Pretends to Be Free”: Runaway Slave Advertisements from Colonial and Revolutionary New York and New Jersey. 1st ed. Fordham University Press, 2019. https://doi.org/10.2307/j.ctv7xbrzd.",
The Pennsylvania Gazette (Philadelphia),2015,8/6/1767,"Runaway from the subscriber living in Upper Freehold, Monmouth County, near Imley’s Town, on the 22nd of last  Month, a servant Negroe Man half Indian named Charles but will probably alter his name, about 28 years of age, about 6 feet two inches high, well set, something knock-kneed, large feet, a scar on one of his cheeks, near his temple, a yellow complexion, long hair, very much curled, and thin on the top of his head; had on, when he went away, a light grey homespun coat, streaked lining, about half worn, his Jacket of a darker colour, and more worn, tow shirt and trowsers and felt hat and it is likely that he will change his clothes. Whoever secures said servant so that his master may have him again, shall have Three Pounds Reward, and reasonable charges, paid by Richard James.","Hodges, Graham Russell Gao, and Alan Edward Brown, eds. “Pretends to Be Free”: Runaway Slave Advertisements from Colonial and Revolutionary New York and New Jersey. 1st ed. Fordham University Press, 2019. https://doi.org/10.2307/j.ctv7xbrzd.",
"The New-York Journal, or, The General  Advertiser",1292,10/8/1767,"Middletown-Point, October 5, 1767. Run away from the Subscriber the 5th Instant, a Negro Man, named Cato, a short, thick fellow: He had on when he went away, a white hat, a brown Jacket, and a long red do. with a Short Skirts behind, black Breeches, with Long Trowsers over them, brown Stockings with white feet. Whoever takes up said  Negro so that I may get him again, shall have Thirty Shillings Reward and all reasonable charges paid by John Hendricks, New York, September 25, 1767.","Hodges, Graham Russell Gao, and Alan Edward Brown, eds. “Pretends to Be Free”: Runaway Slave Advertisements from Colonial and Revolutionary New York and New Jersey. 1st ed. Fordham University Press, 2019. https://doi.org/10.2307/j.ctv7xbrzd.",
"The New-York Gazette; or, The Weekly  Post-Boy",1306,1/11/1768,"New-York, January 11, 1768. Run away about 2 Months ago, a French Negro Man, named John Baptist, speaks French, and broken English, pitted with the Small Pox, fat Nose, square built, about 5 feet 6 Inches high, his little Finger of his Left Hand, stiff and straight, his Age about 45 or 50 Years: He has Holes in each Ear for Earing. W hoever  takes up said Negro, and tends Word to the Subscriber, shall have FORTY SHILLINGS Reward, and all Charges paid by WILLIAM DARLINGTON.","Hodges, Graham Russell Gao, and Alan Edward Brown, eds. “Pretends to Be Free”: Runaway Slave Advertisements from Colonial and Revolutionary New York and New Jersey. 1st ed. Fordham University Press, 2019. https://doi.org/10.2307/j.ctv7xbrzd.",
"The Pennsylvania Journal, and the Weekly  Advertiser (Philadelphia)",1317,3/3/1768,"Run-away from the subscriber on Wednesday the 24th February 1768, living in Middletown, Monmouth County, East-New Jersey, a Negro fellow named Lank, about 5 feet 8 or 9 inches high, slender made, about twenty-five years of age; had one when he went away a light colour’d homespun coat, an old hat, a grey homespun jacket, blue cloth breeches, and yam stockings. Any person who takes up the said Runaway and brings him to me, shall have twenty shillings reward, and all reasonable charges, paid by William Hendricks.","Hodges, Graham Russell Gao, and Alan Edward Brown, eds. “Pretends to Be Free”: Runaway Slave Advertisements from Colonial and Revolutionary New York and New Jersey. 1st ed. Fordham University Press, 2019. https://doi.org/10.2307/j.ctv7xbrzd.",
"The New-York Journal; or, The General  Advertiser",1324,5/19/1768,"Run away May the 14th 1768 from the subscriber in Middletown, a Negro man named York, about five feet nine inches high, 18 years of age, well set, has one o f his fore teeth broke near the gum; had on when he went away, a suit of homespun mixt grey clothes, shoes and stockings, brass  buckles, and a cock’d set hat, with a white metal button. Whoever takes up said Negro and secures him, so that his  master may have him again, shall have twenty shilling reward and all charges, paid by me, Cyrenius Van Mater.","Hodges, Graham Russell Gao, and Alan Edward Brown, eds. “Pretends to Be Free”: Runaway Slave Advertisements from Colonial and Revolutionary New York and New Jersey. 1st ed. Fordham University Press, 2019. https://doi.org/10.2307/j.ctv7xbrzd.",
The Pennsylvania Chronicle (Philadelphia),75,6/13/1768,"Woodbridge, June 9, 1768. Runaway from the Subscriber, the 29th ult. a Negroe Man named Cuff, about 5 feet 10 inches high, full faced, and thick set; has a large Scar on his great right Toe, cut within; had on when he went away, a Woolen Shirt, a Pair of Leather Breeches, a Grey Kersey Jacket, and Felt Hat, but may probably change his Dress. Whoever takes up said Negroe Man, and secures him so that his Master may have again shall have Three Dollars Reward, paid by the Subscriber. Jonathan Clawson.","Hodges, Graham Russell Gao, and Alan Edward Brown, eds. “Pretends to Be Free”: Runaway Slave Advertisements from Colonial and Revolutionary New York and New Jersey. 1st ed. Fordham University Press, 2019. https://doi.org/10.2307/j.ctv7xbrzd.",
The New-York Gazette; and the Weekly Mercury,868,6/20/1768,"Run-away from the Subscriber living at Pumpton in NewJersey, on Saturday the 4th Instant, a Negro Man named Harry, 40 years old, much pitted with the Small-Pox, and can speak both Dutch and English, can play on the Violin and loves Grog: Had on when he went away a blue Broad cloth Coat, a blue and white Holland Jacket, red cloth Breeches, and new Shoes with brown Yarn Stockings. Whoever takes up and secures said Fellow so that he may be had again, shall receive Five Pounds reward and all reasonable Charges, from John Acton.","Hodges, Graham Russell Gao, and Alan Edward Brown, eds. “Pretends to Be Free”: Runaway Slave Advertisements from Colonial and Revolutionary New York and New Jersey. 1st ed. Fordham University Press, 2019. https://doi.org/10.2307/j.ctv7xbrzd.",
"The New-York Gazette; or, The Weekly  Post-Boy",1335,8/1/1768,"RUN away, on Friday Evening last, a negroe Man, named Norway about 33 Years of Age, but has an older Look near  5 feet high, marked with the Small-Pox, talks slowly, and very indifferent English; he sometime since lived with Mr. W illiam Ralsten, Inn holder, in Philadelphia, but about a Year post with Mr. William Provest, in New-York: Had on, when he went away, a blue Coat, with Silver Thread Buttons, a reddish m ix’d Colour Cloth Waistcoat, and white Plush Breeches.Whoever brings the above negroe to Mr. Provest, in New-York, shall receive Five Dollars Reward with all reasonable Charges.","Hodges, Graham Russell Gao, and Alan Edward Brown, eds. “Pretends to Be Free”: Runaway Slave Advertisements from Colonial and Revolutionary New York and New Jersey. 1st ed. Fordham University Press, 2019. https://doi.org/10.2307/j.ctv7xbrzd.",
The New-York Gazette; and the Weekly Mercury,877,8/22/1768,"Ten Dollars Reward Run-away from Hendrick Coyler, of East-New-Jersey, a Negro Fellow named Ishmael, by trade a Blacksmith, is much pitted with the Small Pox. Has a Blemish in one eye, is a great fidler, and often shewing slight of Hand Tricks; has a Squaw for a wife. He got leave of his Master about 2 years since to get towards Middletown; it is said he has work’d some time at the Iron Works near  Spotsw ood, ’tis thought he is since gone tow ards Pennsylvania; he has been acquainted about East-Town. Whoever takes up said Fellow and delivers him to Capt. Elias Dayton in Elizabeth-town, or said Colyer at HorsesNeck, shall have the above reward and all reasonable charges paid by Hendrick Colyer.","Hodges, Graham Russell Gao, and Alan Edward Brown, eds. “Pretends to Be Free”: Runaway Slave Advertisements from Colonial and Revolutionary New York and New Jersey. 1st ed. Fordham University Press, 2019. https://doi.org/10.2307/j.ctv7xbrzd.",
"The New-York Gazette; or, The Weekly  Post-Boy",1339,8/29/1768,"City of New-Brunswick, August 25, 1768 Notice is hereby given that on Monday the 22nd Inst, were taken up and committed to Gaol, two likely young Negroe Fellows; one calls himself London, about 5 feet 6 inches high; the other  Robert, about 5 feet 3 inches: They pretend to be free, say that they did belong to a Gentleman a Merchant from St. Christopher’s that they came with their Master to New-York, who lodged with the Widow Richardson on Rotten-Row, that their Master died there last Spring and before his Death  gave them free. The chief Cloathing about them was contained in a good Ozenbrig Bag, marked P.R. #19, viz, a white Fustian Coat, lined with Shalloon, a pair of Leather Breeches, one White Linnen Jacket, 5 white Shirts, one pretty fine, marked W.I 2 pair of cloth breeches, 2 pair of Trowsers, one a pair of Yarn, and 2 pair of Worsted ribb’d Stockings, one White Handerkerchief, one Duffields Great Coat, had on each a Beaver Hat, one about half-worn; Jackets, coarse Shirts and Trousers, pretty good and in Appearance belonged to a Gentleman. Whoever claims said Negroes are desired to be speedy in taking them out. Or if Mrs. Richardson or any other person knows them to be free, are desired to give Notice thereof, that upon paying charges, they may be set at Liberty.","Hodges, Graham Russell Gao, and Alan Edward Brown, eds. “Pretends to Be Free”: Runaway Slave Advertisements from Colonial and Revolutionary New York and New Jersey. 1st ed. Fordham University Press, 2019. https://doi.org/10.2307/j.ctv7xbrzd.",
"The New-York Gazette; or, The Weekly  Post-Boy",1342,9/19/1768,"Woodbridge, September 12, 1768. Broke out of the Gaol at Perth-Amboy, on the 9th Instant, a Mullatto Servant Man named Charles Lee, born in England, about 5 feet 9 inches high, slim built, has a Scar on one side of his nose, and wears his own hair; had on a light coloured silk Jacket and an old felt hat; he had run away from Maryland and was taken up and committed to said Gaol. He is a watchmaker by trade, and as he has been in the provincial service, it is suspected he is gone towards Albany. W hoever takes up said Servant and secures him in any Gaol, or brings him to the Subscriber in Woodbridge, shall have Seven Pounds reward and all reasonable charges paid by Nathaniel Heard.","Hodges, Graham Russell Gao, and Alan Edward Brown, eds. “Pretends to Be Free”: Runaway Slave Advertisements from Colonial and Revolutionary New York and New Jersey. 1st ed. Fordham University Press, 2019. https://doi.org/10.2307/j.ctv7xbrzd.",
The New-York Gazette; and the Weekly Mercury,883,10/3/1768,"Taken up a few Days ago and committed to the Gaol of the Borough of Elizabeth, in New-Jersey, by order of John Stites, Esq; Mayor, a Negro Man about 24 years old, very  thick lips, talks both Dutch and English, says he is a free man, and that he lived some time at Bloomingdale, near  New-York: When taken up he had on a blue Cloth Coat, old Shoes, without Stockings. The Owner may have him again, paying Charges, and proving his Property, by applying to the said John Stites, Esq. or the Gaoler, Benjamin Miller.","Hodges, Graham Russell Gao, and Alan Edward Brown, eds. “Pretends to Be Free”: Runaway Slave Advertisements from Colonial and Revolutionary New York and New Jersey. 1st ed. Fordham University Press, 2019. https://doi.org/10.2307/j.ctv7xbrzd.",
The New-York Gazette; and the Weekly Mercury,900,1/23/1769,"Run away in New-York, from the Subscriber, living at Middle-town Point in East New Jersey, last November, a Negro Man named Jim, speaks both English and Dutch, about 30 years old, a slim Fellow and much pitted with the small pox. Had on when he went away, an old red Watch Coat and Tow Trowsers. Whoever takes up and secures said Negro so that he may be had again, shall receive Thirty Shillings reward and reasonable charges from William Hyer.","Hodges, Graham Russell Gao, and Alan Edward Brown, eds. “Pretends to Be Free”: Runaway Slave Advertisements from Colonial and Revolutionary New York and New Jersey. 1st ed. Fordham University Press, 2019. https://doi.org/10.2307/j.ctv7xbrzd.",
"The New-York Gazette; or, The Weekly  Post-Boy",1367,3/13/1769,"On Monday night the 20th instant, made his escape or was taken off from one of the islands called Two Brothers, near Hell-Gate, a negro man named Jacob, belonging to Henry Brasier, and formerly known in this city by the name of the Fu-Fu Negro or Money Digger: He is between 40 and 50 years old, full face, large flat nose, a small scar on the lower part of it: His eyes very full, as if they were starting out of his head, he had on a red Duffle Jacket with blue lining, blue Breeches, a Felt Hat, and common Shoes and Stockings. He speaks both English and Dutch and was brought up in the Jersies a little above Brunswick. Whoever takes up he said Negro, and brings him to his master on the North Brother Island, shall have Forty Shillings Reward and all reasonable charges paid by Henry Brasier.","Hodges, Graham Russell Gao, and Alan Edward Brown, eds. “Pretends to Be Free”: Runaway Slave Advertisements from Colonial and Revolutionary New York and New Jersey. 1st ed. Fordham University Press, 2019. https://doi.org/10.2307/j.ctv7xbrzd.",
The New-York Gazette; and the Weekly Mercury,917,5/22/1769,"Run-away from the Subscriber, living at Newark, in NewJersey, on Wednesday the 17th Instant, a Negro Man named Benjamin; but it is likely he will change his Name; he has a  Mold on his cheek, has a down-look of a Yellow Cast, a Lively Fellow, and is about 5 feet 9 inches high: Had on when he went away, a short Ranger’s Coat, grey or blue and a red Watch-coat. Whoever takes up and secures the said Run-away, so that he may be had again, shall receive five Dollars reward, and all reasonable charges paid by Nathaniel Richards.","Hodges, Graham Russell Gao, and Alan Edward Brown, eds. “Pretends to Be Free”: Runaway Slave Advertisements from Colonial and Revolutionary New York and New Jersey. 1st ed. Fordham University Press, 2019. https://doi.org/10.2307/j.ctv7xbrzd.",
The New-York Gazette; and the Weekly Mercury,918,5/29/1769,"Run-away from Elizabeth-town, Sunday night the 21st Inst, a likely Negro Fellow, about 20 years old, of middling stature: Had on when he went away a blue cloth coat, a brown jacket and waistcoat, and blue stockings, and took with him a brown coat. Whoever takes up the said Fellow and delivers him to Mr. Isaac W oodruff, M erchant, in Elizabeth-town, shall receive 40sh Reward.","Hodges, Graham Russell Gao, and Alan Edward Brown, eds. “Pretends to Be Free”: Runaway Slave Advertisements from Colonial and Revolutionary New York and New Jersey. 1st ed. Fordham University Press, 2019. https://doi.org/10.2307/j.ctv7xbrzd.",
"The New-York Journal; or, The General  Advertiser",1380,6/15/1769,"June 12, 1769 Run-away on Satuday the 10th o f this Instant, from Leffert Waldron, at the 3 Mile Run, near new Brunswick, a yellowish Negro, named Ben, about 19 years old, about 5 feet 2 inches high, bushy Hair, speaks both low Dutch and English: Had on when he went away, a brown homespun Coat, with white Metal buttons, new homespun breeches, Felt Hat and sundry other Clothes. Also, at the  same time, run away, a Negro Fellow, from Ernestus Van Harlingen, at Millstone, in the County of Somersett, at the Court-House, named Jack, about 21 years old, about 5 feet 9 inches high, well built, also yellowish, speaks both Dutch and English: Had on when he went away, a blue coat,  brown jacket, half worn Leather Breeches and Felt Hat. Whoever will take up said Negroes and secure them so that  their Masters may have them again, shall have Six Dollars reward if taken within the Province and Seven Dollars if  taken without the Province, or half for each, paid by us. Leffert Waldron and Emestus Van Harlingen. 
P.S. The above Negroes are supposed to be gone off together as they were missing both together, at one time. It is supposed they have a false pass.","Hodges, Graham Russell Gao, and Alan Edward Brown, eds. “Pretends to Be Free”: Runaway Slave Advertisements from Colonial and Revolutionary New York and New Jersey. 1st ed. Fordham University Press, 2019. https://doi.org/10.2307/j.ctv7xbrzd.",
The Pennsylvania Gazette (Philadelphia),2113,6/22/1769,"Run away last night, from the Subscriber, living in Monmouth County, East-New Jersey, an indented servant man who calls himself William Kelly, he is a yellow fellow, part Indian and part Negroe, about 40 years of age. a well made strong fellow, about 5 feet 8 or 9 inches high; had on when he went away, an old beaver hat, a homespun light coloured cloth jacket, under ditto of the same striped flannel shirt, old leather breeches, old yam stockings and old shoes; has a large scar on the outside of his right leg, cut by a scythe, is much given to drink, and is very talkative. W hoever takes up and secures said Servant so that his Master may have him again, shall receive Forty Shillings  Reward, and reasonable charges, paid by Jos. Saltar. April 15, 1769.","Hodges, Graham Russell Gao, and Alan Edward Brown, eds. “Pretends to Be Free”: Runaway Slave Advertisements from Colonial and Revolutionary New York and New Jersey. 1st ed. Fordham University Press, 2019. https://doi.org/10.2307/j.ctv7xbrzd.",
The Pennsylvania Chronicle (Philadelphia),131,7/10/1769,"Somerset County, New-Jersey, July 15, 1769. Ran away from the subscriber, A Likely Negro Fellow, about five feet ten inches high, pitted with the small pox, has a nose more like a white than a black, speaks good English and writes a good hand. He took with him three jackets, one a fine brown  cloth, another of homespun linsey woolsey, lined, the other double breasted, without sleeves and one pair of new  trowsers. His other clothing is not known. W hoever takes up and secures said Negro so that his Master may have him again, shall have Three Pounds Reward, and all reasonable charges paid by William Cooke.","Hodges, Graham Russell Gao, and Alan Edward Brown, eds. “Pretends to Be Free”: Runaway Slave Advertisements from Colonial and Revolutionary New York and New Jersey. 1st ed. Fordham University Press, 2019. https://doi.org/10.2307/j.ctv7xbrzd.",
The New-York Gazette; and the Weekly Mercury,924,7/10/1769,"Five Dollars Reward Ran-away from the subscriber in Freehold, Monmouth County, in East-New-Jersey, on the 3rd Ultimo, a Negro Man named Frank, about 24 years old, about 5 feet 7 inches high; and walk nimble and light: Had  on when he went away, a black Everlasting Jacket without sleeves, white Shirt, Tow Trowsers and Felt Hat bound with yellow. Whoever takes up said Negro and secures him to his Master, shall receive the above Reward and all reasonable Charges paid by Daniel Van Mater.  N.B. He has a small round Scar on his cheek and it is thought he is to come to New-York and all Masters of Vessels is charged not to carry him off.","Hodges, Graham Russell Gao, and Alan Edward Brown, eds. “Pretends to Be Free”: Runaway Slave Advertisements from Colonial and Revolutionary New York and New Jersey. 1st ed. Fordham University Press, 2019. https://doi.org/10.2307/j.ctv7xbrzd.",
The New-York Gazette; and the Weekly Mercury,933,9/11/1769,"Three Dollars Reward Run-away from the subscriber at Elizabeth-Town on Tuesday the 22nd of August last, a likely young Negro Fellow called John: He is considerably upon the tawny colour, was born in this country; and bred in the family of the late Mr. Brockhurst at Pompton. It is conjectured that he may be lurking somewhere thereabouts or on Col. Philips Manor. Whoever shall secure the said Negro so that his master may have him again, shall receive the above recompense, and all charges paid by W illiam P. Smith.","Hodges, Graham Russell Gao, and Alan Edward Brown, eds. “Pretends to Be Free”: Runaway Slave Advertisements from Colonial and Revolutionary New York and New Jersey. 1st ed. Fordham University Press, 2019. https://doi.org/10.2307/j.ctv7xbrzd.",
The New-York Gazette; and the Weekly Mercury,936,10/2/1769,"Run-away on Sunday night the 17th Inst, from the  subscriber living in Newark, New-Jersey, a Negroe Man, named Ben; he is considerably on a tawney colour (it is likely that he will change his name as he is a crafty Fellow), he is about 30 years of age, 5 feet 8 or 9 inches high, well made, has a hair-mole on his cheek and lost two of his foreteeth, walks very quick, something stooping forward: Had on and took with him when he went away, one blue broad-cloth short coat with white buttons, a nankeen jacket  laced behind, two check and two tow shirts, two pair of tow trowsers, one pair of wollen and one pair of worsted stockings, one pair of pumps, and a short gun, brass mounted, and a piece of brass along the upper part of the barrel, almost as far as the sight. Whoever shall secure the said Negroe so that his Master may have him again, shall have Five Dollars reward and all reasonable charges paid by Nathaniel Richards.","Hodges, Graham Russell Gao, and Alan Edward Brown, eds. “Pretends to Be Free”: Runaway Slave Advertisements from Colonial and Revolutionary New York and New Jersey. 1st ed. Fordham University Press, 2019. https://doi.org/10.2307/j.ctv7xbrzd.",
The New-York Gazette; and the Weekly Mercury,939,10/23/1769,"Runaway from the subscriber living at Canoe-Brook, Essex County, New-Jersey, two Negro Men Slaves; the one called Cato, but sometimes calls himself John. He is a likely slender fellow about 5 feet 7 inches high, 30 years of age, with a Scar on the hind part of his Head, about the bigness of a Two Shilling piece: he had on a Snuff coloured thick set Coat, a Beaver hat about half worn, with Jacket and homespun Trowsers, but it is probable he will change his Dress. The other named Scipio a short thick well-set Fellow, about 5 feet high, and about 25 years of age, has a Rupture plainly to be discovered: Had on a blue and white striped homespun double breasted under Jacket without sleeves, and a black and white striped Jacket with sleeves over it; a blue Duffils watch coat, and a Pair of long white homespun  Trowsers. Whoever takes up and secures the said Runaways so that they may be had again, shall receive Four Dollars reward for each, and all reasonable charges paid by Jonathan Squire and John Williams.","Hodges, Graham Russell Gao, and Alan Edward Brown, eds. “Pretends to Be Free”: Runaway Slave Advertisements from Colonial and Revolutionary New York and New Jersey. 1st ed. Fordham University Press, 2019. https://doi.org/10.2307/j.ctv7xbrzd.",
The Pennsylvania Gazette (Philadelphia),2131,10/26/1769,"September 30, 1769. Twenty Dollars Reward for taking up and delivering to his Master, at Elizabeth-Town, a Negroe man slave, named Britt, this country bom, about 30 years of age, near 6 feet high, a well set fellow; or Ten Dollars will be given if taken up and secured in Northampton gaol so that his Master, the subscriber may have him again; he was formerly the property of Nathaniel Salmon of Springfield in the Borough of Elizabeth, Essex County, and Province of New Jersey, who was taken in execution by W illiam Barnett, Sherrif of said Borough and county, and was sold at public vendue, for the benefit of said Salmon’s creditors, unto the subscriber, and is supposed to be taken off by his former master, and gone to Lahnawanack or Wyoming as he was seen with said Salmon, travelling on that road. These are therefore to warn all persons from harbouring entertaining or buying said Negro on their Peril, as they may depend, on being prosecuted, as the law directs (in such cases) for detaining or keeping said slave from his M aster’s service. JACAMIAH SMITH.","Hodges, Graham Russell Gao, and Alan Edward Brown, eds. “Pretends to Be Free”: Runaway Slave Advertisements from Colonial and Revolutionary New York and New Jersey. 1st ed. Fordham University Press, 2019. https://doi.org/10.2307/j.ctv7xbrzd.",
"The New-York Gazette; or, The Weekly Post-Boy",1410,1/8/1770,"Albany, December 29, 1769 Five Pounds Reward Stolen in the Night Preceding the 28th Instant from Colonel  Bradstreet, a strong well made black Horse, fifteen hands high, with a good saddle and Bridle, and supposed to be taken by a dark Mullatto or Negro Man, who made his  escape out of the Gaol a Day or Two before, where he was confined for running away from his Master Mr. Nathaniel Richards, of Newark, in New Jersey. Said Mullatto or Negro is about 5 feet 10 inches high, thin made, large flat nose, with curled hair down each cheek, had on a grey surtout coat. Whoever takes up said Horse, with or without the Negro, shall have the above Reward, with reasonable charges, on bringing him to Col. Bradstreet, or securing him and wending Word thereof, and if the Negro is taken it is requested that he be secured in some Gaol, and Information thereof be given to Col. Bradstreet. His name is said to be Ben and that he has changed it to Bon or Bond.  N.B. An Irishman, commonly called Toby Quit,  absconded the same night from Albany, and perhaps may have taken the horse. He is about 5 feet 9 inches high, fair short hair, tied behind, had on an old Hat, with a blue half worn surtout Coat, with brass buttons on each side and a double cape.","Hodges, Graham Russell Gao, and Alan Edward Brown, eds. “Pretends to Be Free”: Runaway Slave Advertisements from Colonial and Revolutionary New York and New Jersey. 1st ed. Fordham University Press, 2019. https://doi.org/10.2307/j.ctv7xbrzd.",
The Pennsylvania Gazette (Philadelphia),2164,6/14/1770,"Run away from the subscriber living on the Sea Shore near Metetekunk, in the County of Monmouth, Township of Dover, and Province of East-Jersey, a Negro Man, named Prince, 5 feet 8 or 10 inches high. Had on when he went away, an Iron Collar round his Neck, a Wool Hat, with a green Binding, Ozenbrigs Shirt and Trowsers, a brown Waistcoat, without Sleeves, and shoes, without Stockings. Whoever takes up said Negroe and secures him in any of His Majesty’s Gaols, or brings him to his Master, shall have Twenty Shillings reward and reasonable charges paid by me Joseph Allen.","Hodges, Graham Russell Gao, and Alan Edward Brown, eds. “Pretends to Be Free”: Runaway Slave Advertisements from Colonial and Revolutionary New York and New Jersey. 1st ed. Fordham University Press, 2019. https://doi.org/10.2307/j.ctv7xbrzd.",
"The New-York Gazette; or, The Weekly Post-Boy",1443,6/18/1770,"New-Jersey, June 12, 1770 Run away from the Subscriber living in Woodbridge, East New-Jersey, in the night of the 2nd Instant, a Negro Man called Dick, about five feet eight  inches high, about 28 years of age, speaks very good English, is a well-looking, well-built fellow, somewhat on the Yellow; takes uncommon Pains with his short wooly Hair, which he wears cut on the fore Part of his Head: He took with him a blue coat, a black Velvet Jacket and Breeches, with sundry other very good Cloathes. It is likely that he may change his Name, and have a Pass: He has been seen in New-York a few days ago. Whoever takes up and secures the said Fellow so that his Master may have him again, shall receive Five Pounds New-York Currency and all reasonable charges paid by me David Edgar.  N.B. As he took with him a silk Cap, it is likely he may cut off his Hair. All Masters of Vessels and others are hereby forewarned of harbouring or carrying him off at their Peril.","Hodges, Graham Russell Gao, and Alan Edward Brown, eds. “Pretends to Be Free”: Runaway Slave Advertisements from Colonial and Revolutionary New York and New Jersey. 1st ed. Fordham University Press, 2019. https://doi.org/10.2307/j.ctv7xbrzd.",
The Pennsylvania Chronicle (Philadelphia),196,10/8/1770,"Forty Shilling reward Ran away on the 6th of this Instant October, from the subscriber, living in Somerset County, East N. Jersey, a Negro Man, named Arch, about 5 feet 8 inches high, and about 30 years of age, pretty black, walks very upright, and wears his hat right up. Had on when he went away, a brown coloured linsey coat, red vest, lined with white, buckskin breeches, and white stockings; also took with him a grey kersey jacket, with the sleeves turned up. It is imagined he is gone some back way to Albany, to meet some yellow free Negroes, which went by water at about the same time, or else try to get aboard some vessel, as he attempted about 3 years ago below Philadelphia, but was taken up. It is supposed he has got a false pass; he can read  the bible very well. Whoever takes up said Negro, and secures him in any of his Majesty’s gaols, so that his master may have him again, shall be paid the above reward, and all reasonable charges paid by Roelof Van Dike.","Hodges, Graham Russell Gao, and Alan Edward Brown, eds. “Pretends to Be Free”: Runaway Slave Advertisements from Colonial and Revolutionary New York and New Jersey. 1st ed. Fordham University Press, 2019. https://doi.org/10.2307/j.ctv7xbrzd.",
"The New-York Gazette; or, The Weekly Post-Boy",1458,12/10/1770,"RUNAWAY from me the Subscriber, a Negro Boy, named SPIER; had on when he went away a blue Cloth Coat, with another short white Ditto under it, old knit yellow Breeches, Shoes and Stockings, and his Hat sewed up all round. He is about Fifteen Years of Age, is remarkably black, large Nose, with Guinea Cuts on his Cheeks, has two very large Lubs  near each Ear, is pretty well set, and a little knock knee’d, very apt to smile when spoken too. If taken up in Town One Dollar Reward, and if out of Town Two Dollars, and all reasonable Charges, will be paid by JOHN SLIDELL.  N.B. I do forewarn all Persons, from Harbouring, concealing or carrying off said Slave, at their Peril. He took with him a large white Blanket. New-York, Nov. 16, 1770.","Hodges, Graham Russell Gao, and Alan Edward Brown, eds. “Pretends to Be Free”: Runaway Slave Advertisements from Colonial and Revolutionary New York and New Jersey. 1st ed. Fordham University Press, 2019. https://doi.org/10.2307/j.ctv7xbrzd.",
"The New-York Gazette; or, The Weekly Post-Boy",1472,3/18/1771,"RUN AWAY on Thursday the 7th of March, from Peter Low, a Mulatto Slave, named Syme, or Symon, (half Indian and half Negro Breed) aged about 24 Years, is a Chimney Sweeper: Had on when he went away, an old Thickset Coat, and old Beaver Hat, an old Watch-Coat, and other old Cloaths; had his Utensils for Sweeping with him: — He is short and wellset, has a heavy walk, speaks slow and thick, both Dutch and English: has short but straight Indian like  Hair, and generally smiles when spoken to. Perhaps he may pretend to be free. Masters of Vessels and others are warned from carrying him off.  Whoever takes up the said Negro and secures him, so that his Master may have him again, shall have Two Dollars, and if taken out of the City of New York, Four Dollars Reward, with all reasonable Charges, paid by PETER LOW.  N.B. The said Peter Low, continues to make and sell, CHOCOLATTE at his House the upper end of Maiden-Lane.","Hodges, Graham Russell Gao, and Alan Edward Brown, eds. “Pretends to Be Free”: Runaway Slave Advertisements from Colonial and Revolutionary New York and New Jersey. 1st ed. Fordham University Press, 2019. https://doi.org/10.2307/j.ctv7xbrzd.",
The New-York Gazette; and the Weekly Mercury,1013,3/25/1771,"Twenty Dollars Reward. Run away about 18 months since  from Springfield, near Elizabeth-Town, a certain Negro man named Brit: He is about 30 years old, near 6 feet high, stout and well made: He was taken by execution at the suit of Elias Desbrosses, Esq. of New-York and sold at Vendue by the Sheriff of Essex County, and purchased by Jecamiah Smith. The said Fellow is supposed to be harboured at Wyoming,  by his former Master, Nathaniel Salmon. All persons therefore are forbid to harbour or entertain said Negro, and any Person that will take him up, and bring him to the Subscriber, shall have the above reward or 10 dollars if taken and sent to any Gaol in the Province of Pennsylvania, New-Jersey or New-York, so that he may be had again. Jecamiah Smith.","Hodges, Graham Russell Gao, and Alan Edward Brown, eds. “Pretends to Be Free”: Runaway Slave Advertisements from Colonial and Revolutionary New York and New Jersey. 1st ed. Fordham University Press, 2019. https://doi.org/10.2307/j.ctv7xbrzd.",
The New-York Gazette; and the Weekly Mercury,1028,6/8/1771,"New York, June 14, 1771. Runaway from W illiam Bayard’s farm, Hoobock, opposite the City of New-York, a mullato servant man, named Charles, about 40 years of age, five feet seven or eight inches high, much pock-broken, his head partly grey, wears a cap sometimes; speaks good English, rather thin, understands all kinds of farming business, is a good coachman and gardner, and tends well on a gentleman; has carried a number of cloathes with him so that he cannot well be described, as to what he wears; passes it is said for a freeman and has a forged pass with him. All masters of vessels are forbid to carry him off and all taverns and other houses from entertaining him. W hoever will  secure the said fellow in the nearest gaol where he is taken up, and give the earliest intelligence to his Master, shall have Ten Dollars reward, and all reasonable charges paid by William Bayard.","Hodges, Graham Russell Gao, and Alan Edward Brown, eds. “Pretends to Be Free”: Runaway Slave Advertisements from Colonial and Revolutionary New York and New Jersey. 1st ed. Fordham University Press, 2019. https://doi.org/10.2307/j.ctv7xbrzd.",
"The Pennsylvania Journal, and the Weekly Advertiser (Philadelphia)",1491,7/1/1771,"Perth Amboy, July 4, 1771. Fifteen Pounds Reward  Runaway from the subscriber, in the month of October, 1762, a Mullatoe Woman Slave, named Violet, about 35 years of age; she is very active and rather tall, sometimes afterwards she was seen in the company of one James Lock, somewhere on the Susquehannah, and by information was apprehended and committed to gaol, in the year 1764, in Frederick’s Town, In Maryland, on suspicion of having runaway. From that gaol she was reported to have made an escape and two month’s ago, was discovered about fifteen miles from Ball-Fryer’s ferry, in Frederick’s county, in Maryland aforesaid where she had three children, Edward Bonnel of Monmouth County, in the Province of NewJersey, was formerly her owner, and after his decease she was sold by his executors to the subscriber. Any person who may take her up must secure her strictly or she will certainly escape again, being remarkably artful. Whoever  delivers her and her children to the subscriber or Thomas Kean, Esq, in New Castle, on Delaware, shall receive the above reward, or ten pounds for the wench only, and reasonable charges from Philip Kearney.","Hodges, Graham Russell Gao, and Alan Edward Brown, eds. “Pretends to Be Free”: Runaway Slave Advertisements from Colonial and Revolutionary New York and New Jersey. 1st ed. Fordham University Press, 2019. https://doi.org/10.2307/j.ctv7xbrzd.",
The Pennsylvania Chronicle (Philadelphia),235,7/1/1771,"Twelve Dollars reward Ran away from the subscribers the 2nd Day of July instant, a Negro Man slave, who calls himself by the several names of James, Gaul, Mingo, Mink and Jem. His real name is Jem; he is about 5 feet 6 inches high, thick set, and not very black; he has a scar on his face, and is about 35 years old; he took with him two oznabrigs shirts and trowsers, a broadcloth coat, a coating waistcoat, a felt hat, and a violin. He is supposed to have gone off with a certain Patrick Johnson, who was born in Ireland, about 5 feet 10 inches high and 30 years old; he is thin about the  flesh, having lately been sick; had on and took with him, one new check and two new oznabrigs shirts and trowsers, a felt hat, narrow-brim’d and bound with brown ferreting, an old fustian waistcoat without sleeves, fine short brown hair and is much addicted to strong liquors. They stole and took with  them, a large brown Horse, about 12 years old, near 15 hands high, very strong made, paces and trots, and is branded,, either on the shoulder or thigh with some letters not remembered. Whoever takes up and secures the said Negro and Horse and delivers them to the subscribers at Newark, in New-Jersey, shall be entitled to the above reward and well paid for extra charges, or Eight dollars for the Negro and  Four Dollars for the Horse. Isaac Wilkins, Samuel Ogden. Newark, July 4, 1771.","Hodges, Graham Russell Gao, and Alan Edward Brown, eds. “Pretends to Be Free”: Runaway Slave Advertisements from Colonial and Revolutionary New York and New Jersey. 1st ed. Fordham University Press, 2019. https://doi.org/10.2307/j.ctv7xbrzd.",
"The New-York Gazette; or, The Weekly  Post-Boy",1496,9/2/1771,"N ew-Y ork, A ugust 15, 1771. RUNAW AY from the Subscriber, a negro Boy, of about 15 Years of Age, named BRISTOL, can speak both Low Dutch and English, is small of his age; had on when he went away, a Tow-Cloth Jacket and Trowsers, Oznabrigs Shirt, was barelegged. Whoever takes up said Negro Boy, and will bring him to me in Chappel Street, or to the Printers hereof, shall have TWO DOLLARS Reward, and all reasonable Charges, paid by AARON STOCKHOLM. All Persons are hereby forbid to harbour him, and Masters of Vessels forewarned carrying him away at their Peril.","Hodges, Graham Russell Gao, and Alan Edward Brown, eds. “Pretends to Be Free”: Runaway Slave Advertisements from Colonial and Revolutionary New York and New Jersey. 1st ed. Fordham University Press, 2019. https://doi.org/10.2307/j.ctv7xbrzd.",
"The New-York Gazette; or, The Weekly Post-Boy",1552,6/15/1772,"RUN away from the Schooner Dove, Benjamin Crane Master, last week a Negro man Named JAMES, about six  feet high, very black, speaks tolerable good English, had on when he went away, a brown jacket and a pair of stripped flannel trowsers very much tarr’d, a woolen check or stripped shirt; said negro was born in Jamaica, from whence he ran away about twelve months since, seems to understand  the taylor’s trade, and likewise driving a coach, is one of which capacities, he may likely offer his service to some gentlemen in this city, and likewise pretends he is free. Whoever apprehends said negro and delivers him to the subscriber living on Cromline’s Wharf, shall receive five Dollars reward and all reasonable charges paid by JOHN HOSMER. New-York, June 14th, 1772.","Hodges, Graham Russell Gao, and Alan Edward Brown, eds. “Pretends to Be Free”: Runaway Slave Advertisements from Colonial and Revolutionary New York and New Jersey. 1st ed. Fordham University Press, 2019. https://doi.org/10.2307/j.ctv7xbrzd.",
The New-York Gazette; and the Weekly Mercury,1087,8/24/1772,"RUN-AWAY from the Subscriber, living at Harlem, the 2d inst. a Negro Man named TOM: Had on when he went away, a Tow Shirt and Trowsers, Homespun Jacket lined with green, and an old Hat: walks upright, very thick Lips, about 5 Feet 9 Inches high, and very black. Whoever takes  up the said Negro, and brings him to his Master, or secures him in any of his M ajesty’s Goals, shall have THIRTY SHILLINGS Reward, and all reasonable Charges, paid by the Subscriber. SAMSON BENSON, jun.","Hodges, Graham Russell Gao, and Alan Edward Brown, eds. “Pretends to Be Free”: Runaway Slave Advertisements from Colonial and Revolutionary New York and New Jersey. 1st ed. Fordham University Press, 2019. https://doi.org/10.2307/j.ctv7xbrzd.",
The New-York Gazette; and the Weekly Mercury,1090,9/14/1772,"RUN-away from the subscriber, living at Westchester, a negro lad named Claus, about 18 years old, and 5 feet 7 or 8  inches high: Had on when he went away, a white hat about half worn, a brown jacket without lining, tow shirt and trowsers, and an old pair of shoes: He speaks good English and Dutch. Whoever takes up the said negro and secures him, so that he may be had again, or delivered to his master, shall have Forty Shillings reward, and all reasonable charges, paid by ISAAC LEGGETT.","Hodges, Graham Russell Gao, and Alan Edward Brown, eds. “Pretends to Be Free”: Runaway Slave Advertisements from Colonial and Revolutionary New York and New Jersey. 1st ed. Fordham University Press, 2019. https://doi.org/10.2307/j.ctv7xbrzd.",
The New-York Gazette; and the Weekly  Mercury,1095,10/19/1772,"RUN-AWAY from the subscriber, living in New-York, on Saturday morning the 8th inst. a negro man named CATO, of about 22 years old, and about 5 feet 9 inches high; he is very black, straight, and well-limb’d, looks grum, speaks pretty good English, a little lisping. Three months ago he belonged to Charles Tooker, of the borough of Elizabeth, county of Essex in the province of New-Jersey: It is supposed he is gone that way: Had on an ozenbrigs shirt, jacket, and trowsers, a new felt hat, shoes and stockings, he likewise took with him an ozenbrigs shirt, jacket and trowsers, and almost a new beaver hat, and a blue waistcoat half worn. Whoever takes up the said negro man, so that his master may have him again, shall receive 205. reward, if on this island, and 405. if taken elsewhere, and all reasonable charges, paid by JOHN DE PEYSTER, jun.","Hodges, Graham Russell Gao, and Alan Edward Brown, eds. “Pretends to Be Free”: Runaway Slave Advertisements from Colonial and Revolutionary New York and New Jersey. 1st ed. Fordham University Press, 2019. https://doi.org/10.2307/j.ctv7xbrzd.",
The New-York Gazette; and the Weekly Mercury,1097,11/2/1772,"Six Pounds Reward. RUN-away from Caleb Morgan, in East-Chester, the eighteenth day of October last, a negro man named Sambo, about 25 years of age, about five feet nine inches high, of a yellow complexion, pretty slim built, a  sober looking fellow: Had on when he went away, a blue broad cloth coat, with red lining; a black Manchester velvet jacket without sleeves, a pair of buckskin breeches, and blue stockings, a good pair of thick shoes, two shirts, and an old felt hat; one of his fore fingers (the tip end) is bruised off, so that the skin grows fast to the bone; the other hand the  middle finger is something crooked, so that he cannot open it so straight as the others. He talks very good English, and I believe he can talk Dutch, he being brought up among the Dutch the west side of the north river. It is mistrusted that a white man has carried him away in order to make sale of him, or has given him a pass; the m an’s name that is mistrusted is John Norris, about 30 years of age, often goes down to the Jerseys; perhaps he may have changed his name, he is a lusty man. If any person does discover any white man with the negro, and they have made sale, or does it to make sale of him, and takes up the white man with the negro, and secures them in any of his M ajesty’s goals, so  that I can come get my negro again, and the white man brought to justice, shall have the above reward; or Five Pounds, and reasonable charges, for the negro alone; paid by CALEB MORGAN.","Hodges, Graham Russell Gao, and Alan Edward Brown, eds. “Pretends to Be Free”: Runaway Slave Advertisements from Colonial and Revolutionary New York and New Jersey. 1st ed. Fordham University Press, 2019. https://doi.org/10.2307/j.ctv7xbrzd.",
The New-York Gazette; and the Weekly Mercury,1101,11/30/1772,"FIVE DOLLARS REWARD, RUN-away from Samuel Ogden, of Boontown, in the County of M orris, and Province of New-Jersey, on Sunday the 18th of October last: A Negro Man named Mingo or Tim, he is about 30 Years of Age; has a scar either on his Nose or one of his Cheeks; is about 5 feet 7 or 8 Inches high, plays on the Violin, speaks good Dutch and English, and is much addicted to Strong drink: Had on when he went away a dark brown broad cloth Coat, with brass Philadelphia Buttons, a brown broad cloath waist-coat, with basket mohair Buttons, a Pair of red coating Trowsers, an ozenbrig Shirt and wool  Hat. He was formerly the property of Isaac Wilkins, Esq; of West-Chester, about which Place it is not unlikely he may be lurking. Whoever apprehends said Negro and returns him to his Master, or secures him in any of his M ajesty’s Goals, shall be paid the above Reward, and all reasonable Charges by SAMUEL OGDEN.","Hodges, Graham Russell Gao, and Alan Edward Brown, eds. “Pretends to Be Free”: Runaway Slave Advertisements from Colonial and Revolutionary New York and New Jersey. 1st ed. Fordham University Press, 2019. https://doi.org/10.2307/j.ctv7xbrzd.",
"The New-York Gazette; or, The Weekly Post-Boy",1551,1/4/1773,"RUNAWAY from the subscriber, on the 25th of December last, a Negro Wench, named PHILIS, late the property of William Smith, Esq; She had on when she went away, a light coloured calimanco gown, a check apron, black silk cloak, and a black peelong bonnet. Said Wench is marked in the forehead with a diamond, has lost several of her fingers on each hand, and also some of her toes. Whoever takes up and secures said Wench, so that she may be had again, shall receive TWENTY SHILLINGS reward, and all reasonable charges, paid by MARY EXCEEN.  All Masters of vessels are hereby forwamed carrying off said Wench, as they may depend upon being prosecuted with the utmost rigour of the law.","Hodges, Graham Russell Gao, and Alan Edward Brown, eds. “Pretends to Be Free”: Runaway Slave Advertisements from Colonial and Revolutionary New York and New Jersey. 1st ed. Fordham University Press, 2019. https://doi.org/10.2307/j.ctv7xbrzd.",
The New-York Gazette; and the Weekly Mercury,1106,1/11/1773,"RUN-AWAY from the subscriber, on Sunday Evening the 27th Day of December last, a Negro Man named JACK, about 33 Years old, a short spare Fellow: Had on when he went away, a brown double-breasted short Forrest Cloth Jacket, with plain Brass Buttons, lined with red Baize; a red Baize under jacket, Leather Breeches, and blue Yarn  Stockings. He took with him a light Coat much wore of fine twilled Frize, the knap wore off, and a new blue Watch-coat of Coating, with white plated Buttons. He was purchased from Hendrick Emons, of Rockey-Hill, in New-Jersey, about 9 Years ago, and it is supposed he is either gone that Way, where he has a Mother, or else to anthony Ten Eyck’s, at Albany, where he has a Wife.— Any Person that will take up said Negro and secure him, so that his Master mat have him again, shall have Forty Shillings Reward, and all reasonable Charges, paid by PETER KETELTAS.","Hodges, Graham Russell Gao, and Alan Edward Brown, eds. “Pretends to Be Free”: Runaway Slave Advertisements from Colonial and Revolutionary New York and New Jersey. 1st ed. Fordham University Press, 2019. https://doi.org/10.2307/j.ctv7xbrzd.",
The New-York Gazette; and the Weekly Mercury,1106,1/11/1773,"TWENTY SHILLINGS Reward. Absented himself from his Master, living in Hanover-Square, the 2d Inst, a Negro Man called Dick, aged 19 Years. He had on when he went away, a Beaver Hat, smartly cocked, a new light coloured Coat and Waistcoat, with Metal Buttons, green Linings, the Collar and Cuffs of the Coat turned up with Green; new Buckskin Breeches, a Pair of ribbed Stockings of a mixed Colour, and Silver Buckles in his Shoes. He is a likely, well-made Fellow, and speaks both English and Dutch. It is supposed that he has been seduced by bad Company during the late Holydays; and that he is lurking somewhere in the City, or its Environs. W hoever secures the said Negro, so that the Subscriber may have him again, shall receive Twenty Shillings Reward, from CHARLES INGLIS.","Hodges, Graham Russell Gao, and Alan Edward Brown, eds. “Pretends to Be Free”: Runaway Slave Advertisements from Colonial and Revolutionary New York and New Jersey. 1st ed. Fordham University Press, 2019. https://doi.org/10.2307/j.ctv7xbrzd.",
The New-York Gazette; and the Weekly Mercury,1112,2/15/1773,"RUN-AWAY from the subscriber on the 29th of August last, a negro man named SAM, aged about 26 years, is about 5 feet 10 or 11 inches high, has black smooth skin, streight built, and well limb’d; has a scar on one of his knees, can speak both English and Dutch, but sounds mostly on the latter: He is very strong and nimble, and does not want for wit; he can play well on the violin, and is fond of company: It is likely he may have a forged pass, and pretends to be free. All masters of vessels and others, are hereby forbid to  harbour or carry off the said slave, or any wise to asist him. Whoever apprehends him, and delivers him to the subscriber in the Manor of Cortlandt, shall receive a reward of FIVE  DOLLARS, with reasonable charges, if taken in Westchester County; and if taken out of said county, THREE POUNDS, with charges as above, paid by JOHN BRYAN.","Hodges, Graham Russell Gao, and Alan Edward Brown, eds. “Pretends to Be Free”: Runaway Slave Advertisements from Colonial and Revolutionary New York and New Jersey. 1st ed. Fordham University Press, 2019. https://doi.org/10.2307/j.ctv7xbrzd.",
The New-York Gazette; and the Weekly Mercury,1124,5/10/1773,"THIRTY DOLLARS Reward. RUN-AWAY from the subscriber, living at Connecticut Farms, near ElizabethTown, New-Jersey, the 13th of March, a negro man named BRET: He is the same fellow the Salmons have had at Weyoming for three years past; is stout and well made, near  6 feet high, about 33 years old: Had on when he went away,  a red great coat half worn, a blue coat, and a Kersey jacket of the same colour, with flat white metal buttons, buckskin breeches, and black and white stockings. He can read and write, and ’tis supposed will forge a pass. Whoever takes up and secures the said fellow in either Philadelphia or Easton goal, so that his master may get him again, shall have the above reward, and all reasonable charges for bringing him to the subscriber. — ’Tis probable he may endeavor to get to the Mississippi; and in case taken there, and sent to NewYork, the above reward will be paid by Hugh Gaine.— If apprehended, unless well secured, he will endeavor to make his escape, being strong and very artful. Those that harbour said fellow, may depend on being prosecuted by JECAMIAH SMITH.","Hodges, Graham Russell Gao, and Alan Edward Brown, eds. “Pretends to Be Free”: Runaway Slave Advertisements from Colonial and Revolutionary New York and New Jersey. 1st ed. Fordham University Press, 2019. https://doi.org/10.2307/j.ctv7xbrzd.",
The New-York Gazette; and the Weekly Mercury,1126,5/24/1773,"TEN DOLLARS Reward. RUN-AW AY from the subscriber, living in Morris county, New-Jersey, on Sunday night the 9th inst. a likely young negro wench named  HAGER, about 20 years old: Had on when she went away, a black and white striped linsey woolsey short gown and pettycoat, with some other cloths which she took with her: She has stole some goods, and was under a warrant for stealing when she absented herself. Any person who takes  up and secures her, so that she may be had again, shall have the above award of TEN DOLLARS, and all reasonable charges, paid by JACOB MORRELL.
N.B. All persons are forbid to harbour or conceal her, as they may depend on being prosecuted to the utmost rigour of the law.","Hodges, Graham Russell Gao, and Alan Edward Brown, eds. “Pretends to Be Free”: Runaway Slave Advertisements from Colonial and Revolutionary New York and New Jersey. 1st ed. Fordham University Press, 2019. https://doi.org/10.2307/j.ctv7xbrzd.",
"Rivington’s New-York Gazetteer; or The  Connecticut, Hudson’s-River, New-Jersey, and Quebec Weekly Advertiser, (hereafter Rivington’s New-York Gazetteer)",8,6/10/1773,"RUN away from the Subscriber about fourteen days past, a Negro man named Pompey, a well set Fellow about 5 Feet 8 inches high, speaks both English and Dutch, but something broken, had on when he went away, a claret coloured coat, a grey waistcoat, lined with flannel, blue broadcloth breeches, white linnen trowsers, one check, and two white shirts, is about 35 years of age: Whoever takes up said slave, and secures him in any of his Majesty’s gaols, or returns him to his Master at Newark in New-Jersey, or to Captain Josiah Banks, at Hackinsack, in the county of Bergen, shall have four Dollars reward from me. May 11, 1773. DAVID OGDEN.","Hodges, Graham Russell Gao, and Alan Edward Brown, eds. “Pretends to Be Free”: Runaway Slave Advertisements from Colonial and Revolutionary New York and New Jersey. 1st ed. Fordham University Press, 2019. https://doi.org/10.2307/j.ctv7xbrzd.",
"The New-York Gazette; or, The Weekly Post-Boy",1576,7/5/1773,"FORTY SHILLINGS REWARD, RUN-AWAY from the subscriber, living at Newark, Essex country New-Jersey, on the 3d inst. a Mulatto Fellow, called HARRY, about twenty years of age, five feet two inches high, straight black hair which he generally wears tied behind, speaks good English and understands the potash business: He had on when he  went away, a blue cloth coat, white lining, brown linen waistcoat, striped trowsers, an old castor hat, newly dressed. Whoever takes up and secures the said Mulatto  Fellow in any of his Majesty’s goals, so that his master may have him again, shall receive the above reward. Newark, June 14, 1773, THOMAS BROWN. It is supposed he will endeavour to get to the German Flats or parts adjacent: If he should be taken up in the county of Albany, and delivered to Capt. Peter Brott, in the city of Albany, he will pay the above reward.","Hodges, Graham Russell Gao, and Alan Edward Brown, eds. “Pretends to Be Free”: Runaway Slave Advertisements from Colonial and Revolutionary New York and New Jersey. 1st ed. Fordham University Press, 2019. https://doi.org/10.2307/j.ctv7xbrzd.",
Rivington’s New-York Gazetteer,12,7/8/1773,"Five Dollars Reward, RUN away from the Subscriber living in Shrewsbury, a Negro servant man named BEN, otherwise called Cip, about 30 years of age, near 5 feet high, of a yellow complexion: had on when he went away, a pair of tow trowsers, linen shirt, with creepers to the bosom and wrists, a frize jacket, with cuffs to the sleeves, he has been  in the army, and talks much when a little elevated with liquor. Whoever secures said Negro shall be entitled to the above reward, and all reasonable charges, paid by STEPHEN TALLMAN, jun. June 26, 1773.","Hodges, Graham Russell Gao, and Alan Edward Brown, eds. “Pretends to Be Free”: Runaway Slave Advertisements from Colonial and Revolutionary New York and New Jersey. 1st ed. Fordham University Press, 2019. https://doi.org/10.2307/j.ctv7xbrzd.",
Rivington’s New-York Gazetteer,17,10/21/1773,"Run away from the subscriber living on Long Bridge Farm in the County of Middlesex, New Jersey, a negro man named Jack, he is of a brown colour, about 5 feet 11 inches high, rather slim made; had on when he went away, a broad  cloth homespun jacket without sleeves, blue and red mixed, leather breeches about half worn, a flannel shirt, and an old wool hat. It is suspected he may have taken some other cloathes with him, but it is not certain. Whoever takes up and secures the said negro man and brings him to the subscriber, or secures him in any gaol, so that he may have  him again, shall have eight dollars reward and all reasonable charges paid by Samuel Okeson. N.B. He has been gone about three weeks.","Hodges, Graham Russell Gao, and Alan Edward Brown, eds. “Pretends to Be Free”: Runaway Slave Advertisements from Colonial and Revolutionary New York and New Jersey. 1st ed. Fordham University Press, 2019. https://doi.org/10.2307/j.ctv7xbrzd.",
Rivington’s New-York Gazetteer,31,11/18/1773,"Ten Dollars Reward, run away Tuesday night, from Michael Varien, a negro wench named Violet, about eighteen years old, of a yellowish colour about five feet high, she has a scar on her left arm where she was inoculated about the size of a shilling and a small blemish in one of her eyes: before she went off she took away a large quantity of cloathes belonging to her mistress consisting of chintz gowns, two black silk cloaks and hats, a red short cloak, laced caps, etc. W hoever brings the said wench to the B ull’s Head in Bowery Lane shall receive the above reward.","Hodges, Graham Russell Gao, and Alan Edward Brown, eds. “Pretends to Be Free”: Runaway Slave Advertisements from Colonial and Revolutionary New York and New Jersey. 1st ed. Fordham University Press, 2019. https://doi.org/10.2307/j.ctv7xbrzd.",
Rivington’s New-York Gazetteer,50,3/31/1774,"Woodbridge, in East-Jersey, A pril 1, 1774. FIV E DOLLARS Reward. RUN away on the 22nd day of March,  at night, from the subscriber, living in the township of W oodbridge, in East-Jersey, a servant man, name JACK, about five feet seven inches high, Indian look, bushy hair, about thirty-two years of age, and can read; he has lost his upper foreteeth, and is to be seen on his left hand, a bruise done formerly by a stone: Had on when he went away, a linsey woolsey jacket and breeches, both grey coloured and much worn, black horn buttons on the jacket, and pewter buttons on his breeches, of different sorts, a striped outer jacket, with strings in his shoes. He may pretend himself a freeman, but he is a proper slave born in this province, has  often runaway by drinking too much, and other misdemeanors. Whoever takes up the said servant so that his mastermay have him again, shall receive the above reward, and reasonable charges paid, by me ISAAC TAPPEN.  N.B. The abovementioned servant was seen to go through Baskinridge the 24th of March.","Hodges, Graham Russell Gao, and Alan Edward Brown, eds. “Pretends to Be Free”: Runaway Slave Advertisements from Colonial and Revolutionary New York and New Jersey. 1st ed. Fordham University Press, 2019. https://doi.org/10.2307/j.ctv7xbrzd.",
The New-York Gazette: and the Weekly Mercury,1178,5/23/1774,"FIVE DOLLARS Reward. RUN-away from the subscriber (the 27th of April last) living at King’s-Bridge, an elderly negro fellow named Jack, about six feet high, bald pated, Guinea m ark’d, &c, speaks good English, and has a smattering both of French and Dutch, lived formerly on Staten-Island : had on when he went away, a grey homespun jacket and breeches, with a pair of coarse tow-cloth trowsers. Any person that secures the said negro, so that the owner may have him again, shall be entitled to the above reward, and all reasonable charges, paid by I. G. TETARD. N.B. As the fellow has formerly been a sailor, he may probably take to sea; therefore all captains of vessels are forwamed carrying him off at their peril.","Hodges, Graham Russell Gao, and Alan Edward Brown, eds. “Pretends to Be Free”: Runaway Slave Advertisements from Colonial and Revolutionary New York and New Jersey. 1st ed. Fordham University Press, 2019. https://doi.org/10.2307/j.ctv7xbrzd.",
Rivington’s New-York Gazetteer,63,6/30/1774,"Five Dollars Reward. RAN AWAY on the night of the 4th instant, from Abraham Lawrence, living at Flushing on Long-Island, a Negro man named GEORGE, about five feet eight inches high, very thin visaged, of a yellowish complexion, and has black bushy hair, which he commonly wears tied behind; had on and took with him a whitish linen  coat, a grey homespun coat, blue jacket, buff-coloured half worn velvet breeches, with some patches, black stockings, and old shoes, and most commonly wears his hat cocked, though may change his coat to a brown. Whoever takes up said run-away and returns him to his master, or secures him  in any of his Majesty’s gaols, with giving his master a notice thereof, shall have FIVE DOLLARS reward, and all reasonable charges paid by the subscriber. All masters of vessels and others, are forbid carrying off, or harbouring said run-away, as they will be dealt with according to law, ABRAHAM LAWRENCE.  Flushing, June 6, 1774. 
N.B. He has been seen in New-York with a bundle of cloaths tied up in a handkerchief, which he stole the night before he came off. He came over Long-Island Ferry to  New-York on Sunday the 5th instant, in company with a white man who paid his ferriage. It is supposed they are both gone to the Eastward.","Hodges, Graham Russell Gao, and Alan Edward Brown, eds. “Pretends to Be Free”: Runaway Slave Advertisements from Colonial and Revolutionary New York and New Jersey. 1st ed. Fordham University Press, 2019. https://doi.org/10.2307/j.ctv7xbrzd.",
The New-York Gazette: and the Weekly Mercury,1184,7/4/1774,"RUN-AWAY from the subscriber living at Paramus, in the County of Bergen, on or about the first of May last, a negro man named PRINCE, about 40 years of age, five feet nine inches high, a black looking fellow, with some grey hairs in his beard: Had on a red duffles great coat, a brown strait coat, tow trowsers, had neither stockings nor shoes with him. Whoever secures the said negro that his master may have him again, shall have FOUR DOLLARS reward, and all reasonable charges paid by ANDREW JOHN HOPPER.","Hodges, Graham Russell Gao, and Alan Edward Brown, eds. “Pretends to Be Free”: Runaway Slave Advertisements from Colonial and Revolutionary New York and New Jersey. 1st ed. Fordham University Press, 2019. https://doi.org/10.2307/j.ctv7xbrzd.",
Rivington’s New-York Gazetteer,72,9/2/1774,"Five pounds reward. Run away from the subscriber, living in Scohary, the 6th of June last, a negro man named Bram, he is of a yellowish complexion, much pock-marked; about five feet six inches high, had on when he went away a white woolen homespun jacket, a wool hat, a woolen shirt, buckskin breeches, linen trousers, a pair of grey stockings, a good pair of shoes and plated buckles.  Whoever takes up the said negro and secures him in one  of His M ajesty’s gaols so that his master may have him again or delivers him to Jacob Ten Eyck Esq. at Albany shall receive the above reward, and all reasonable charges. John Bacher.  N.B. All masters of vessels and others are hereby warned not to harbour him or carry him off.","Hodges, Graham Russell Gao, and Alan Edward Brown, eds. “Pretends to Be Free”: Runaway Slave Advertisements from Colonial and Revolutionary New York and New Jersey. 1st ed. Fordham University Press, 2019. https://doi.org/10.2307/j.ctv7xbrzd.",
Rivington’s New-York Gazetteer,72,9/2/1774,"Run away about four weeks ago from the farm of Charles Atkins, esq., at Harlaem a mulatto man named Pierot: he is about 5 feet 8 inches high, near 40 years old: he was born in the West Indies.  Whoever takes him up and brings him to Mr. Lawrence Kortwright, in New York, shall have Twenty Shillings reward and all reasonable charges paid.","Hodges, Graham Russell Gao, and Alan Edward Brown, eds. “Pretends to Be Free”: Runaway Slave Advertisements from Colonial and Revolutionary New York and New Jersey. 1st ed. Fordham University Press, 2019. https://doi.org/10.2307/j.ctv7xbrzd.",
Rivington’s New-York Gazetteer,74,9/15/1774,"TEN DOLLARS REWARD. RUN AWAY on Friday the 26th of August, 1774, from the subscriber, North-Castle, Westchester county, and province of New-York, A NEGRO MAN, Named WILL, about 27 years of age, about five feet six inches high, somewhat of a yellow complexion, a spry lively fellow, very talkative; had on when he went away, a butter-nut coloured coat, felt hat, tow cloth trowsers; he has part of his right ear cut off, and a mark on the backside of his right hand.  Whosoever takes up said Negro and brings him to his master, or secures him in gaol, so that his master may have him again, shall have the above reward and all reasonable charges, paid by JAMES BANKS.  N.B. Masters of vessels are hereby warned not to carry off the above Negro.","Hodges, Graham Russell Gao, and Alan Edward Brown, eds. “Pretends to Be Free”: Runaway Slave Advertisements from Colonial and Revolutionary New York and New Jersey. 1st ed. Fordham University Press, 2019. https://doi.org/10.2307/j.ctv7xbrzd.",
Rivington’s New-York Gazetteer,78,10/13/1774,"Ten Pounds Reward. Run away from the Subscriber, about the 29th of Sept. 1772. A likely well set Negro Man, named Caesar, About twenty-six Years of Age; he is a black Fellow, and speaks good Low Dutch, as well as English, is very much given to Liquor, and is quarrelsome in his Cups. It is supposed he will be for staying about the Island in NewYork Government, amongst the Dutch, and probably pass for a Freeman; he has a Scar on one Side of his Face, the Resemblance of a C. He formerly belonged to John Goy, of Philadelphia, and is now my Property.  Whoever takes up the said Negro, and brings him to me, or so secures him, that he may be had by John Galloway, in Philadelphia, or Patrick Ewing, in Cecil County, in Maryland, shall receive the above Reward of either of them, or from me, WILLIAM EWING, in Sincastle County, Virginia.","Hodges, Graham Russell Gao, and Alan Edward Brown, eds. “Pretends to Be Free”: Runaway Slave Advertisements from Colonial and Revolutionary New York and New Jersey. 1st ed. Fordham University Press, 2019. https://doi.org/10.2307/j.ctv7xbrzd.",
Rivington’s New-York Gazetteer,78,10/13/1774,"WESTCHESTER, Oct. 3. Run away from the Subscriber, A Negro Man, named CLOSS, about five Feet seven Inches high; had on when he went away, a brown homespun Jacket, coarse Tow Shirt, and stripped Trowsers, rather long; he speaks good low Dutch, and English. Whosoever takes up and secures the said Negro, so that his Master may have him again, shall have Five Dollars reward, and all reasonable Charges paid by SAMUEL WELL. All Masters of Vessels and others, are forwamed to harbour or carry off said Negro, as they will answer it at their peril.","Hodges, Graham Russell Gao, and Alan Edward Brown, eds. “Pretends to Be Free”: Runaway Slave Advertisements from Colonial and Revolutionary New York and New Jersey. 1st ed. Fordham University Press, 2019. https://doi.org/10.2307/j.ctv7xbrzd.",
Rivington’s New-York Gazetteer,78,10/13/1774,"New-York, Oct. 7. Run away the 6th Inst, from MORICE SIMONS, A Negro Man, named PRINCE, about Five Feet nine Inches high, twenty Years old, had on when he went away a new Suit of brown Thickset, wears a Silver Loop,  Button, and Band on his Hat; he also wears his Hair tied up behind, and a large Tupee before.  Whoever will deliver the said Servant to his Master, at  Mrs. Smith’s near the Fly-Market, or Mr. Stephen Rapalje, shall receive a Reward of twenty Dollars.— All Masters of Vessels are hereby forewarned not to ship the said servant, as he may probably attempt to pass for a Freeman.","Hodges, Graham Russell Gao, and Alan Edward Brown, eds. “Pretends to Be Free”: Runaway Slave Advertisements from Colonial and Revolutionary New York and New Jersey. 1st ed. Fordham University Press, 2019. https://doi.org/10.2307/j.ctv7xbrzd.",
Rivington’s New-York Gazetteer,81,11/3/1774,"Eight Dollars Reward. Run-away from the subscriber, living near Princeton, in New-Jersey, A Negro man, named Constant, ABOUT the age of twenty-six; he is a well-built, likely, black, active, sensible fellow, and has been accustomed to attend a gentleman: Had on, and took with him the following cloaths, viz. Two brown broad cloth coats; one of them rather too large and long for Him, with silver plated buttons, the other very short, with plain buttons; a blue surtout coat; one brown Holland and one fustian short coat; one pair of sustian, and one ditto of  leather breeches; one pair of striped, and one ditto of check trowsers; one sustian, one striped gingham, and two white waist-coats; one pair of old boots; a pair of new and a pair of old shoes, with a pair of neat Pinchbeck buckles; one or two old beaver hats, cut in the fashion; two white and three check shirts; with sundry other things. Whoever takes up and secures said Negro in any of his Majesty’s gaols, so that his Master may get him again, shall receive the above reward, with all reasonable charges, by applying to the subscriber, near Princeton, to Dr. Samuel Duffield at Philadelphia, to Mr. Lloyd Daubney at New-York, or to Dr. Bates Williams  Peterson, near Elizabeth-Town. JOHN WILLIAMS SANDERS.  N.B. It is imagined he may have a forged pass, and go towards New-York or Philadelphia, with a view of procuring a passage to the West-Indies, from whence he  came; therefore all masters of vessels or others, are forewarned not to take him off, or any ways harbour him at their peril. He is learning to play on, and is very fond of the fiddle.","Hodges, Graham Russell Gao, and Alan Edward Brown, eds. “Pretends to Be Free”: Runaway Slave Advertisements from Colonial and Revolutionary New York and New Jersey. 1st ed. Fordham University Press, 2019. https://doi.org/10.2307/j.ctv7xbrzd.",
Rivington’s New-York Gazetteer,82,11/10/1774,"ARGYLE, O ctober 15, 1774. Run-aw ay from the subscriber, A Negro Man named Gassee, ABOUT twentysix years old, five feet six inches high; had on a dark brown jacket, blue frize trowsers, new shoes, and a white shirt; he also took with him, a striped linen shirt, and wore a felt hat. Any person that apprehends said Negro, and secures him, so as his master may have him again, shall receive the reward of TEN DOLLARS, and all reasonable charges paid by the subscriber, DUNCAN McARTHUR.","Hodges, Graham Russell Gao, and Alan Edward Brown, eds. “Pretends to Be Free”: Runaway Slave Advertisements from Colonial and Revolutionary New York and New Jersey. 1st ed. Fordham University Press, 2019. https://doi.org/10.2307/j.ctv7xbrzd.",
Rivington’s New-York Gazetteer,86,12/8/1774,"Ten Pounds Reward. RUN away from the Subscriber, a Negro Slave, named John Rattan, he sometimes passes by the Name of John Manley, about thirty-three Years of Age, five Feet five of six Inches high: Had on when he went away, a light colour Cloth Coat, and blue Cloth Waistcoat and Breeches; he is a likely Fellow, speaks very good English, and is very sensible.  Whoever delivers him to Mess. Hugh and Alexander Wallace, Merchants, in New-York, shall receive the above Reward, and all reasonable Charges. ROBERT CATHERWOOD.","Hodges, Graham Russell Gao, and Alan Edward Brown, eds. “Pretends to Be Free”: Runaway Slave Advertisements from Colonial and Revolutionary New York and New Jersey. 1st ed. Fordham University Press, 2019. https://doi.org/10.2307/j.ctv7xbrzd.",
"The New-York Journal; or, The General Advertiser",166,1/5/1775,"THREE DOLLARS REWARD. RUNAWAY from the subscribers, the 10th instant, two indented Mulatto boys; one named SIMEON, might be taken for a white boy; about  20 years of age, four feet two inches high; had on when he  went away, a dark gray suit of kersey clothes, stockings of the same colour, shoes nailed with hob nails, supposed not to have any hat. The other named SAM, middling dark complexion, about 18 years of age, five feet 2 inches high, had on when he went away, a light gray suit of kersey clothes, a white flannel shirt and good felt hat; supposed to have other clothes with him. Whoever returns or secures said boys, giving proper notice, so that their masters may have them again, shall be entitled to the above reward, and all reasonable charges, paid by  SAMUEL PHILIPS WILLIAM ARTHUR. Smith Town, Long Island, 1 Dec. 21, 1774, J","Hodges, Graham Russell Gao, and Alan Edward Brown, eds. “Pretends to Be Free”: Runaway Slave Advertisements from Colonial and Revolutionary New York and New Jersey. 1st ed. Fordham University Press, 2019. https://doi.org/10.2307/j.ctv7xbrzd.",
"The New-York Journal; or, The General Advertiser",167,1/12/1775,"FIVE POUNDS Reward, And all reasonable charges. RUN away from the House of Major Prevost, in Bergen County, on the 29th of September last, a Negro Man and his Wife: The Fellow is serious, civil, slow of Speech, rather low in Stature, reads well, is a Negro Preacher, about 40 Years of Age, he is called MARK. The Wench is smart, active and bandy, rather lusty, has bad Teeth, and a cast in one Eye; she is likely to look upon, was brought up in New-London, is called Jenny: as she had a Note to look for a Master, its likely she may make a travelling Pass of it— Whoever takes up said Negroes, and brings them to the Subscribers, or secures them in any of his M ajesty’s Gaols, or gives such Information of them as they may be had again, shall be  entitled to the above Reward, and all reasonable Charges paid, either by Major Prevost, Archibald Campbell, in Hackinsack; or Thomas Clarke, near New-York.","Hodges, Graham Russell Gao, and Alan Edward Brown, eds. “Pretends to Be Free”: Runaway Slave Advertisements from Colonial and Revolutionary New York and New Jersey. 1st ed. Fordham University Press, 2019. https://doi.org/10.2307/j.ctv7xbrzd.",
"The New-York Journal; or, The General Advertiser",177,3/23/1775,"Four Pounds Reward. Run away from the subscriber, living  in East Chester, on the 6th instant, a Negro man named Robin, about 5 feet 7 inches high, a well set fellow, of a yellow complexion, part Indian, a great bushy head of hair, somewhat different from a Negro, speaks good English, and can speak Dutch, no particular mark, if he can get liquor is apt to get drunk; it is imagined he has got a pass, being very intimate with a Negro fellow, who can write, had on a felt  hat half worn, a blue duffle great coat, a tann coloured over jacket, and an under one, frize, a buck skin pair of breeches, took along with him two pair of black woollen stockings, and two pair of shoes; it is imagined he has directed his course toward the North River, to get over among the Indians; he lived at the Fish Kill, on Phillips’s Manor, and on York Island. Whosoever takes up and secures the said Negro fellow, so that his master may have him again, (in any of his Majesty’s goals) shall have the above reward, if taken in this county, (five pounds, if taken in any other county) and seven pounds if taken among the Indians, with all reasonable charges paid by ISAAC WARD.  East Chester, March 7, 1775.","Hodges, Graham Russell Gao, and Alan Edward Brown, eds. “Pretends to Be Free”: Runaway Slave Advertisements from Colonial and Revolutionary New York and New Jersey. 1st ed. Fordham University Press, 2019. https://doi.org/10.2307/j.ctv7xbrzd.",
The New-York Gazette: and the Weekly Mercury,1233,5/29/1775,"THREE POUNDS REWARD. RUN-AWAY about 14 Days ago, from the Subscriber, living at Paramas, Bergen County, and Province of New-Jersey, a Negro Man named Joe, 21 Years old, 5 Feet 6 Inches high, and of yellow Complexion: Had on when he went away a brown Broad Cloth Jacket, Leather Breeches, pale blue Stockings, a new Wool Hat, and good Shoes. Whoever takes up and secures said Run-away, so that his Master may have him again, shall  receive the above Reward, and all reasonable Charges, from ISAAC VAN BLARCUM.","Hodges, Graham Russell Gao, and Alan Edward Brown, eds. “Pretends to Be Free”: Runaway Slave Advertisements from Colonial and Revolutionary New York and New Jersey. 1st ed. Fordham University Press, 2019. https://doi.org/10.2307/j.ctv7xbrzd.",
The New-York Gazette: and the Weekly Mercury,1233,5/29/1775,"FOUR DOLLARS Reward. RUN-AWAY from Abraham Lawrence, of Flushing, on Long-Island, Queen’s county, on the 18th of March, a negro man named OLIVER, (belonging to Samuel Smith, on the north side of Staten Island) but may have changed his name, as it is said he has called himself Jerry: He is about 22 years of age, 5 feet 7 or 8 inches high, has something of a yellow cast in his colour: Had on and took with him when he went away, two old blue coats, one long skirts, the other short, a striped jacket, a pair of old homespun breeches, a pair of stockings, one pair deep blue, the other grey, and an old beaver hat. It is thought he has money, and likely may have change his cloaths: He has been seen at Elizabeth-Town and in New-York, in company with Col. M orris’s negro man named Jerry. Any person that secures said negro, so that his master may have him again, shall have the above reward, and all reasonable charges, paid by Samuel Smith, on the north side of Staten Island, Abraham Lawrence, at Flushing, Jonathan I. Dayton, at Elizabeth-Town Point, or Simon Hellers, at the White-Hall, in New-York.  He is very still, having but few words to say to any body; his hair is something bushy, and it is thought he has got on board some boat or sloop belonging to the East or North River, or the Jersies.  N.B. All masters of vessels, and others, are hereby forwamed from concealing or carrying off said negro at their peril.","Hodges, Graham Russell Gao, and Alan Edward Brown, eds. “Pretends to Be Free”: Runaway Slave Advertisements from Colonial and Revolutionary New York and New Jersey. 1st ed. Fordham University Press, 2019. https://doi.org/10.2307/j.ctv7xbrzd.",
The New-York Gazette: and the Weekly Mercury,1236,6/19/1775,"RUN-AWAY from on board the Sloop Seaflower, a young Negro Fellow named America, about 20 years old, very black, pitted with a small Pox, and his under Lip very thick:  Had on a striped Shirt and Trowsers, red Cap, and is supposed to be secreted in this city. Five Dollars Reward will be given to any Person who brings the said Negro to the Printer hereof, or JOHN SEBRING.","Hodges, Graham Russell Gao, and Alan Edward Brown, eds. “Pretends to Be Free”: Runaway Slave Advertisements from Colonial and Revolutionary New York and New Jersey. 1st ed. Fordham University Press, 2019. https://doi.org/10.2307/j.ctv7xbrzd.",
Rivington’s New-York Gazetteer,116,7/6/1775,"RUN away, on Saturday night the 24th of June, from the subscriber, at Flushing on Long-Island, a Negro man named CATO, about 30 years old, much addicted to strong liquor, and when drunk, talks much; he is about five feet four inches high, had on when he went away, an old beaver hat, tow shirt and trowsers, and some woollen cloaths, with white yam stockings, he is gone to New-York by water, in a small craft that rows with two oars, with a small square-sail, and was seen to land at New-York. Whoever takes up said Negro, and secures him so that his master may get him again, shall be entitled to TWENTY SHILLINGS Reward, and all reasonable charges paid by me, STEPHEN LAWRENCE.","Hodges, Graham Russell Gao, and Alan Edward Brown, eds. “Pretends to Be Free”: Runaway Slave Advertisements from Colonial and Revolutionary New York and New Jersey. 1st ed. Fordham University Press, 2019. https://doi.org/10.2307/j.ctv7xbrzd.",
The New-York Gazette: and the Weekly Mercury,1239,7/10/1775,"FIVE DOLLARS Reward. RUN-AWAY from the subscriber living in the city of Albany, the 4th of June last, a negro man named CATO: He had on when he went away, an old ozenbrigs waistcoat, an old pair of patched tow-cloth trowsers, and an ozenbrigs shirt: He took with him a mix colour’d homespun cloth coat, with white metal buttons on it, a nankeen pair of breeches, a pair of stockings, one of them thread, the other white cotton, with a square cut out of the top of each of them to take out the former mark; and a new ozenbrigs shirt. He is about 25 or 26 years of age, 5 feet 6 inches high, tall, thin and raw -bon’d; he has  remarkable white teeth, of a low slow speech, and shows his upper teeth when he smiles. Whoever takes him up and secures him, so that his mistress may have him again, shall  have the above reward, and all reasonable charges, paid by me, FRANCES HOLLAND.","Hodges, Graham Russell Gao, and Alan Edward Brown, eds. “Pretends to Be Free”: Runaway Slave Advertisements from Colonial and Revolutionary New York and New Jersey. 1st ed. Fordham University Press, 2019. https://doi.org/10.2307/j.ctv7xbrzd.",
The New-York Gazette: and the Weekly Mercury,1241,7/24/1775,"FOUR POUNDS Reward. RUN-AWAY on the second day of July, from his master living near Coryell’s ferry, Amwell township, Hunterdon county, a negro man named TOM, about 22 years of age, 5 feet 7 inches high, this country born, likely featur’d and well made: It is supposed that he has a forged pass. Had on and took with him when he went away, a lightish-colour’d sagothee coat, a white striped silken jacket, a white linen shirt, sagothee breeches, worsted stockings, good shoes, with brass buckles in them, a felt hat, a new pair of tow cloth trowsers, a tow and linen shirt, and an old claret colour’d jacket patch’d with brown broad  cloth. Whoever takes up and secures said slave in any of his M ajesty’s goals in America, or delivers him to his said master, shall have the above reward, and all reasonable charges, paid by JACOB HOLCOMB.","Hodges, Graham Russell Gao, and Alan Edward Brown, eds. “Pretends to Be Free”: Runaway Slave Advertisements from Colonial and Revolutionary New York and New Jersey. 1st ed. Fordham University Press, 2019. https://doi.org/10.2307/j.ctv7xbrzd.",
The New-York Gazette: and the Weekly Mercury,1243,8/7/1775,"FOUR DOLLARS Reward. RUN-AWAY from the subscriber, living in the borough of Elizabeth-Town, NewJersey, a negro fellow named STEVE, near 6 feet high, has a sower look, and is a supple spry fellow: He formerly  belonged to one Mr. Ludlow, up the North River, and it is thought he is gone that way, and taken a mulatto wench with him. Any person that may take up either or both of them, and secure them in goal, or bring them home, shall have the above reward, and all reasonable charges, paid by CORBET SCUDDER.","Hodges, Graham Russell Gao, and Alan Edward Brown, eds. “Pretends to Be Free”: Runaway Slave Advertisements from Colonial and Revolutionary New York and New Jersey. 1st ed. Fordham University Press, 2019. https://doi.org/10.2307/j.ctv7xbrzd.",
Rivington’s New-York Gazetteer,118,8/24/1775,"Run away from the subscriber at Brookland, Long Island, on Tuesday morning the 22nd instant, a negro man named Prince, aged 19 years old, very black, about 5 feet 9 inches high, walks stooping, one leg smaller than the other, plays on the fife; had on with him when he went away, an old outside winter coat, double breasted, with brass buttons, an under brown thread jacket, without sleeves, an old white shirt, a new pair of oznabrigs trousers and breeches, brown thread stockings and shoes with plated buckles and a good beaver hat. Whoever brings the negro to me at Brookfield aforesaid shall receive Forty Shillings reward and all reasonable charges. Christopher Sweedland.","Hodges, Graham Russell Gao, and Alan Edward Brown, eds. “Pretends to Be Free”: Runaway Slave Advertisements from Colonial and Revolutionary New York and New Jersey. 1st ed. Fordham University Press, 2019. https://doi.org/10.2307/j.ctv7xbrzd.",
The New-York Gazette: and the Weekly Mercury,1228,9/11/1775,"TEN DOLLARS Reward. RUN-away from the subscriber, early on Tuesday morning the 5th instant, a negro man named TITUS, about 25 years old, and about 5 feet 8 inches high, well made and proportioned every way, and is very likely for a negroe: he had on when he went away, a short brown coat, made of coating; an old homespun blue and white striped linen jacket with sleeves; and a blue and white striped homespun trowsers, almost new. The hat he is supposed to have took with him is very remarkable, (unless since changed) having no brim round it, it is very much worn. He can play a little both on the fiddle and fife. Whoever takes up and secures said servant, so that his master may have him again, shall have the above reward if took out of the colony of Connecticut, and Eight Dollars if within the colony, and all reasonable charges paid by HENRY VAN DYCK.","Hodges, Graham Russell Gao, and Alan Edward Brown, eds. “Pretends to Be Free”: Runaway Slave Advertisements from Colonial and Revolutionary New York and New Jersey. 1st ed. Fordham University Press, 2019. https://doi.org/10.2307/j.ctv7xbrzd.",
The New-York Gazette: and the Weekly Mercury,1254,10/23/1775,"FIVE DOLLARS REWARD. RUN away from this city, some days ago, a Negroe boy, the property of Lieut.  Colonel Turnbull, about twelve years old, well looked., and very black, whoever will deliver him to John M ‘Adam and Co. will receive the above reward and reasonable charges. All persons are forbid to harbour him on pain of prosecution.  N. B. It is supposed the boy is on Long-Island.","Hodges, Graham Russell Gao, and Alan Edward Brown, eds. “Pretends to Be Free”: Runaway Slave Advertisements from Colonial and Revolutionary New York and New Jersey. 1st ed. Fordham University Press, 2019. https://doi.org/10.2307/j.ctv7xbrzd.",
The New-York Gazette: and the Weekly Mercury,1254,10/23/1775,"FIVE DOLLARS REWARD. RUN away, on Thursday the 16th instant, from the subscriber, a negro man named HARR, 16 or 17 years of age, about 5 feet 7 inches high, was formerly the property of Jacob Van W incle of Acquacanock; had on, when he went off, a check shirt, osnabrug trousers, olive coloured short coat lined with striped homespun; has a smooth face, not very black, his wool lately cut, and his hat remarkable by the letters H H painted on the crown. He pretends to be free, but it is hoped he will find no encouragement from any Gentleman whatever. Any person in whose custody he is found after this notice may depend on being dealt with as they should be. Whoever delivers said negro at his M ajesty’ naval brewery on Long Island, or gives information so as he may be recovered, shall have the above reward, from ROBERT HARGRAVE.","Hodges, Graham Russell Gao, and Alan Edward Brown, eds. “Pretends to Be Free”: Runaway Slave Advertisements from Colonial and Revolutionary New York and New Jersey. 1st ed. Fordham University Press, 2019. https://doi.org/10.2307/j.ctv7xbrzd.",
The New-York Gazette: and the Weekly Mercury,1257,11/13/1775,"RUN-away from the Subscriber, a Negro Man called Mingo, 20 Years of Age, of a yellow Cast, round Face, and  middling flat Nose, about five Feet two Inches high: Had on when he went away, a Felt Hat cut in the Fashion, a brown  Sirtout, a homespun streaked Jacket, homespun chequered Trowsers, a Pair of blue Stockings speckled with white;  carried with him a Pair of m ix’d blue home knit Stockings. Whoever takes up and secures the said Fellow, so that his Master may have him again, shall receive Four Dollars Reward, and all reasonable Charges paid by me, Benjamin Hutchinson, of Southold, Suffolk County, Long-Island.","Hodges, Graham Russell Gao, and Alan Edward Brown, eds. “Pretends to Be Free”: Runaway Slave Advertisements from Colonial and Revolutionary New York and New Jersey. 1st ed. Fordham University Press, 2019. https://doi.org/10.2307/j.ctv7xbrzd.",
The Pennsylvania Gazette (Philadelphia),,11/22/1775,"Three Pounds Reward. Runaway from the Subscriber in the County of Monmouth, New Jersey, A Negroe man named Titus, but will probably change his name; He is about 22 years of age, not very black, near 6 feet high; had on a grey homespun coat, brown breeches, blue and white stockings, and took with him a wallet, drawn up at one end with a string, in which was placed a quantity of clothes. Whoever takes up said Negroe, and secures him in any gaol, or brings him to me, shall be entitled to the above reward of Three  Pounds proc. and all reasonable charges, paid by John  Corlis, November 8, 1775.","Hodges, Graham Russell Gao, and Alan Edward Brown, eds. “Pretends to Be Free”: Runaway Slave Advertisements from Colonial and Revolutionary New York and New Jersey. 1st ed. Fordham University Press, 2019. https://doi.org/10.2307/j.ctv7xbrzd.",
The New-York Gazette: and the Weekly Mercury,1259,11/27/1775,"Forty Shillings reward, with all reasonable charges will be given to any person who will bring to JOHN DE LANCEY, in the delivery, or secure in the city of New-York or county of Westchester, a Negro man, who has left his mistress. He is a good looking fellow, about five feet eight or nine inches high, civil spoken, a great cockscomb, and one of the best waiters at a table in this country; plays upon the French horn, is a tolerable good cook, coachman and groom, but his vanity proving more powerful than his honesty, he fraudulently obtained a silver watch, which being discovered it is imagined occasioned his going off. He has several suits of good cloaths, was generally called Caesar, but names himself Joseph Low.","Hodges, Graham Russell Gao, and Alan Edward Brown, eds. “Pretends to Be Free”: Runaway Slave Advertisements from Colonial and Revolutionary New York and New Jersey. 1st ed. Fordham University Press, 2019. https://doi.org/10.2307/j.ctv7xbrzd.",
The New-York Gazette: and the Weekly Mercury,1269,2/5/1776,"THREE DOLLARS Reward. RUN AWAY from Richard Harris in Little Queen-street, next door to the Scotch meeting house, a young negro boy named Daniel, about nine years of  age, the top part of his left ear is thicker than his right, his hair on his head very thin, and is very small for his age; had on when he went away, an old brown surtout coat, and a cotton check shirt. Whoever will bring the said negro boy home to his master shall have the above reward.","Hodges, Graham Russell Gao, and Alan Edward Brown, eds. “Pretends to Be Free”: Runaway Slave Advertisements from Colonial and Revolutionary New York and New Jersey. 1st ed. Fordham University Press, 2019. https://doi.org/10.2307/j.ctv7xbrzd.",
The New-York Gazette: and the Weekly Mercury,1289,6/25/1776,"TEN DOLLARS Reward. RUN-away last Thursday from the Subscriber, at Newark, a certain Negro Fellow named Jack, about 25 years old, a square well-built Fellow, pretty black, Guiney born, and spoke bad English: He took with him several Sorts of Cloths, his M aster’s Gun, and a Grenadier’s Sword, with Brass Mountings: He is supposed to have had on a good Beaver Hat cocked in the Fashion, a light coloured fine Cloth jacket, without Sleeves, and may wear a Blanket Coat, he has a Scar right down his Forehead to his Nose, his country Mark, can handle a File, and understands the Brass Founder’s Business. W hoever takes up the said Fellow, and delivers him to Mrs. Wilkins, near Ogden’s Furnace, in Newark, shall have the above reward; or in New-York, to JACOB WILKINS.","Hodges, Graham Russell Gao, and Alan Edward Brown, eds. “Pretends to Be Free”: Runaway Slave Advertisements from Colonial and Revolutionary New York and New Jersey. 1st ed. Fordham University Press, 2019. https://doi.org/10.2307/j.ctv7xbrzd.",
The New-York Gazette: and the Weekly Mercury,1292,7/15/1776,"RUN-away from the Subscriber, livings in King’s County,  Long-Island, a short Time ago, two Negro Men, one named Nathaniel, a very handy Fellow, about 5 Feet 6 Inches high, straight and well built, 24 Years old, of a yellow Complexion, with long Hair tied up with a Ribbon; born at Newton, Q ueen’s County, and lived at Flatbush. Had on when he went away, a brown Linen Jacket, with an under  one double breasted, one Side red Cloth the other Homespun; also homespun Trowsers, and a half worn Hat. The other Fellow that he went away with belonged to Jeromus Remsen, at Newton, and are very like each other, being Brothers; he was well cloathed, and went by the Name of Jacob, and is a Cooper by Trade. W hoever secures the above Runaways in any Goal so that their Masters mat have them again, shall have Eight Pounds Reward, and all reasonable Charges paid by HENRY WYCKHOFF.","Hodges, Graham Russell Gao, and Alan Edward Brown, eds. “Pretends to Be Free”: Runaway Slave Advertisements from Colonial and Revolutionary New York and New Jersey. 1st ed. Fordham University Press, 2019. https://doi.org/10.2307/j.ctv7xbrzd.",
The New-York Gazette: and the Weekly Mercury,1292,7/15/1776,"TEN DOLLARS Reward. RUN away from the Subscriber, on Monday the first Inst, a Negro Man, about 21 Years of Age, named Prince, five Feet seven Inches high, thin made: Had on when he absconded, a blue Cloth Jacket, a white Homespun Shirt and Trowsers, and is a Butcher by Trade. He is supposed to have gone towards Rye, or entered the  Army. Whoever will bring him to his Master in Roosevelt’s Street, near the Tea Water Pump, shall have the above Reward for their Trouble. GOODHEART SIEGLER.","Hodges, Graham Russell Gao, and Alan Edward Brown, eds. “Pretends to Be Free”: Runaway Slave Advertisements from Colonial and Revolutionary New York and New Jersey. 1st ed. Fordham University Press, 2019. https://doi.org/10.2307/j.ctv7xbrzd.",
The New-York Gazette: and the Weekly Mercury,1293,7/22/1776,"RUN-AWAY, a Negro Man named JAMES, tall and thin,  the whites of his Eyes remakably red, and his Face full of Eruptions: He is a talkative plausable Fellow, and had on when he went away an old grey Bearskin short Coat, Check Shirt, Linen Breeches, and worsted Stockings, and is supposed to be gone towards the East End of Long-Island. Whoever takes up and secures the said Negro, so that his  Master may get him again, or brings him to Doctor Samuel Bard, in New-York, shall receive TEN DOLLARS Reward, and all reasonable Charges paid by SAMUEL BARD.","Hodges, Graham Russell Gao, and Alan Edward Brown, eds. “Pretends to Be Free”: Runaway Slave Advertisements from Colonial and Revolutionary New York and New Jersey. 1st ed. Fordham University Press, 2019. https://doi.org/10.2307/j.ctv7xbrzd.",
The New-York Gazette: and the Weekly Mercury,1294,7/29/1776,"Three Dollars Reward. RUN-away the 20th Instant, from  the Subscriber, in the Borough of W estchester, a Negro Fellow named CATO, about 24 Years of Age, 5 Feet 6 Inches high; he is very black, remarkable large Mouth with broad Teeth, and wrinkled Forehead; is plausible and smooth in speaking, and may pass him self for a Sailor, having been used to a boat. He took with him when he went away, a green short Coat with red Collar and Cuffs, short brown Frize Coat, one brown and one white Linen Waistcoat, one brown Linen Breeches, two Pair homespun Trowsers, Two homespun Shirts and one white ditto, and  may have other Cloaths with him that is not known, Whoever takes up the said Negro and secures him, shall have the above Reward, and reasonable Charges paid them by JOHN SMITH. Frog’s Neck, in W estchester, July 22, 1776. He has got a Pass as a Freeman, and passes by the Name of Thomas Jackson.","Hodges, Graham Russell Gao, and Alan Edward Brown, eds. “Pretends to Be Free”: Runaway Slave Advertisements from Colonial and Revolutionary New York and New Jersey. 1st ed. Fordham University Press, 2019. https://doi.org/10.2307/j.ctv7xbrzd.",
The New-York Gazette: and the Weekly Mercury,,6/25/1775,"RiN Morrif Courhe fub friber, living at Paquanacke, in Morris County, a fervant man named William Ricket, about twenty-four years of age, five feet ten on eleven inches high, black curled hair, much pock-pitted: Had on when he went away a blue country cloth coat, a nankeen waifcoat, a pair of check trowfers, brown linen fockings, and good pumps. Any perfon that takes up faid runaway and fecures him in any of his Majefty's goals fo that his mafter may have again, hall receive TEN DOLLARS reward, and all reafonable charges paid by JOHN HARRIMAN. 
N. B. His father's name was John Ricket, late of Brookland-Ferry, Long-Ifland.","https://www.loc.gov/resource/sn83030493/1775-06-05/ed-1/?sp=2&q=runaway&r=0.663,1.241,0.375,0.186,0",
The New-York Gazette: and the Weekly Mercury,1297,8/19/1776,"FIVE DOLLARS Reward. RAN-AWAY from the subscriber, on Tuesday, the 30th of July, 1776, a negro  man, named CASTER, about five feet nine inches high, thin make, walks very upright, about 35 years old. Had on when  he went away, a pair of white linen trowsers, tow shirt, one pair old shoes, and brass buckles; he is of a pleasant countenance, and is well pleased and elevated when one speaks to him about war. If taken on the island of NewYork, the above reward shall be paid, with all reasonable charges; and if taken out of the county of New-York, Eight Dollars reward and reasonable charges. All masters of vessels, and others, are requested not to harbour or carry the said negro off. PHILIP KISSICK.","Hodges, Graham Russell Gao, and Alan Edward Brown, eds. “Pretends to Be Free”: Runaway Slave Advertisements from Colonial and Revolutionary New York and New Jersey. 1st ed. Fordham University Press, 2019. https://doi.org/10.2307/j.ctv7xbrzd.",
The New-York Gazette: and the Weekly Mercury,1300,9/9/1776,"FIVE DOLLARS Reward, RUN-AWAY, from the Subscriber, a Negro Man named TOM, about 50 Years of Age, 5 Feet high; Thick Set, yellow Complexion, Lisps some little (hardly perceiveable) Had on when he went away, a Pair of brown tow Trowsers, strip’d woollen Shirt, a felt Hat about half worn, a Pair of new Shoes with Buckles, a Waistcoat with the Fore Parts Brown, the Back Parts White. Whoever takes up the said Negro Man, and brings him to the Subscriber, shall have the above Reward, and all reasonable Charges paid; by me JOHN VAIL.","Hodges, Graham Russell Gao, and Alan Edward Brown, eds. “Pretends to Be Free”: Runaway Slave Advertisements from Colonial and Revolutionary New York and New Jersey. 1st ed. Fordham University Press, 2019. https://doi.org/10.2307/j.ctv7xbrzd.",
The New-York Gazette: and the Weekly Mercury (Newark),1302,9/28/1776,"TEN DOLLARS REWARD. RUN away from the subscriber, living in Ulster county, two mulatto slaves, remarkably white, on the 22nd inst. both well set, about 5 feet eight inches high, black hair, blue eyed, one of them stoop shouldered, and long chinned; one took with him a grey short coat, with yellow buttons, a brown jacket, a double breasted red streaked jacket, with white homespun trowsers, a pair of speckled stockings, with a Kalmarnock cap; the other took with him, two suits, the one black wilting, and the other brown cloth, made regimental fashion,  with a beaver hat, marked on his cheek with gunpowder, and both brothers.—Whoever takes up said mulatto slaves,  and secures them in any goal on this continent, so that their masters may have them again, shall be intitled to the above reward, and all reasonable charges, paid by Col. JAMES MCCLUGHERY, and JOSEPH HOUSTON, Hanover, Ulster county, Sept. 24, 1776.","Hodges, Graham Russell Gao, and Alan Edward Brown, eds. “Pretends to Be Free”: Runaway Slave Advertisements from Colonial and Revolutionary New York and New Jersey. 1st ed. Fordham University Press, 2019. https://doi.org/10.2307/j.ctv7xbrzd.",
The New-York Gazette: and the Weekly Mercury (Newark),1303,10/14/1776,"RUN-away from the Guard at Newark Goal, a Negro Man named SAM, about 5 Feet 6 inches high, formerly belonged to Mr. Lot, of Long Island—Had on a striped Jacket without Sleeves, and a Pair of Tow Trowsers. Whoever takes up said Negro and returns him to Newark Goal, or secures him so that he can be had by the Subscriber, shall receive Five Dollars Reward, paid by me JOSIAH BRYAN, Lt. Col.","Hodges, Graham Russell Gao, and Alan Edward Brown, eds. “Pretends to Be Free”: Runaway Slave Advertisements from Colonial and Revolutionary New York and New Jersey. 1st ed. Fordham University Press, 2019. https://doi.org/10.2307/j.ctv7xbrzd.",
The New-York Gazette: and the Weekly Mercury (Newark),1303,10/14/1776,"Three Pounds Reward. RUN-away the 8th inst. a negro man named Cato, about 23 or 25 years old, middling stature, well set, very black eyes, will often lap his tongue over his under lip and chin: Had on when he went away, a reddish brown cloth waistcoat, tow cloth trowsers, blue worsted stockings, and check shirt. The above reward, with all reasonable expences, will be paid to any person, for taking up and securing said negro in prison, and informing his mistress thereof; and the expences for bringing him to Mrs. Deborah Gomez, at the house of the subscriber, in Second street, near Walnut street, Philadelphia; or of Mr. Francis Basset, at the  house of Doctor Burnet, in this town. MATTHIAS GOMEZ. It is supposed the above negro is gone towards the regulars. Newark, Octo. 9, 1776.","Hodges, Graham Russell Gao, and Alan Edward Brown, eds. “Pretends to Be Free”: Runaway Slave Advertisements from Colonial and Revolutionary New York and New Jersey. 1st ed. Fordham University Press, 2019. https://doi.org/10.2307/j.ctv7xbrzd.",
The New-York Gazette: and the Weekly Mercury (Newark),1303,10/14/1776,"RUN-AWAY from the subscriber, living at Jamaica on Long-Island, a young Negro fellow named YORK, tall and very black. He had on when he went off (which is about three weeks ago) a blue [ ] waistcoat, a pair of coarse tow trowsers, and pinchbed buckles in his shoes. W hoever secures the said Negro so that his master may have him again, shall receive EIGHT DOLLARS reward, and all other reasonable charges, paid by CHARLES ARDING. N.B. He affects to laugh when he speaks. Jamaica, Long-Island, October 12, 1776.","Hodges, Graham Russell Gao, and Alan Edward Brown, eds. “Pretends to Be Free”: Runaway Slave Advertisements from Colonial and Revolutionary New York and New Jersey. 1st ed. Fordham University Press, 2019. https://doi.org/10.2307/j.ctv7xbrzd.",
The New-York Gazette: and the Weekly Mercury (Newark),1303,10/14/1776,"RUN-AWAY the third instant, a Negro lad named YORK, supposed to be lurking about the camps or [shipping], Any person giving intelligence where he may be found, shall have a reward of Five Dollars, and a further reward of Five Dollars more if brought to me, the proprietor, in Wall-Street. WILLIAM MAXWELL. N.B. YORK is about 19 years of age, 5 feet 7 or 8 inches high, rather thinly made, had on when he eloped, an old brown cloth jacket, with plain yellow metal buttons and red cloth collar, a brown cloth waistcoat, with small yellow metal buttons, a check shirt, brown linen trowsers, shoes with yellow buckles, and no stockings, and old round hat with tarnish’d gold edging, speaks good English, and may pretend to be free. NewYork, October 12, 1776.","Hodges, Graham Russell Gao, and Alan Edward Brown, eds. “Pretends to Be Free”: Runaway Slave Advertisements from Colonial and Revolutionary New York and New Jersey. 1st ed. Fordham University Press, 2019. https://doi.org/10.2307/j.ctv7xbrzd.",
"The Pennsylvania Journal, and the Weekly  Advertiser (Philadelphia)",1767,10/16/1776,"SIX DOLLARS Reward. RAN AWAY from the subscriber  living in Bethlehem township, Hunterdon county, NewJersey. A NEGRO MAN named Ben, about three and twenty years old, five feet six inches high, country born,  lived lately in the lower parts of Maryland. He is lame in one of his feet. Had on an old hat, an old blue coat, a red jacket and buckskin breeches. Whoever secures said Negro so that the subscriber may have him again, or brings him home, shall receive the above reward with reasonable charges paid by THOMAS SCOTT.  N.B. W hoever takes up said Negro, is desired to acquaint the subscriber by advertising him in the Pennsylvania Journal.","Hodges, Graham Russell Gao, and Alan Edward Brown, eds. “Pretends to Be Free”: Runaway Slave Advertisements from Colonial and Revolutionary New York and New Jersey. 1st ed. Fordham University Press, 2019. https://doi.org/10.2307/j.ctv7xbrzd.",
The New-York Gazette; and the Weekly Mercury (Newark),1305,10/28/1776,"Brooklyn-Ferry, 16th October, 1776. FIVE DOLLARS REWARD. RUN AWAY on the second instant, from the Subscriber, living at Brooklyn-Ferry, on Long-Island, a Negro Boy named PEONCE, about 17 years of age, five feet, six or seven inches high, stoops in his walk, when pleased is apt to show his teeth very much, is very fond of strong liquor: Took with him a pale blue broad cloth coat and  waistcoat, a leather jockey cap, a striped yellow and blue linsey woolsey waistcoat, two pair of tow trowsers, and a pair of old shoes. If any person will take up the said Negro, and secure him so that his Master can get him again, shall have the above Reward, and all reasonable charges paid; or if they can inform his Master where he is, so that he can get him again, shall have FOUR DOLLARS Reward. JOHN RAPALJE.","Hodges, Graham Russell Gao, and Alan Edward Brown, eds. “Pretends to Be Free”: Runaway Slave Advertisements from Colonial and Revolutionary New York and New Jersey. 1st ed. Fordham University Press, 2019. https://doi.org/10.2307/j.ctv7xbrzd.",
The New-York Gazette; and the Weekly Mercury (Newark),1305,10/28/1776,"RUN-AWAY some time ago, from Philip Skeene, Esq; of Skeensborough, a Spanish Negro man named Ned, near six feet high, of a yellow Complexion, about 40 years old.  He was taken a few days ago, on board the City of London, Capt. McFadzean, where he was in the capacity of  a cook; since which time he has made his escape, supposed thro’ bad advice, as he has lately been received and slept on board said ship. Yesterday he was seen in town, waiting an opportunity to get on board some vessel. It is therefore requested that no person in this city, or master of vessel will conceal said Negro, as they will answer for the consequence.  A reward of Forty Shillings will be given to any person that will take up said slave, and bring him to his master, at Mrs. Airy’s, or to Capt. Vardill, near Burling’s-Slip.  New-York, October 26, 1776.","Hodges, Graham Russell Gao, and Alan Edward Brown, eds. “Pretends to Be Free”: Runaway Slave Advertisements from Colonial and Revolutionary New York and New Jersey. 1st ed. Fordham University Press, 2019. https://doi.org/10.2307/j.ctv7xbrzd.",
The New-York Gazette; and the Weekly Mercury,1306,11/4/1776,"FIVE DOLLARS Reward. RUN-away on Thursday night the 31st ult. from the subscriber, a negro man named TITE, about 40 years of age, about 5 feet 8 inches high, well shaped, a down-cast look, snuffs, smokes, and drinks immoderately when he can obtain liquor. Had on when he went off a flopped beaver hat, a brown or green double  breasted jacket, check trowsers or black breeches. Whoever takes up and secures the said negro, shall have the above reward paid by the subscriber, at Mr. Ezekiel Ball’s, near Springfield. JAMES STEWART.","Hodges, Graham Russell Gao, and Alan Edward Brown, eds. “Pretends to Be Free”: Runaway Slave Advertisements from Colonial and Revolutionary New York and New Jersey. 1st ed. Fordham University Press, 2019. https://doi.org/10.2307/j.ctv7xbrzd.",
The New-York Gazette; and the Weekly Mercury,1307,11/11/1776,"TEN DOLLARS Reward. RUN-AWAY, a Creole Negro fellow, named WILL, aged 19 years, about 5 feet 9 inches high, very well made, of a sallow complexion, and open  countenance; was dressed when he went off in a white linen jacket with sleeves, blue cloth breeches, white stockings,  and a hat half worn; he carried with him a white broad cloth coat, a mixed grey coloured cassimer jacket, linen shirt, and a pair of red striped trowsers. He speaks English very fluently, and will probably endeavour to pass for a free man, as it is suspected that he has made for the camp. Some time ago he was absent three days, and was detected with a knapsack, marked No. 49, containing the following articles, viz. 1 linen shirt, marked I.R. No. 14; 1 lapelled white linen vest; 2 linen handerchiefs with blue borders; 1 old white Barcelona handerchief; 1 pair of white worsted stockings; 2 hair combs; 1 blanket; 1 small black handled knife and fork, and an Officer’s sash.  All which are now in the custody of his Owner, Finlay Nicholson, who is ready to deliver them to the proprietor, at Mr. Thomas Hepburn’s store, in Mr. Bogart’s house, DockStreet; and as there is reason to suspect the fellow has again made for the camp, all Gentlemen of the Army are earnestly requested to stop him, and any person who will bring him to said Thomas Hepburn’s store, shall have the above reward, and all charges paid.","Hodges, Graham Russell Gao, and Alan Edward Brown, eds. “Pretends to Be Free”: Runaway Slave Advertisements from Colonial and Revolutionary New York and New Jersey. 1st ed. Fordham University Press, 2019. https://doi.org/10.2307/j.ctv7xbrzd.",
The New-York Gazette; and the Weekly Mercury,1309,11/13/1776,"RUN-AWAY, from the subscriber, the 19th instant, living at Brower’s wharf, near the New Crane, a negro boy, named Ned, about twelve years of age; this country born, and speaks very good English: Had on when he went away, a blue under jacket, a whiteish Wilton coat, a new pair blue duffle trowsers, a check shirt, a pair of new shoes and whiteish stockings. Whoever secures said negro boy, so that his master may have him again, shall receive four Dollars reward, and all reasonable charges paid by JOHN BRYSON.","Hodges, Graham Russell Gao, and Alan Edward Brown, eds. “Pretends to Be Free”: Runaway Slave Advertisements from Colonial and Revolutionary New York and New Jersey. 1st ed. Fordham University Press, 2019. https://doi.org/10.2307/j.ctv7xbrzd.",
The New-York Gazette; and the Weekly Mercury,1310,12/2/1776,"RUN-away, from Samuel Sackett, living near the Flymarket, a negro man named Joe, about 6 feet high, about 30 years old, of a yellow complexion, stout fellow; a negro  wench, with a young child about 5 months, the wench about 24 years old, of a yellowish complexion, stout and well set; likewise a negro wench middling tall and slim, middling black and pitted with the small-pox; it is thought they are all in the army. Whoever takes up said negroes, or any one of them, and delivers them safe to Samuel Sackett, or secures them in any Goal, so that he may get them again, shall have ten dollars a piece. SAMUEL SACKETT.","Hodges, Graham Russell Gao, and Alan Edward Brown, eds. “Pretends to Be Free”: Runaway Slave Advertisements from Colonial and Revolutionary New York and New Jersey. 1st ed. Fordham University Press, 2019. https://doi.org/10.2307/j.ctv7xbrzd.",
The New-York Gazette; and the Weekly Mercury,1311,12/9/1776,"RUN-AWAY from the subscriber, living in New-York, a negro lad about 20 Years of age, goes by the name of Fortune Brookman, about 5 feet 3 inches high, squat shape, his right knee bends inwards, wants some of his fore Teeth: Had on when he went away, a red plush waistcoat, and snuff coloured long trowsers. Whoever secures said run away, shall have FOUR POUNDS reward paid by, THOMAS BROOKMAN, At Mr. N icholl’s near [ ] Market.","Hodges, Graham Russell Gao, and Alan Edward Brown, eds. “Pretends to Be Free”: Runaway Slave Advertisements from Colonial and Revolutionary New York and New Jersey. 1st ed. Fordham University Press, 2019. https://doi.org/10.2307/j.ctv7xbrzd.",
The New-York Gazette; and the Weekly Mercury,1315,1/6/1777,"A NEGRO WENCH, RUN-AWAY, supposed to Flatbush, on Long-Island, where she was lately purchased of Cornelius Van Der Veer, jun. is about 2[ ] years old, call’d BETTY, can speak Dutch and English, is of a stubborn disposition, especially when she drinks spirituous liquors, which she is sometimes too fond of; is a pretty stout wench, but not tall, smooth fac’d and pretty black; ‘tis probable she may be conceal’d in this city. Whoever harbours her will be  prosecuted, but such as give information to Wm. Tongue, her owner, in Hanover-Square, shall receive FIVE DOLLARS with thanks. She usually wore a striped homespun pettycoat and gown.","Hodges, Graham Russell Gao, and Alan Edward Brown, eds. “Pretends to Be Free”: Runaway Slave Advertisements from Colonial and Revolutionary New York and New Jersey. 1st ed. Fordham University Press, 2019. https://doi.org/10.2307/j.ctv7xbrzd.",
The New-York Gazette; and the Weekly Mercury,1315,1/6/1777,"Eight Dollars Reward. RUN-away on Monday the 22nd of December, a negro man named CESA R, about 30 years of age, very short, w ell-set, bandy leg’d, of a grave countenance, speaks civilly, and wants some of his fore teeth, wears commonly a dirty looking cloth coat with buttons of the same colour, a new round hat with high crown, and a set of silver shoe and knee buckles of open work; in wet weather commonly wears boots, and has a variety of cloaths. He passes himself for a free man and a glasier by trade. Whoever takes him up and secures him in any Goal so that his master gets him again, shall receive Eight Dollars reward, and reasonable charges, on application to the printer, or the subscriber, at the ordnance-office in New-York. All persons are forewarned not to harbour, employ, or carry of said negro. WILLIAM WOOD.","Hodges, Graham Russell Gao, and Alan Edward Brown, eds. “Pretends to Be Free”: Runaway Slave Advertisements from Colonial and Revolutionary New York and New Jersey. 1st ed. Fordham University Press, 2019. https://doi.org/10.2307/j.ctv7xbrzd.",
The New-York Gazette; and the Weekly Mercury,1316,1/13/1777,"RUN-away on Wednesday the first inst. from on board the ship Union, William Hamilton, master; lying at wharf, a black man named Prince, about twenty-one or twenty-two years of age, speaks good English, and formerly lived with a Mr. Lashel or Lasher, in the Broadway; is well known in this place, and had on when he went away a blue jacket and pair of feamothing trowsers. Whoever will give intelligence  of him to the printer, so that he may be secured; or brings him on board the said ship, shall receive two guineas reward and every other charge.","Hodges, Graham Russell Gao, and Alan Edward Brown, eds. “Pretends to Be Free”: Runaway Slave Advertisements from Colonial and Revolutionary New York and New Jersey. 1st ed. Fordham University Press, 2019. https://doi.org/10.2307/j.ctv7xbrzd.",
The New-York Gazette; and the Weekly Mercury,1320,2/10/1777,"FIFTEEN DOLLARS REWARD. RUN AWAY from the subscriber on Long-Island, a Negro Man, named IAFF, who now calls himself, Jeffery Johnson, is about five feet nine inches high, yellowish complexion and bushy hair, is a pretty forward chap, very free in his discourse, and had on when he went away, a claret coloured coat and breeches and a scarlet jacket, is supposed to be somewhere at Brunswick or Amboy. Any person who secures the said negro, so that the subscriber, his master, gets him again, shall be entitled to the above reward, and all reasonable costs and charges, paid by, REM COUWENHOVEN, in King’s County.","Hodges, Graham Russell Gao, and Alan Edward Brown, eds. “Pretends to Be Free”: Runaway Slave Advertisements from Colonial and Revolutionary New York and New Jersey. 1st ed. Fordham University Press, 2019. https://doi.org/10.2307/j.ctv7xbrzd.",
The New-York Gazette; and the Weekly Mercury,1322,2/24/1777,"RUN-away from George Bevoi'se, a negro man named FRANK, about 19 years of age, between 5 and 6 feet high, has lost two of his fore teeth, stutters in his speech and has thick lips: Had on and took with him a blue sailor’s jacket, an old grey coat-tee, a pair of blue stockings, two pair of grey ditto, and three or four blankets. Whoever takes up said negro man and brings him to his master, living near Brooklyn-ferry, shall have THREE DOLLARS reward.","Hodges, Graham Russell Gao, and Alan Edward Brown, eds. “Pretends to Be Free”: Runaway Slave Advertisements from Colonial and Revolutionary New York and New Jersey. 1st ed. Fordham University Press, 2019. https://doi.org/10.2307/j.ctv7xbrzd.",
The New-York Gazette; and the Weekly Mercury,,3/3/1777,"TEN DOLLARS Reward. RUN away, the 16th instant, a Negro man named LOUI, about 20 years of age, 5 feet 8 inches high, strait made, a gruff look, and speaks like the West India Negroes, appears a civil innocent fellow when  spoken to, wears a short blue coat lapelled, with yellow metal buttons, white waistcoat and breeches, or white flannel trowsers, good shoes and stockings, white shirt and a black silk stock, and commonly wears a white cap bound with red on his head; came lately from St. Vincents with the 6th  regiment. W hoever delivers him to the printer, or gives information where he may be got again, shall receive the above reward and charges paid. N. B. Any person harbouring or employing said Negro, will be prosecuted, and a reward of TEN GUINEAS paid to  the person that makes a discovery of his being taken out of the country.","Hodges, Graham Russell Gao, and Alan Edward Brown, eds. “Pretends to Be Free”: Runaway Slave Advertisements from Colonial and Revolutionary New York and New Jersey. 1st ed. Fordham University Press, 2019. https://doi.org/10.2307/j.ctv7xbrzd.",
The New-York Gazette; and the Weekly Mercury,1323,3/3/1777,"W ENT off on Sunday the 26th ult. from his master Archibald Hamilton; late Captain in his Majesty’s 31st regt, a negro named CUFFY, a short thick-set fellow. If he applies to any officer to serve him, it is requested he will secure him; and if any other secures him they shall have two guineas reward.","Hodges, Graham Russell Gao, and Alan Edward Brown, eds. “Pretends to Be Free”: Runaway Slave Advertisements from Colonial and Revolutionary New York and New Jersey. 1st ed. Fordham University Press, 2019. https://doi.org/10.2307/j.ctv7xbrzd.",
The New-York Gazette; and the Weekly Mercury,1325,3/17/1777,"RUN-AWAY on Saturday, the 8th inst., a negro man about 50 years of age, goes by the name of Joseph Thompson: He is about 5 foot 11 inches high, has a remarkable black spot under his eye. Had on when he went away, a grey watchcoat, claret coloured breeches, and plain silver buckles; he often wears boots, can play upon the violin, and work at the carpenters trade.— Whoever will bring him to Jacob Bennet, jun. at Bushwyck, or confines him, shall have Ten Dollars reward, and all expenses paid.","Hodges, Graham Russell Gao, and Alan Edward Brown, eds. “Pretends to Be Free”: Runaway Slave Advertisements from Colonial and Revolutionary New York and New Jersey. 1st ed. Fordham University Press, 2019. https://doi.org/10.2307/j.ctv7xbrzd.",
The New-York Gazette; and the Weekly Mercury,1330,4/21/1777,"RUN-away from Powles-hook, a negro Man called Osbom, about five feet four inches high, twenty-seven years of age, has a remarkable small waist and bad legs, of a plausible  address, pretends to a knowledge of cooking, has a down cast look when he is spoke to by strangers, seemingly the effect of bashfulness. Had on when he went off, a brown coat, white waistcoat, breeches and Stockings, and a new round hat. Whoever will secure him, or give information to the Printer, so that he may be secured, shall receive Five Dollars Reward. And ’tis requested that no person will employ him.","Hodges, Graham Russell Gao, and Alan Edward Brown, eds. “Pretends to Be Free”: Runaway Slave Advertisements from Colonial and Revolutionary New York and New Jersey. 1st ed. Fordham University Press, 2019. https://doi.org/10.2307/j.ctv7xbrzd.",
The New-York Gazette; and the Weekly Mercury,1331,4/28/1777,"ABSENTED from the service of Thomas Martin, the 16th inst. JOE, a negro man; he is a stout well made young  fellow, about five feet nine inches high, can shave and dress hair pretty well: He had on when he went away, a green cloth coat and waistcoat, and a pair of leather breeches. W hoever apprehends and brings the said negro to his master, in Hanover-square, New-York, shall receive EIGHT DOLLARS, reward.  N.B. It is requested that no person will employ the said fellow, and all masters of vessels are desired not to suffer him on board their vessels, or to carry him from this country.  If he returns voluntarily, his fault will be forgiven.","Hodges, Graham Russell Gao, and Alan Edward Brown, eds. “Pretends to Be Free”: Runaway Slave Advertisements from Colonial and Revolutionary New York and New Jersey. 1st ed. Fordham University Press, 2019. https://doi.org/10.2307/j.ctv7xbrzd.",
The New-York Gazette; and the Weekly Mercury,1334,5/19/1777,"ABSENTED from his service, a negro man called SAM, a thick heavy set fellow, 5 feet 6 or 7 inches high, about 28 years old, and the property of the heirs of the late widow  Hester Weyman. Whoever will bring him to the subscribers, executors to said Mrs. Weyman’s estate, shall be entitled to a reward of Five Dollars. All masters of vessels and others, are requested not to take said fellow off, as the loss will fall  on orphan children. PETER GORLET, GABRIEL H. LUDLOW.","Hodges, Graham Russell Gao, and Alan Edward Brown, eds. “Pretends to Be Free”: Runaway Slave Advertisements from Colonial and Revolutionary New York and New Jersey. 1st ed. Fordham University Press, 2019. https://doi.org/10.2307/j.ctv7xbrzd.",
The New-York Gazette; and the Weekly Mercury,1335,5/26/1777,"RUN-away on Thursday the 15th instant, from the subscriber, living at Corlear’s-Hook, a negro lad named CHESS: He is about 20 years of age, speaks thick, is fond of dressing his hair high before, has remarkable large feet, and his eyes of a reddish cast; had on a blue coat and breeches, and is fond of dress. Whoever will deliver the said negro to the subscriber, or to Mrs. Yates, living in Wallstreet, or lodge him where his master may have him again, shall receive HALF A JOE reward. All persons whatever are forbid harbouring him at their peril. STEPHEN SKINNER.","Hodges, Graham Russell Gao, and Alan Edward Brown, eds. “Pretends to Be Free”: Runaway Slave Advertisements from Colonial and Revolutionary New York and New Jersey. 1st ed. Fordham University Press, 2019. https://doi.org/10.2307/j.ctv7xbrzd.",
The New-York Gazette; and the Weekly Mercury,1335,5/26/1777,"RUN-away from Thomas Harriot, living at Jamaica South, on Long-Island, a negro man named Wilkes, about 5 feet 7 inches high, well-set, smooth face, speaks bad English, is apt to blunder, has remarkable large eyes, and is about 19 or 20 years old: Had on when he went away, a short gray coat with brass buttons, brown jacket, homespun trowsers, and a beaver hat cock’d. Whoever apprehends the above fellow so as his master may get him again, or delivers him to Capt. John Hitchin’s, near John W ood’s, Esq; shall have 4 dollars reward, and reasonable charges paid. All persons are  requested not to harbour or employ him, and masters of vessels are desired not to ship or carry him off. He has been bred to the sea.","Hodges, Graham Russell Gao, and Alan Edward Brown, eds. “Pretends to Be Free”: Runaway Slave Advertisements from Colonial and Revolutionary New York and New Jersey. 1st ed. Fordham University Press, 2019. https://doi.org/10.2307/j.ctv7xbrzd.",
The New-York Gazette; and the Weekly Mercury,1336,6/2/1777,"Five Dollars Reward. RUN-away from the subscriber, the 30th of May, a negro boy named POMPY, about 17 years old, and well-made: Had on when he went away, a red jacket, ozenbrigs shirt and trowsers, shoes and stockings, with a kind of jockey cap, and is supposed to be gone in the Queen’s Rangers, or some other department. Its hoped no gentleman in the army or navy, or master of vessel will inlist  or carry him off: and whoever will bring him to the subscriber, shall have the above reward, and all reasonable charges paid by JOHN MOWATT, cabinet and chair maker, in William-street, New-York.","Hodges, Graham Russell Gao, and Alan Edward Brown, eds. “Pretends to Be Free”: Runaway Slave Advertisements from Colonial and Revolutionary New York and New Jersey. 1st ed. Fordham University Press, 2019. https://doi.org/10.2307/j.ctv7xbrzd.",
The New-York Gazette; and the Weekly Mercury,1337,6/9/1777,"RUN-away on Saturday the 24th of May, from the subscriber, living at Brooklyn Ferry, a negro man named PETER, about 25 years of age, 5 feet 9 or 10 inches high: Had on when he went away, a gray surtout coat, woollen shirt, and tow trowsers, and is supposed to be lurking about the city. Whoever will deliver the said negro to his master, shall have 4 dollars reward. JACOB HICKS.","Hodges, Graham Russell Gao, and Alan Edward Brown, eds. “Pretends to Be Free”: Runaway Slave Advertisements from Colonial and Revolutionary New York and New Jersey. 1st ed. Fordham University Press, 2019. https://doi.org/10.2307/j.ctv7xbrzd.",
The New-York Gazette; and the Weekly Mercury,1337,6/9/1777,"SIX POUNDS Reward. RUN-AWAY on the first day of June instant, three NEGROES, two men and one woman, the property of George Shaw, of the city of New-York, tanner. One is about 6 feet high, or upwards, and goes by the name of JAMES RICHARDS, or RICHARDSON, the other negro named HARRY ROBBINS, of a middling  stature, yellow complexion, and mighty complaisant in discourse, but very deceitful and given to liquor. The other a negro woman, of a coal black complexion, named ANN, very nimble and brisk on her feet, but bold and impudent behavior, bom in New-Castle county, on Delaware.  The two negro men have entered into his M ajesty’s service as waggon drivers, and their names are on the  Commissary’s books, but are my property. W hoever will take up the said negroes, and bring them to me the subscriber, shall have the above reward, or FORTY SHILLINGS for each, and all reasonable charges paid by GEORGE SHAW.","Hodges, Graham Russell Gao, and Alan Edward Brown, eds. “Pretends to Be Free”: Runaway Slave Advertisements from Colonial and Revolutionary New York and New Jersey. 1st ed. Fordham University Press, 2019. https://doi.org/10.2307/j.ctv7xbrzd.",
The New-York Gazette; and the Weekly Mercury,1338,6/14/1777,"THREE DOLLARS Reward. RUN-AWAY from the subscriber on the night of the 8th instant, a negro lad named FRANK, about 18 or 19 years of age; he stutters very much, has thick lips, and a great stock of impudence; has lost two of his upper fore teeth. Had on a brown coat with a cape,  and old black breeches, but ‘tis supposed he will alter his dress, as he has taken two check shirts and a pair of trowsers with him. It is imagined he has gone to the fleet at Staten-Island, as he stole a canoe, stretch, paddle, and oars. W hoever apprehends said negro, and returns him to his master, shall receive the above reward from GEORGE DEBEVOISE.","Hodges, Graham Russell Gao, and Alan Edward Brown, eds. “Pretends to Be Free”: Runaway Slave Advertisements from Colonial and Revolutionary New York and New Jersey. 1st ed. Fordham University Press, 2019. https://doi.org/10.2307/j.ctv7xbrzd.",
The New-York Gazette; and the Weekly Mercury,1340,6/30/1777,"FIVE POUNDS Reward. RUN-away from the subscriber, on  Tuesday the 15th of April last, a negro man, of a yellow complexion, part Indian, well set, walks with his knees wide apart, flat nose, about five feet eight or ten inches high, forty five years of age, or thereabouts, goes by the name of  Abraham: Had on when he went away, a brown homespun jacket, tow shirt, a pair of buckskin breeches, black and white yam stockings, and a new pair of shoes.  The said negro took with him a small mulatto wench, by the name of Moll, which he claims as his wife, and two negro children; one a boy three years old, the other a girl five months old. The above negroes were seen on Long-Island,  not long since. Whoever apprehends the said run-aways, and brings them to Thomas Bartow, in New-York, or to the subscriber, or secures them so that the owner may get them again, shall receive the above reward, or Three Pounds for the negro, and Two Pounds for the wench and children, and all reasonable charges paid by THOMAS PELL.  M anor of Pelham, June 23, 1777.","Hodges, Graham Russell Gao, and Alan Edward Brown, eds. “Pretends to Be Free”: Runaway Slave Advertisements from Colonial and Revolutionary New York and New Jersey. 1st ed. Fordham University Press, 2019. https://doi.org/10.2307/j.ctv7xbrzd.",
The New-York Gazette; and the Weekly Mercury,1342,7/14/1777,"TEN DOLDARS Reward. LEFT Brigadier General De Lancey’s service, from his farm at Bloomingdale. a negro fellow named HARMAN, of a yellowish colour, broad face and shoulders, hollow back, big buttocks, and remarkable strong well shaped legs, with a very large foot, is about 25  years of age, understands farming. Had on a Dutch Thrumb’d cap, a blue sailors jacket, speckled or white shirt,  good trowsers and shoes, with a spare buckskin breeches. This is his second elopement, and by his dress may induce masters of ships to entertain him, who are requested to deliver him to New-York goal. Whoever takes him up shall have the above reward paid by General DeLancey, the printer, or Mr. Joseph Allicocke.","Hodges, Graham Russell Gao, and Alan Edward Brown, eds. “Pretends to Be Free”: Runaway Slave Advertisements from Colonial and Revolutionary New York and New Jersey. 1st ed. Fordham University Press, 2019. https://doi.org/10.2307/j.ctv7xbrzd.",
The New-York Gazette; and the Weekly Mercury,1344,7/28/1777,"RUN-AWAY from the subscriber the 17th ult. a negro man named Plymouth, to which he may add the name of John, having sometimes assumed that name. He is about twentysix years of age, fond of dressing his hair high before, has large feet, and is fond of dress, of low stature, stoops, of very black complexion, and thick lips : had on when he went  away a round hat with silver loop and tassel; a thick set coat, waistcoat and breeches, but may vary his dress, having carried other cloaths with him ; it is apprehended he is going towards the army in the Jersies, having lived with Capt. Drewry, of the 63d regt. last fall and part of last winter. If  any of the gentlemen in the army should meet with him, it is requested they will stop him; any other person that will deliver said negro to Mr. Thomas Lynch, merchant, in Duke-Street, New-York, to the subscriber on Staten-Island, or lodge him where his master may have him again, shall receive five dollars reward. All masters of vessels and others are forbid carry him off, or harbouring him, at their peril. TERRENCE KERIN.","Hodges, Graham Russell Gao, and Alan Edward Brown, eds. “Pretends to Be Free”: Runaway Slave Advertisements from Colonial and Revolutionary New York and New Jersey. 1st ed. Fordham University Press, 2019. https://doi.org/10.2307/j.ctv7xbrzd.",
The New-York Gazette; and the Weekly Mercury,1344,7/28/1777,"Twenty Dollars Reward. RUN-away on the 26th of March, from Francis Conihane, living at Peck’s-Slip, No. 999, a negro fellow named DICK, about 5 feet 6 inches, a baker by trade, and has followed that business with one Naugle, near Kingsbridge, and has waited a while on a gentleman in the Queen’s Rangers ; speaks thick, has a mark over one of his eyes, and a scar on his b re a st; was born in St. Kitts, walks sometimes as if he was lame, and is troubled a little with the rheumaticks. Took with him a dark gray coat and jacket, with white and check shirts, sundry strip’d trowsers, and a red and white striped jacket. It is supposed he keeps about Kingsbridge. Whoever brings him to his said master shall be entitled to the above reward.  N.B. All persons are forewarned not to harbour said fellow, at their peril.","Hodges, Graham Russell Gao, and Alan Edward Brown, eds. “Pretends to Be Free”: Runaway Slave Advertisements from Colonial and Revolutionary New York and New Jersey. 1st ed. Fordham University Press, 2019. https://doi.org/10.2307/j.ctv7xbrzd.",
The New-York Gazette; and the Weekly Mercury,1345,8/4/1777,"RUN-AWAY from the subscriber, a few days ago, living in this city, a mulatto fellow who lately had the small-pox, named JERREMY, about 25 years old, 5 feet 9 inches high, and pretty well made, but was crooked about the shoulders: Had on when he went away, a black [ ], breeches and  stockings, a white cloth coat with [ ]d buttons, a beaver hat, and silver buckles in his [ ]. Whoever takes up and secures the said fellow, [ ] that his master may have him again, shall have five dollars reward, paid by RICHARD BAYLEY.","Hodges, Graham Russell Gao, and Alan Edward Brown, eds. “Pretends to Be Free”: Runaway Slave Advertisements from Colonial and Revolutionary New York and New Jersey. 1st ed. Fordham University Press, 2019. https://doi.org/10.2307/j.ctv7xbrzd.",
The New-York Gazette; and the Weekly Mercury,1345,8/4/1777,"RUN-AWAY on Saturday the 5th instant, from the subscriber living on Long-Island, a negro lad named DUKE, (but it is thought he has changed his name to Dick) he is about 20 years of age, about 5 feet 4 inches high, has thick  lips and large eyes : Had on when he went away, a white swanskin double-breasted jacket, white drilling breeches, a tow cloth shirt, and blue and white stockings. He crossed Dennis’s ferry to Staten-Island, and has most likely imposed himself upon some of the gentlemen of the army for a free man.— W hoever will deliver the said negro to the subscriber, or to the printer hereof, or lodge him where his master may have him again, shall receive Five Dollars reward.— All persons whatever are forbid harbouring him at their peril. NICHOLAS OGDEN.","Hodges, Graham Russell Gao, and Alan Edward Brown, eds. “Pretends to Be Free”: Runaway Slave Advertisements from Colonial and Revolutionary New York and New Jersey. 1st ed. Fordham University Press, 2019. https://doi.org/10.2307/j.ctv7xbrzd.",
The New-York Gazette; and the Weekly Mercury,1347,8/18/1777,"TEN DOLLARS Reward. RUN-AW AY from the subscriber, on Wednesday the 6th inst. a negro fellow named FORTUNE, but probably may change it to that of Dick, as he did when he absented at a former time : He is about 23 years of age, of a middling stature, slender made, his right knee bent inwards, a lengthy visage, yellowish  complexion, a slender long nose, and has lost some of his fore-teeth.— Had on a pair of osnaburgh Trowsers, and  spotted flannel jacket. Whoever will take up and secure the said negro, so that his master may have him again, shall receive the above reward. THOMAS BROOKMAN.  N. B. He was seen last Saturday [ ] night in this city, and it is supposed he is lurking in or about it at present, all persons are therefore forbid to harbour said negro, and all masters of vessels are forewarned not to carry him off.","Hodges, Graham Russell Gao, and Alan Edward Brown, eds. “Pretends to Be Free”: Runaway Slave Advertisements from Colonial and Revolutionary New York and New Jersey. 1st ed. Fordham University Press, 2019. https://doi.org/10.2307/j.ctv7xbrzd.",
The New-York Gazette; and the Weekly Mercury,1347,8/18/1777,"EIGHT DOLLARS Reward. RUN-AWAY on Thursday last the 14th instant, a negro man named WARE, this country bom, of a dark complexion, well made, about 5 feet 7 inches high, 24 years of age, has a large scar in his forehead, and one on his lip : had on when he went off, a white jacket without sleeves, white breeches, and a pair of mixt coloured stockings. Whoever takes up and secures said fellow, or gives any information where he is, so that he may be had, shall receive the above reward from the subscriber, living at Newton, on Long-Island. ABRAHAM LENT.","Hodges, Graham Russell Gao, and Alan Edward Brown, eds. “Pretends to Be Free”: Runaway Slave Advertisements from Colonial and Revolutionary New York and New Jersey. 1st ed. Fordham University Press, 2019. https://doi.org/10.2307/j.ctv7xbrzd.",
The New-York Gazette: and the Weekly Mercury,1350,9/8/1777,"RUN-AWAY from the subscriber, on the 26th day of August last, a negro man named BRISTOL, about 5 feet 9 inches high, and upwards of 27 years old: had on when he went off, a reddish coloured jacket, a white waistcoat, and linen trowsers, supposed to be gone to New-York with the regular troops, or on board some vessel. Whoever takes up  said negro fellow and secures him in any of his M ajesty’s goals, or elsewhere, so that his said master can have him again, shall have EIGHT DOLLARS reward, and reasonable charges paid, by me, PETER HOUSEMAN.  All masters of vessels are forewarned to carry off or harbour said fellow.  Staten Island, Sept 3d, 1777.","Hodges, Graham Russell Gao, and Alan Edward Brown, eds. “Pretends to Be Free”: Runaway Slave Advertisements from Colonial and Revolutionary New York and New Jersey. 1st ed. Fordham University Press, 2019. https://doi.org/10.2307/j.ctv7xbrzd.",
The New-York Gazette: and the Weekly Mercury,1352,9/22/1777,"RUN away on Thursday, the 14th instant, a Negro boy named TOM, the property of Doctor Donald M ’Lane, at No.  6, six doors west of the Coffee-house; Said Negro is a  remarkable well made boy, about 14 years of age; had on a striped jacket, and trowsers, and check shirt, no shoes nor stockings, his jacket tied with pieces of tape in place of buttons. Whoever secures the above deserted Negro, or gives intelligence of him to his said master, shall be entitled to a reasonable reward.  N. B. It is earnestly requested and presumed no gentlemen will harbour the said run away negro.","Hodges, Graham Russell Gao, and Alan Edward Brown, eds. “Pretends to Be Free”: Runaway Slave Advertisements from Colonial and Revolutionary New York and New Jersey. 1st ed. Fordham University Press, 2019. https://doi.org/10.2307/j.ctv7xbrzd.",
The New-York Gazette: and the Weekly Mercury,1356,10/20/1777,"FIFTY DOLLARS Reward. RUN-away from the subscriber, three negro fellows, viz. PRIMUS, a very likely fellow, about 22 years of age, speaks very civil and mild; went away the first of October, 1776. SYPHAX, about 34 years old; speaks broken English, very easy and slow; went away some time in November, 1776. SCIPIO, about 18 years old, went away on Wednesday night the 8th inst. he is a very handy fellow, stoops when he walks, and is apt to stammer when he talks quick.— Whoever takes up said negroes, and brings or sends them to their master, shall have the above reward for the three, or seperately for Primus 25 dollars, and for Syphax and Scipio, 12 each. P. STUYVESANT.  Peterfield, near New-York, Octo. 13, 1777.","Hodges, Graham Russell Gao, and Alan Edward Brown, eds. “Pretends to Be Free”: Runaway Slave Advertisements from Colonial and Revolutionary New York and New Jersey. 1st ed. Fordham University Press, 2019. https://doi.org/10.2307/j.ctv7xbrzd.",
The New-York Gazette: and the Weekly Mercury,1356,10/20/1777,"SEVEN DOLLARS Reward. RUN-away, the 14th inst. a Negro Wench named BET, born at Flatbush, Long-Island: Had on when she went away, a homespun pettycoat, and callico short gown. Whoever shall secure the said wench, or  give information of any person harbouring her, shall receive the above reward, by me, PHILIP LENZI, Confectioner, No. 517, Hanover-Square.","Hodges, Graham Russell Gao, and Alan Edward Brown, eds. “Pretends to Be Free”: Runaway Slave Advertisements from Colonial and Revolutionary New York and New Jersey. 1st ed. Fordham University Press, 2019. https://doi.org/10.2307/j.ctv7xbrzd.",
The New-York Gazette: and the Weekly Mercury,1358,11/3/1777,"Forty Dollars Reward. RUN away from the subscriber, the 5th of August last, a negro boy named PETER, about 13 or 14 years of age, of a yellowish complexion, lisps, and holds down his head when he speaks to any body. He has been seen a number of times with an officer of one of the new corps, and no doubt imposed himself on the Gentleman as a free negro. If he is still in the possession of that, or any other officer, it is expected he will be given up immediately. When he left my service, he had on, and took with him, a new suit of brown fustian, a suit of claret coloured fine cloth two thirds worn, a round hat, several pair of striped trowsers, &c. Whoever will secure the said negro boy, or bring him to me at No. 21, King street, shall be paid the above reward immediately. HENRY W. PERRY.","Hodges, Graham Russell Gao, and Alan Edward Brown, eds. “Pretends to Be Free”: Runaway Slave Advertisements from Colonial and Revolutionary New York and New Jersey. 1st ed. Fordham University Press, 2019. https://doi.org/10.2307/j.ctv7xbrzd.",
The New-York Gazette: and the Weekly Mercury,1362,12/1/1777,"RUN-AWAY from the subscriber, living at New Lots, King’s county, on Long-Island, the 16th instant, a negro  fellow named NAT; has lost his right eye, about 24 years old, pitted with the small-pox, 5 feet 8 inches high, Indian  hair, and of a yellow complexion: Had on when he went away, a whitish surtout coat, a homespun coat, and light coloured jacket.—Whoever takes up and secures the said fellow, so that he may be had again, shall receive Five Dollars reward, and all reasonable charges, paid by HENRY WICKOFF.","Hodges, Graham Russell Gao, and Alan Edward Brown, eds. “Pretends to Be Free”: Runaway Slave Advertisements from Colonial and Revolutionary New York and New Jersey. 1st ed. Fordham University Press, 2019. https://doi.org/10.2307/j.ctv7xbrzd.",
The New-Jersey Gazette (Burlington),5,12/31/1777,"December 4, 1777. TWENTY DOLLARS REWARD. RAN  AWAY yesterday the third instant from the subscriber, living in Mountholly, a negro man named QUASH, but may probably change it for YERRAH, by trade a cooper, about 26 years of age, 5 feet 8 or 9 inches high, speaks plain: had on, and took with him, a London brown broadcloth lapelled coat not much worn, with white metal buttons; an old whitish coloured ditto broken at the elbows and breast; a pair of leather breeches much worn; a pair of ditto striped linen; two pair of striped linsey trowsers; two tow shirts, one quite new; a beaver hat not much worn; two pair of shoes and two pair of stockings, one white cotton, the other yam mixed red and white. It is thought he will endeavour to get to Philadelphia, or the American Camp, as he is fond of the soldiery. Whoever takes up and secures said servant, so that his master may get him again, shall have the above reward and reasonable charges, paid by JOHN JONES.  N.B. As he has a large bundle with him, and without a pass, it is thought he will be easily detected: It is therefore earnestly requested of the American gentlemen, officers and soldiers, as they are frequently travelling, to use their utmost endeavours to apprehend him.","Hodges, Graham Russell Gao, and Alan Edward Brown, eds. “Pretends to Be Free”: Runaway Slave Advertisements from Colonial and Revolutionary New York and New Jersey. 1st ed. Fordham University Press, 2019. https://doi.org/10.2307/j.ctv7xbrzd.",
The Royal Gazette (New York),150,1/3/1778,"RUN AWAY on the 25th instant, a Negro boy named ALICK, about fifteen years of age. Had on when he went  away, a check shirt, reddish coloured jacket, Oznaburg trowsers, and a leather cap. He is branded on the breast with the letters R.W. Whoever shall secure the said boy, or give  information of any person or persons harbouring him, shall receive Four Dollars reward from Richard Wright, at Mr. W illiam Cross’s, in George Street, No. 11. All master of vessels are forbid harbouring or carrying off said boy at their peril.","Hodges, Graham Russell Gao, and Alan Edward Brown, eds. “Pretends to Be Free”: Runaway Slave Advertisements from Colonial and Revolutionary New York and New Jersey. 1st ed. Fordham University Press, 2019. https://doi.org/10.2307/j.ctv7xbrzd.",
The New-Jersey Gazette (Trenton),7,1/14/1778,"Cumberland County, West New-Jersey, Jan. 2 1 . TWENTY  DOLLARS REWARD. RAN AWAY from the subscriber, on the 20th of August last, an indented MULATTO BOY named Levi, eighteen years of age; he has a down look, slim and straight built: Had on and took with him five shirts, two of them striped flannel; three pair of trowsers, one pair of them striped; three vests, one a light colour, the other a pale red; one pair of light coloured cloth breeches; a cloth coloured great coat. He passes for a free negro, says he has worked about Cohansey Bridge. Any person securing said servant, so that his master may get him again, shall have the above reward paid by ABIJAH HOLMES.","Hodges, Graham Russell Gao, and Alan Edward Brown, eds. “Pretends to Be Free”: Runaway Slave Advertisements from Colonial and Revolutionary New York and New Jersey. 1st ed. Fordham University Press, 2019. https://doi.org/10.2307/j.ctv7xbrzd.",
The Royal Gazette (New York),153,1/24/1778,"Run away on Monday the 19th. inst. a negro boy, 13 years old, pitted with the small pox, had on a red coat, turned up with green, green trowsers, and a blue jacket, a coarse hat with a gold band and a stone buckle. It is supposed he is in some of the houses behind the College, as his mother lives there. Whoever secures the said boy in a guard-house, or the Provost, shall receive Two Dollars reward, by applying to the printer. And all persons whatsoever are forbid harbouring him at their peril.","Hodges, Graham Russell Gao, and Alan Edward Brown, eds. “Pretends to Be Free”: Runaway Slave Advertisements from Colonial and Revolutionary New York and New Jersey. 1st ed. Fordham University Press, 2019. https://doi.org/10.2307/j.ctv7xbrzd.",
The New-Jersey Gazette (Trenton),8,2/14/1778,"THIRTY DOLLARS REWARD. RAN AWAY in June 1776, from the subscriber, living in Amwell township, a Negro man named LUN, but it is probable he may change his name: He is about 30 years of age, about five feet eight or nine inches high, a thick set fellow, has a remarkable scar on his upper lip of a cut, and is thought to have a pass with him. He is the Negro that formerly belonged to John Severns. Whoever takes up and secures him so that his master may get him again, shall have the above reward, and reasonable charges, paid by ISSAC JOHNSON.  All persons are forbid to counsel or harbour this Negro at their peril.","Hodges, Graham Russell Gao, and Alan Edward Brown, eds. “Pretends to Be Free”: Runaway Slave Advertisements from Colonial and Revolutionary New York and New Jersey. 1st ed. Fordham University Press, 2019. https://doi.org/10.2307/j.ctv7xbrzd.",
The New-Jersey Gazette (Trenton),18,4/1/1778,"TEN DOLLARS REWARD. RAN AWAY from the subscriber the 20th instant, a negro fellow named BEN, 22 years of age, remarkably stout and well made: Had on, when he went away, a homespun bearskin coat and jacket, leather breeches, and white stockings. He is supposed to be lurking about the neighbourhood of Trenton, Whoever takes up and secures said negro in any gaol so that his master may have him again, shall have the above reward, and all reasonable charges paid by ELISHA LAWRENCE.","Hodges, Graham Russell Gao, and Alan Edward Brown, eds. “Pretends to Be Free”: Runaway Slave Advertisements from Colonial and Revolutionary New York and New Jersey. 1st ed. Fordham University Press, 2019. https://doi.org/10.2307/j.ctv7xbrzd.",
The New-Jersey Gazette (Trenton),23,4/23/1778,"EIGHT DOLLARS REWARD. WAS taken away last winter by the Hessians, from near Bordentown, a Negro LAD about 14 or 15 years of age, middling thick set, of a yellow colour, his name DORUS, belonging to the subscriber, who has been informed he hath made his escape from the enemy at Philadelphia, and was seen at Bristol some short time  since. Whoever will secure the above Negro lad, and deliver him to James Esdale at Burlington, to Thomas Watson at Bordertown, or to the subscriber at the New-Mills, shall have the above reward and reasonable charges. HENRY BUDD.  Burlington County, April 13, 1778.","Hodges, Graham Russell Gao, and Alan Edward Brown, eds. “Pretends to Be Free”: Runaway Slave Advertisements from Colonial and Revolutionary New York and New Jersey. 1st ed. Fordham University Press, 2019. https://doi.org/10.2307/j.ctv7xbrzd.",
The New-Jersey Gazette (Trenton),23,4/23/1778,"200 Dollars Reward. WAS stolen by her mother, a NEGRO GIRL about 9 or 10 years old, named D ianah— Her mother’s name is Cash, and was married to an Indian named Lewis Wolis near 6 feet high, about 35 years of age—They have a male child with them between three and four years old. Any person that takes up the said Negroes and Indian and secures them, so that the subscriber may get them, shall have the above reward and all reasonable charges.  Any person that understands distilling rye spirits, may find encouragement by applying to the subscriber at his own house. KENNETH HANKINSON. Penelapon, East New-Jersey, April 15, 1778.","Hodges, Graham Russell Gao, and Alan Edward Brown, eds. “Pretends to Be Free”: Runaway Slave Advertisements from Colonial and Revolutionary New York and New Jersey. 1st ed. Fordham University Press, 2019. https://doi.org/10.2307/j.ctv7xbrzd.",
The Royal Gazette (New York),167,5/2/1778,"TEN DOLLARS REWARD. RUN away from his Master, JOHN BARTOW, Jun. of the Borough Town of Westchester, a Negro Man named FRANK, about 5 feet high, is a good tempered handy ingenious fellow, has a pleasant look, and a low soft speech, has got a scar on his left leg, which has been lately cut; Had on when he went off, a brown watch coat and vest, yam stockings and new shoes. Whoever takes up said fellow, and brings him to his said master, if upwards of ten miles from home, shall receive the above reward, and all reasonable charges, and in the some proportion for a less distance paid them by the said JOHN BARTOW, jun.","Hodges, Graham Russell Gao, and Alan Edward Brown, eds. “Pretends to Be Free”: Runaway Slave Advertisements from Colonial and Revolutionary New York and New Jersey. 1st ed. Fordham University Press, 2019. https://doi.org/10.2307/j.ctv7xbrzd.",
The New-Jersey Gazette (Trenton),23,5/6/1778,"Ten Dollars Reward. RAN-AWAY from the subscriber, living in Great Egg-harbour, Gloucester county, on the 23th of April last, a NEGRO MAN, named Sambo, a well built fellow, about twenty-seven years of age; had on and took with him, a homespun great coat of a whiteish colour, a drab coloured jacket with sleeves, and one without sleeves, dowlas trowsers, black yarn stockings, old shoes, round hat, and three shirts, two of them new. ‘Tis supposed he will endeavour to get to Philadelphia. Whoever takes up the said Negro, and secures him in any gaol, so that his master may get him again, shall have the above reward, and reasonable charges, paid by me JOSEPH M ’Culloh.  Great Egg-harbour, May 4, 1778.","Hodges, Graham Russell Gao, and Alan Edward Brown, eds. “Pretends to Be Free”: Runaway Slave Advertisements from Colonial and Revolutionary New York and New Jersey. 1st ed. Fordham University Press, 2019. https://doi.org/10.2307/j.ctv7xbrzd.",
The New-Jersey Gazette (Trenton),24,5/13/1778,"FOUR DOLLARS REWARD. RAN-AWAY on the 25th of April, a MULATTO WENCH named PATT; had on two striped lincey petticoats, a striped linen short gown, a black bonnet, handsome check handerchief and a short brown bearskin cloak, half worn shoes and white yarn stockings with blue clocks. Whoever secures said wench in any gaol, so that her master may have her again, shall have the above reward and reasonable charges. GEORGE EVANS.  May 10, 1778.","Hodges, Graham Russell Gao, and Alan Edward Brown, eds. “Pretends to Be Free”: Runaway Slave Advertisements from Colonial and Revolutionary New York and New Jersey. 1st ed. Fordham University Press, 2019. https://doi.org/10.2307/j.ctv7xbrzd.",
The Royal Gazette (New York),170,5/16/1778,"RUN away from the Subscriber, on Friday the first of May, a young black girl, about 18 years of age named DIONA; had on when she went away, a blue and striped waistcoat,  blue petticoat, black hat, short red cloak with ermine on the fore part; she may attempt getting on board some vessel,  whoever apprehends said girl, and will bring her to me, at No. 169, in Queen-street, shall be handsomely rewarded. All masters of vessels and others, are hereby forewarned harbouring or carrying her off. JOSEPH POTTER.","Hodges, Graham Russell Gao, and Alan Edward Brown, eds. “Pretends to Be Free”: Runaway Slave Advertisements from Colonial and Revolutionary New York and New Jersey. 1st ed. Fordham University Press, 2019. https://doi.org/10.2307/j.ctv7xbrzd.",
The Royal Gazette (New York),170,5/16/1778,"RUN AWAY from the subscriber, a NEGRO LAD named JEM, about 14 Years old, five Feet six inches high, had on  an hat and a brown vest and trowsers: Whoever will secure the said Negro, that he may be recovered by the proprietor, shall receive FIVE DOLLARS, from JOHN PORTOUR, And Co. It is requested that all Master of vessels will carefully avoid carrying him from this port.","Hodges, Graham Russell Gao, and Alan Edward Brown, eds. “Pretends to Be Free”: Runaway Slave Advertisements from Colonial and Revolutionary New York and New Jersey. 1st ed. Fordham University Press, 2019. https://doi.org/10.2307/j.ctv7xbrzd.",
The Royal Gazette (New York),172,5/20/1778,"FIVE DOLLARS REWARD. WILL be paid by the Printer of this paper to any person who will give information of a M ulatto Man, named James Hulse, who has lately absconded from his proprietor; he is about five feet nine inches high, straight made, about 30 years of age; was a few weeks since discharged from his Majesty’s service in the forage department, at Turtle Bay; and, as he plays on the violin it is probable that he may be skulking in some part of this city.","Hodges, Graham Russell Gao, and Alan Edward Brown, eds. “Pretends to Be Free”: Runaway Slave Advertisements from Colonial and Revolutionary New York and New Jersey. 1st ed. Fordham University Press, 2019. https://doi.org/10.2307/j.ctv7xbrzd.",
The Royal Gazette (New York),176,6/6/1778,"Three dollars reward, run away on Thursday June the 4th, a negro wench named Phillis, she is about 5 feet seven inches  high, remarkably stout, about 25 years of age, had on when she went away a black and white striped wooly jacket and petticoat, and a white bonnet. Whoever apprehends said wench and delivers her to Hugh Miller opposite the fly market shall receive the above reward.","Hodges, Graham Russell Gao, and Alan Edward Brown, eds. “Pretends to Be Free”: Runaway Slave Advertisements from Colonial and Revolutionary New York and New Jersey. 1st ed. Fordham University Press, 2019. https://doi.org/10.2307/j.ctv7xbrzd.",
The New-Jersey Gazette (Trenton),29,6/17/1778,"RAN AWAY from the subscriber, living in Kingwood, Hunterdon county, on Tuesday the 9th of this instant, a NEGRO MAN, named JEM, of middle stature, and marked with the small-pox; had on when he went away an old flannel waistcoat, striped flannel shirt, a pair of cloth trowsers or over-alls, and old shoes, but may have changed his dress, as he also took with him a new livery homespun cloth coat of a drab colour, sleeves and collar turned up with scarlet cloth, a nankeen vest coat, old leather breeches, two white shirts, one a new homespun the other old Holland, and a beaver hat smartly cocked. Whoever secures said  Negro fellow, so that his master may have him again, shall receive Forty Dollars reward and reasonable charges, paid by CHARLES COXE.  June 14, 1778.","Hodges, Graham Russell Gao, and Alan Edward Brown, eds. “Pretends to Be Free”: Runaway Slave Advertisements from Colonial and Revolutionary New York and New Jersey. 1st ed. Fordham University Press, 2019. https://doi.org/10.2307/j.ctv7xbrzd.",
The Royal Gazette (New York),188,7/18/1778,"Deserted from his Majesty’s ship Phoenix’s Tender the third instant, a negro man named George Watkins, aged about 21 years, had on when he went away, a blue jacket, check shirt, and long trousers with a round hat, about 5 feet three inches high, smooth faced, with a small cast in one of his eyes; he may attempt getting on board some of the shipping; whoever apprehends the said man and will lodge him on board one of his majesty’s ships and aquaint the printer shall receive five dollars reward. All masters of ships and others are hereby strictly forewarned at their peril from harbouring or carrying him off. Wm. Fumivall.","Hodges, Graham Russell Gao, and Alan Edward Brown, eds. “Pretends to Be Free”: Runaway Slave Advertisements from Colonial and Revolutionary New York and New Jersey. 1st ed. Fordham University Press, 2019. https://doi.org/10.2307/j.ctv7xbrzd.",
The Royal Gazette (New York),189,7/22/1778,"King’s county, Flat Bush, July 20, 1778. Run away on the 12th instant, from the subscriber living at New Lotts, on Long Island, a negro man named Hector, about 40 years of  age, 5 feet 5 inches high, had on when he went away a blue jacket without sleeves, a white shirt and tow trousers; can  speak English and Dutch. Whoever takes up and secures said negro so that his master might have him shall receive five dollars reward and all necessary charges paid by Jacobus Cornell.","Hodges, Graham Russell Gao, and Alan Edward Brown, eds. “Pretends to Be Free”: Runaway Slave Advertisements from Colonial and Revolutionary New York and New Jersey. 1st ed. Fordham University Press, 2019. https://doi.org/10.2307/j.ctv7xbrzd.",
The Royal Gazette (New York),192,8/1/1778,"Two dollars reward, run away a Virginia born mulatto girl named Hannah, 14 years old, slim made, has lately had the smallpox, accustomed to house work; had on when she went away, an ozenbrig petticoat and shift, brown and blue short gown, and an old green bonnet. The above reward will be given to any person that will bring her to her master in Duke Street, No. 6. John Myers. N.B. All masters of vessels and others are forwamed from harbouring or carrying her off.","Hodges, Graham Russell Gao, and Alan Edward Brown, eds. “Pretends to Be Free”: Runaway Slave Advertisements from Colonial and Revolutionary New York and New Jersey. 1st ed. Fordham University Press, 2019. https://doi.org/10.2307/j.ctv7xbrzd.",
The Royal Gazette (New York),195,8/12/1778,"One Guinea reward, Sarah, a mulatto wench, the property of  Mrs. Reid, has absconded from her mistress, on being accused of theft, and is known to be secreted in the city.  Whoever will aprehend her shall have the above reward, on applying to Mrs. Reid in King Street.","Hodges, Graham Russell Gao, and Alan Edward Brown, eds. “Pretends to Be Free”: Runaway Slave Advertisements from Colonial and Revolutionary New York and New Jersey. 1st ed. Fordham University Press, 2019. https://doi.org/10.2307/j.ctv7xbrzd.",
The Royal Gazette (New York),196,8/15/1778,"Run or strayed away the 11th instant from the K ing’s Wharf, near the North River, a mulatto boy named Sam, about 11 years old, strait hair, had on only a shirt and a pair of trousers. Whoever will deliver said boy to the subscriber living near Beckman Slip shall have two guineas reward payed by Jesse Smith.","Hodges, Graham Russell Gao, and Alan Edward Brown, eds. “Pretends to Be Free”: Runaway Slave Advertisements from Colonial and Revolutionary New York and New Jersey. 1st ed. Fordham University Press, 2019. https://doi.org/10.2307/j.ctv7xbrzd.",
The Royal Gazette (New York),197,8/22/1778,"Two Guineas reward. Run away from the subscriber the 20th instant a Mulatto servant boy named Priam,23 years old, about five feet five or six inches high, his hair of a remarkable light coloured woolly sort. Whoever secures the said boy and will inform or deliver him to the subscriber at Flatbush, Long Island to Mr. John Taylor in Queen Street, no. 15, shall be entitled to the above reward. All masters of vessels are forwarned to carry him off or conceal him, as they will answer the consequences. A. Bainbridge, Surgeon, N .J.V .","Hodges, Graham Russell Gao, and Alan Edward Brown, eds. “Pretends to Be Free”: Runaway Slave Advertisements from Colonial and Revolutionary New York and New Jersey. 1st ed. Fordham University Press, 2019. https://doi.org/10.2307/j.ctv7xbrzd.",
The New-Jersey Gazette (Trenton),42,9/23/1778,"One Hundred Dollars Reward. WAS stolen out of the  subscriber’s stable, in Lower Makefield township, Bucks county, near Yarley’s ferry, State of Pennsylvania, on the  night of the 29th of April last, a red or strawberry roan HORSE, about 14 hands and a half high, 5 years old, paces and trots well, black mane and tail, his legs also black, well made, and had neither mark or brand when stolen. He was taken to Philadelphia while the enemy has possession of it.  AlsoR,AN-A WAY on the 15th of June, a NEGRO BOY nam ed Tom, 16 years old, slim made, of a yellow complexion, and something knock-knee’d, supposed to have gone to Philadelphia, to the enemy. Whoever takes up said horse or Negro, and secures them so that the owner may get them again, or brings them home, shall have the above reward, or Fifty Dollars for either, and reasonable charges, paid by PETER ROBERTS.  Sept. 21, 1778.","Hodges, Graham Russell Gao, and Alan Edward Brown, eds. “Pretends to Be Free”: Runaway Slave Advertisements from Colonial and Revolutionary New York and New Jersey. 1st ed. Fordham University Press, 2019. https://doi.org/10.2307/j.ctv7xbrzd.",
The New-Jersey Gazette (Trenton),42,9/23/1778,"Thirty Dollars Reward. Salem, New-Jersey, September 12, 1778. RAN-AWAY on the 26th of February last, with the British light infantry, a NEGRO MAN named Harry, but it is probable he may change his name; he is about 28 years of age, five feet 8 or 9 inches high, a stout well made fellow, bom at Salem, at one of Jost M iller’s; has a large nose. He went as waiting-man to Capt. Hambleton, of the 52d lightinfantry. It is thought he will leave the soldiers and go into the country, and may perhaps endeavor to pass for a free man: Had on when he went away, a fustian coat with a red collar, light broadcloth breeches, two coarse shirts, one fine ditto, a good hat cut maccaroni fashion, good stockings and shoes. Whoever takes up the said Negro, and secures him in any gaol, so that his master may have him again, shall have  the above reward, and reasonable charges, paid by ROBERT JOHNSON.  N. B. All persons are forbid to harbour said Negro at their peril.","Hodges, Graham Russell Gao, and Alan Edward Brown, eds. “Pretends to Be Free”: Runaway Slave Advertisements from Colonial and Revolutionary New York and New Jersey. 1st ed. Fordham University Press, 2019. https://doi.org/10.2307/j.ctv7xbrzd.",
The New-Jersey Gazette (Trenton),47,10/28/1778,"Fifty Dollars Reward. RAN-AWAY on the evening of the  7th inst. from Trenton ferry, a likely MULATTO slave, named Sarah, but since calls herself Rachael; She took her son with her, a Mulatto boy named Bob, about six years old, has a remarkable fair complexion, with flaxen hair: She is a lusty wench, about 34 years of age, big with child; had on a striped linsey petticoat, linen jacket, flat shoes, a large white cloth cloak, and a blanket, but may change her dress, as she  has other cloaths with her. She was lately apprehended in the first Maryland regiment, where she pretends to have a husband, with whom she has been the principal part of this campaign, and passed herself as a free woman. Whoever apprehends said woman and boy, and will secure them in any gaol, so that their master may get them again, shall receive the above reward, by applying to Mr. Blair M ‘Clenachan, of Philadelphia, Capt. Benjamin Brooks, of the third Maryland regiment, at camp, or to Mr. James Sterret, in Baltimore.  Oct. 18,1778. Mordecai Gist.","Hodges, Graham Russell Gao, and Alan Edward Brown, eds. “Pretends to Be Free”: Runaway Slave Advertisements from Colonial and Revolutionary New York and New Jersey. 1st ed. Fordham University Press, 2019. https://doi.org/10.2307/j.ctv7xbrzd.",
The New-Jersey Gazette (Trenton),56,12/31/1778,"30 DOLLARS Reward. RANAWAY from Benjamin Vancleave’s Esq. in Maidenhead, the 26th instant, (Dec.) a Negro WENCH named Dinah, 28 or 30 years o f age, five feet six or seven inches high, black and very lusty. She was lately bought of Parson Van Arsdall at Springfield, and lived with Colonel Scudder, in Freehold, and it’s likely is gone there. Any person apprehending said wench and applying to Mr. Phillips, innkeeper, in Maidenhead, shall be entitled to the above reward and reasonable charges, paid by WILLIAM CRAB.","Hodges, Graham Russell Gao, and Alan Edward Brown, eds. “Pretends to Be Free”: Runaway Slave Advertisements from Colonial and Revolutionary New York and New Jersey. 1st ed. Fordham University Press, 2019. https://doi.org/10.2307/j.ctv7xbrzd.",
The New-Jersey Gazette (Trenton),63,2/17/1779,"One Hundred Dollars Reward. RAN-AWAY last Monday night, from the house of Jesse Williams, in Philadelphia,  two negro men belonging to the subscriber, in Middlesex county, New-Jersey: one named Chess, about 5 feet 8 inches high, 22 years of age, very black and well-set, and had on a sailor’s bluejacket and breeches. The other named Mark, about 5 feet 5 inches high, 24 years old, yellow and chunky;— he has hair like an Indian, except that it curls: Had on a brown old coat, striped wastecoat, old leather breeches, with striped drawers under them, and blue stockings. He usually wore a frock over his other clothes. They were lately purchased in Upper-Freehold, in Monmouth county, and it is feared they will attempt to go off to the enemy. W hoever takes up and secures said Negroes, so that their master may have them again, shall have the above reward, or Fifty  Dollars for either, and reasonable charges, paid by Feb. 12, 1779 RICHARD BRITTON.","Hodges, Graham Russell Gao, and Alan Edward Brown, eds. “Pretends to Be Free”: Runaway Slave Advertisements from Colonial and Revolutionary New York and New Jersey. 1st ed. Fordham University Press, 2019. https://doi.org/10.2307/j.ctv7xbrzd.",
The New-Jersey Gazette (Trenton),68,3/24/1779,"Twenty Dollars Reward. RAN-AWAY from the subscriber, on Monday the 8th inst. a negro man named TOM; a well set fellow, about 5 feet 8 or 9 inches high. Had on when he went away, a short bearskin coat, white vest, buckskin breeches, a round hat; he likewise took with him a brown coat lined with brown shalloon, one striped Damascus vest, and sundry other clothes.  Whoever takes up said negro man, and brings him to his master, in Trenton, or secures him in any gaol so that his master may have him again, shall be entitled to the above reward. SAMUEL HENRY.  N. B. He is supposed to have gone the York road, and endeavouring to get to the enemy.","Hodges, Graham Russell Gao, and Alan Edward Brown, eds. “Pretends to Be Free”: Runaway Slave Advertisements from Colonial and Revolutionary New York and New Jersey. 1st ed. Fordham University Press, 2019. https://doi.org/10.2307/j.ctv7xbrzd.",
The New-Jersey Gazette (Trenton),75,5/12/1779,"RUN-AWAY the 4th day of April last from the subscriber, living in Hunterdon county, State of New-Jersey, a mulatto negro man named Jupiter, a likely, tall, slim fellow, about 20 years old: Had on when he went away a French wool hat, about half worn, black and white mixed homespun coattee, brown waistcoat, buckskin breeches, flannel shirt, mixed black and white homespun stockings, good shoes, and strokes his hair back. Whoever takes up the said Negro and secures him in Trenton gaol, or delivers him to his master in the township of Amwell, shall receive Forty Dollars reward if taken in the county, if out of the county Sixty Dollars.  April 26, 1779. DAVID JONES, Captain.","Hodges, Graham Russell Gao, and Alan Edward Brown, eds. “Pretends to Be Free”: Runaway Slave Advertisements from Colonial and Revolutionary New York and New Jersey. 1st ed. Fordham University Press, 2019. https://doi.org/10.2307/j.ctv7xbrzd.",
The New-Jersey Gazette (Trenton),76,5/19/1779,"Bergen county, State of New-Jersey, May 19, 1779.  TAKEN up on his way from the enem y’s lines and committed to the gaol of said county, a NEGRO MAN, who says that his master’s name is John Howlet, that he resides in Gloucester county, near Popplespring church, Virginia; that he deserted his m aster’s service and joined Lord Dunmore upwards of three years ago. Notice is hereby given, that unless the master of the said negro, or some person in his behalf, come within eight weeks from the date hereof, prove his property, pay the charges and take him away, he will be sold to pay the costs. ADAM BOYD, Sheriff.","Hodges, Graham Russell Gao, and Alan Edward Brown, eds. “Pretends to Be Free”: Runaway Slave Advertisements from Colonial and Revolutionary New York and New Jersey. 1st ed. Fordham University Press, 2019. https://doi.org/10.2307/j.ctv7xbrzd.",
The New-Jersey Gazette (Trenton),79,6/9/1779,"One Hundred Dollars Reward. Ran away from the subscriber, living in Trenton, last Saturday night, a NEGRO MAN named CUFF, about 5 feet 9 inches high, 27 or 28  years of age; he has a small blemish in one eye, and marked on his cheek with a circle or round O; is by trade a  blacksmith. Had on when he went away, a yellowish brown fustian coat, scarlet vest, tow shirt and trousers, a half worn castor hat; he also carried with him two shirts, one pair of  fustian breeches, thread stockings and sundry other cloathing. It is supposed he is gone towards New-York in company with another Negro man who went off the same evening. Any person bringing him to the subscriber, or securing him in any gaol so that his master may get him again, shall receive the above reward and reasonable charges. HEZEKIAH HOWELL.  Trenton, June 8, 1779.","Hodges, Graham Russell Gao, and Alan Edward Brown, eds. “Pretends to Be Free”: Runaway Slave Advertisements from Colonial and Revolutionary New York and New Jersey. 1st ed. Fordham University Press, 2019. https://doi.org/10.2307/j.ctv7xbrzd.",
The New-Jersey Gazette (Trenton),81,6/23/1779,"SIXTY DOLLARS Reward. MADE his escape a few days ago from the Provost Guard near Raritan bridge, a Negro Man named CUFF, well set, speaks very slow but good English, about 40 years old, very black; he was confined for killing his master, Joseph Moss, of Stoney hill. Whoever secures the said Negro, so that he may be brought to justice, shall have the above reward, and all reasonable charges paid by PETER DUMONT, June 18. Sheriff of Somerset county.","Hodges, Graham Russell Gao, and Alan Edward Brown, eds. “Pretends to Be Free”: Runaway Slave Advertisements from Colonial and Revolutionary New York and New Jersey. 1st ed. Fordham University Press, 2019. https://doi.org/10.2307/j.ctv7xbrzd.",
The New-Jersey Gazette (Trenton),81,6/23/1779,"Kent-Island, (State of Maryland) May 15, 1779. One Hundred Dollars Reward. RAN-AWAY from the schooner Kitty, Captain John Bryan, on Saturday the 15th of April last, a Negro Man named WATT, about 5 feet 9 or 10 inches high; he is a likely straight well made fellow, remarkably black, and has a bold daring countenance: He formerly belonged to the estate of the deceased Mr. George Maxwell, and was then under the management of Mr. Samuel Nicholls, of whom I bought him; he is an artful, cunning, plausible villain, and will make use of every specious and fair tale to induce belief of his being a freeman; he is rather thin visaged, and perhaps one of the blackest Negroes in the world. I can’t well describe the apparel he run off in, he had a blue jacket and breeches of coarse French cloth, shoes, stockings and a hat, all of which he took with him: He run off from the schooner while she lay at Wells’s ware-house, and a few days after his going off, he was seen in the neighbourhood of Mr. Isaac Spencer, in Kent county. The rascal made an untimely effort to get on board the British fleet when they were up Chesapeak Bay; I am induced to believe that he has the like object in view, and that the villain has either made for the Delaware Bay or the Jersies, or that he designs it. I will give Fifty Dollars for securing him, if taken in this State; if taken out of it, the above reward, and reasonab le charges if b rought hom e. JAM ES HUTCHINGS. N. B. If taken in Jersey or Pennsylvania, please to apply to William Pollard, of Philadelphia.","Hodges, Graham Russell Gao, and Alan Edward Brown, eds. “Pretends to Be Free”: Runaway Slave Advertisements from Colonial and Revolutionary New York and New Jersey. 1st ed. Fordham University Press, 2019. https://doi.org/10.2307/j.ctv7xbrzd.",
The New-Jersey Gazette (Trenton),83,7/28/1779,"RAN AWAY from the subscriber, in Sussex county, a likely, short, stout Mulatto lad, aged about 20 years, American born, used to horses and waiting in the house, plays well on the fiddle and French horn; had on a white drilling coat with metal buttons, white under cloaths, and beaver hat. Lived in New-York when young, since in Carolina, and lately with Mr. Rutherford in New-Jersey; can read and write; he is a pert, saucy fellow. Whoever takes up the servant above described, and secures him so that his master can have him again, shall have Fifty Pounds reward, and all reasonable charges paid by me W ILLIAM M ’CULLOUGH. July 3, 1779.","Hodges, Graham Russell Gao, and Alan Edward Brown, eds. “Pretends to Be Free”: Runaway Slave Advertisements from Colonial and Revolutionary New York and New Jersey. 1st ed. Fordham University Press, 2019. https://doi.org/10.2307/j.ctv7xbrzd.",
The New-Jersey Gazette (Trenton),89,9/8/1779,"Two Hundred Dollars Reward. RUN AWAY last Monday night, the 30th of Aug. 1779, from the subscriber living in the township of Reading, Hunterdon county, and state of West New-Jersey, a Negro Man named TONE, about 30 years old, well built, about 5 feet 10 inches high, talks good English and Low Dutch. Also another named CHARLES, about 17 years of age, about 6 feet high, of a yellow complexion, squints very much with his eyes; he can talk good English and Low Dutch. As they took with them a number of cloaths, their dress cannot be described: It is supposed their intention is for Staten-Island. Any person that will take up said two negroes, and secure them in safe gaol, so that their master may have them again, shall receive for each Eighty Dollars, and expences paid; or if delivered to the owner at his house, the above reward, and reasonable charges paid by CORNELIUS VANHORN. Aug. 31.","Hodges, Graham Russell Gao, and Alan Edward Brown, eds. “Pretends to Be Free”: Runaway Slave Advertisements from Colonial and Revolutionary New York and New Jersey. 1st ed. Fordham University Press, 2019. https://doi.org/10.2307/j.ctv7xbrzd.",
The New-Jersey Gazette (Trenton),99,11/17/1779,"One Hundred Pounds Reward. RUN away from the subscriber on the 2d inst. a Negro Fellow named Will, 23 years of age, a stout-built, likely man; had on when he absconded, an old beaver hat, a short brown coat half worn, made of country cloth, buckskin breeches, yarn stockings, remarkable strong shoes, and may have other cloaths with him; he formerly belonged to Mr. W ilson Hunt of Maidenhead, and was well known in that neighbourhood by the name of Minck. Whoever will secure the said negro, or give intelligence where he may be found, shall have the above reward, and all reasonable charges by applying to his master, JOHN SHAW. Bernard’s Town, Baskenridge, Nov. 4.","Hodges, Graham Russell Gao, and Alan Edward Brown, eds. “Pretends to Be Free”: Runaway Slave Advertisements from Colonial and Revolutionary New York and New Jersey. 1st ed. Fordham University Press, 2019. https://doi.org/10.2307/j.ctv7xbrzd.",
The New-Jersey Gazette (Trenton),106,1/5/1780,"Lancaster, December 14, 1779. Two Hundred Pounds Reward. RUN away from the subscriber on the evening of the 20th June last, a negro man named DAN, about 24 or 25 years of age, 5 feet 5 or 6 inches high, something pitted with the small-pox; his dress when he went off is uncertain, as he took sundry clothes with him, amongst which are, two coats, a light saggathy, and a brown with yellow buttons, three jackets, light blue, brown, and striped linen, a pair of new buckskin breeches, several pair of old striped and two pair of tow trowsers, three pair of stockings, three good shirts, and a round hat. Said negro is this country bom, and talks the English and German languages, is fond of playing the fiddle, is naturally left-handed, and what is very remarkable, he bows with his left-hand when performing on the violin; he can work a little at the saddler’s trade, is a shrewd cunning fellow, and will if possible procure a pass, probably change his name, and endeavour to pass as a freeman. Whoever takes up and secures said slave in any gaol, so that his master may have him again, shall receive the above reward. CHRISTIAN WIRTZ.","Hodges, Graham Russell Gao, and Alan Edward Brown, eds. “Pretends to Be Free”: Runaway Slave Advertisements from Colonial and Revolutionary New York and New Jersey. 1st ed. Fordham University Press, 2019. https://doi.org/10.2307/j.ctv7xbrzd.",
The New-Jersey Journal (Chatham),51,2/2/1780,"ONE HUNDRED DOLLARS Reward. RUN-AWAY from Martin Wyckoff, in Reading township, Somerset county, New Jersey, a negro boy named WILL, about five feet high, between 15 and 16 years of age. Said negro boy left his master’s house under pretence of going to Jacob W yckoff s, in Mendham, Morris County. He had on when he went away, a linsey woolsey waistcoat, a white under flannel ditto, flannel shirt, buckskin breeches, good shoes, black stockings, and a round hat with yellow binding round the crown. He likewise took with him, a red waistcoat, and a large brown linsey woolsey coat. Whoever takes up said negro, and returns him to either of the subscribers, shall have the above reward, and all reasonable charges, paid by MARTIN WYCKOFF, or JACOB WYCKOFF.","Hodges, Graham Russell Gao, and Alan Edward Brown, eds. “Pretends to Be Free”: Runaway Slave Advertisements from Colonial and Revolutionary New York and New Jersey. 1st ed. Fordham University Press, 2019. https://doi.org/10.2307/j.ctv7xbrzd.",
The Royal Gazette (New York),332,2/12/1780,"Six Dollars Reward. RUN away from the Subscriber, this morning, a Negroe Wench named Belinda, about 21 years of age, slender made and short; had on when she went away, a brown jacket, red petticoat, white hankerchief, and a high cap; has a mole on the right side of her nose; she took with her a  trunk without a lock, a red and white linen gown, black hat and cloak, and a white dimity petticoat. Whoever secures the said Wench and brings her home, shall have the above reward. HENRY GUEST, February 10, 1780. No. 931, Water-street. N.B. All persons whatever are forbid to harbour her at their peril.","Hodges, Graham Russell Gao, and Alan Edward Brown, eds. “Pretends to Be Free”: Runaway Slave Advertisements from Colonial and Revolutionary New York and New Jersey. 1st ed. Fordham University Press, 2019. https://doi.org/10.2307/j.ctv7xbrzd.",
The New Jersey Gazette (Trenton),112,2/16/1780,"Two Hundred Dollars Reward Ran Away on Saturday night the 12th inst, a Negro man named Toney, a light built fellow, about 5 feet 7 inches high, his hair grows down on his forehead and is bare on the temples, speaks low Dutch and English, about 30 years old: Had on a blue broadcloth coat, green plush vest and a brown ditto over it, blue great coat with mettle buttons, a fur cap made with the Crown of a hat instead of leather, leather breeches and light blue yarn stockings. He formerly belonged to Cornelius Van Horn of Reddington —It’s supposed that he is endeavouring to go over to the enemy. Any person taking up and securing the said Negro or returns him to me shall have the above reward and all reasonable charges, paid by me, Peter Dumont. N.B. He was taken up near Piscataway town and hand cu ff d but made his escape from Tunison’s Tavern on Tuesday night last. Hillsborough, Somerset County, February 14, 1780.","Hodges, Graham Russell Gao, and Alan Edward Brown, eds. “Pretends to Be Free”: Runaway Slave Advertisements from Colonial and Revolutionary New York and New Jersey. 1st ed. Fordham University Press, 2019. https://doi.org/10.2307/j.ctv7xbrzd.",
The New Jersey Journal (Chatham),59,3/29/1780,"One Hundred Dollars Reward. Run-away from Jonathan Wynans at Lyon’s Farms, a negro boy named Frank: He is about 17 years of age. Had on when he went away an old wool-hat, grey linsey woolsey waistcoat, much worn, a woollen shirt, a pair of calfskin breeches and a pair of grey stockings. Whoever takes up said Negro and secures him so that he may be restored to his master, shall have the above reward and reasonable charges from Jonathan Wynans. March 14, 1780.","Hodges, Graham Russell Gao, and Alan Edward Brown, eds. “Pretends to Be Free”: Runaway Slave Advertisements from Colonial and Revolutionary New York and New Jersey. 1st ed. Fordham University Press, 2019. https://doi.org/10.2307/j.ctv7xbrzd.",
The Royal Gazette (New York),363,3/29/1780,"DESERTED on the 25th inst. from the General Hospital where he has been sick with the small pox, a Negroe, named Robert Kupperth, about 19 years of age, five feet three inches high. He was a Drummer of the Hessian Regiment Landgrave, and had on when he went away his old Regimentals. He is of a pretty dark complexion, and very much pitted with the small-pox. As it is supposed that he is gone on board of a vessel, or is secreted in the city, every one is warned at his own peril, to harbour the said Negro Drummer, and whoever will secure, give intelligence, or deliver him to the said regiment Landgrave, now garrisoned in this city, will be handsomly rewarded. de KEUDELL, Colonel of the Regiment Landgrave. New-York, March 29, 1780.","Hodges, Graham Russell Gao, and Alan Edward Brown, eds. “Pretends to Be Free”: Runaway Slave Advertisements from Colonial and Revolutionary New York and New Jersey. 1st ed. Fordham University Press, 2019. https://doi.org/10.2307/j.ctv7xbrzd.",
The Royal Gazette (New York),370,4/15/1780,"RUN AWAY from his master on the 11th instant, a Negro Boy called TOM, he is a stout well made Boy about 15 or 16 years of age, speaks tolerable good English; had on a brown thicksett jacket and osnaburg trowsers, an old round hat, shoes and stockings. Whoever will give information of the said run-away Negro will be thankfully rewarded, by DONALD M ’LEAN, No. 6, near the Coffee House. N.B. Mr. M ’Lean flatters himself that none of his friends in the navy or army will countenance the above Negro, and all masters of vessels are strictly forbid to harbour him upon any pretence.","Hodges, Graham Russell Gao, and Alan Edward Brown, eds. “Pretends to Be Free”: Runaway Slave Advertisements from Colonial and Revolutionary New York and New Jersey. 1st ed. Fordham University Press, 2019. https://doi.org/10.2307/j.ctv7xbrzd.",
The Royal Gazette (New York),375,5/3/1780,"RUN AWAY yesterday morning, a MULATTO GIRL, 14 or 15 years old, slim made, long hands and feet; had on a flowered red and green flannel petticoat and blue cloth jacket. Any person that brings her to No. 870, Dock-street, shall be handsomely rewarded. May 2, 1780.","Hodges, Graham Russell Gao, and Alan Edward Brown, eds. “Pretends to Be Free”: Runaway Slave Advertisements from Colonial and Revolutionary New York and New Jersey. 1st ed. Fordham University Press, 2019. https://doi.org/10.2307/j.ctv7xbrzd.",
The New Jersey Journal (Chatham),66,5/7/1780,"Ranaway from the subscriber the evening of the 2nd instant a Negro boy named Robbin, but sometimes calls himself Levi alias Leave, about fifteen years old, somewhat tall of his age, is an artful fellow, very modest in speech, has a sober look and can frame a smooth story from rough materials, naturally very lazy but capable of activity; went off in haste, having on an old felt hat, white woolen waistcoat with stocking sleeves, brown under ditto, pair of white woolen overalls, tow shirt, pale blue stockings, old shoes without buckles; supposed to have enlisted in the service or else secreted by some evil minded persons whose hearts are as black as the fugitives face. If the former should be the case, the proprietor is under no apprehensions but he will immediately be given up. A handsome reward will be paid to the person who secures him for his master besides generous payment for trouble. Noah Marsh. N.B. All persons are forewarned harbouring the said Negro at their peril. Westfield, May 9, 1780.","Hodges, Graham Russell Gao, and Alan Edward Brown, eds. “Pretends to Be Free”: Runaway Slave Advertisements from Colonial and Revolutionary New York and New Jersey. 1st ed. Fordham University Press, 2019. https://doi.org/10.2307/j.ctv7xbrzd.",
The New Jersey Journal (Chatham),66,5/7/1780,"RUN AWAY from the Subscriber the 5th instant, a Negro Boy named JACK, aged about 17 years, pitted with the small pox, stoops in his walk, talks much like a Guinea Negro, very black, about five feet four inches high. Whoever secures the said Boy, so that his Master may have him again, shall receive Five Dollars Reward from me JONATHAN FOWLER. Living in Chatham Street, at Dr. B etts’s. All Commanders of Vessels are warned against carrying him off, as they will in that case be prosecuted on discovery.","Hodges, Graham Russell Gao, and Alan Edward Brown, eds. “Pretends to Be Free”: Runaway Slave Advertisements from Colonial and Revolutionary New York and New Jersey. 1st ed. Fordham University Press, 2019. https://doi.org/10.2307/j.ctv7xbrzd.",
The Royal Gazette (New York),380,5/20/1780,"ONE GUINEA REWARD, RUN away from the Subscriber on Saturday last, a Negro Boy named YORK, about 3 feet 10 inches high, tawney complexion, a scar under, or nearly under his left temple like unto a burn, well made, small bones, speaks pretty good English, is a native of the Island of Jamaica, and came here about 2 years since, has lately been employed in sweeping chimneys, is a smart talkative boy, has been out in the privateer Pollux, Capt. Rois. Had on when he went away, a short brown waistcoat, a check shirt, a kind of woollen trowsers nearly white, a blue cap, his hair wool cut short, and full of soot, is about 12 years of age, and is addicted to drinking. Whoever brings the said boy to the Printer, or to the Subscriber, living in Duke- Street, shall receive the above reward. All masters of ships are requested not to carry off the said boy: all other persons are forbid harbouring him at their peril. PETER CREGUELL.","Hodges, Graham Russell Gao, and Alan Edward Brown, eds. “Pretends to Be Free”: Runaway Slave Advertisements from Colonial and Revolutionary New York and New Jersey. 1st ed. Fordham University Press, 2019. https://doi.org/10.2307/j.ctv7xbrzd.",
The Pennsylvania Gazette (Philadelphia),2609,6/14/1780,"Princeton, May 23, 1780. Five Hundred Dollar reward A Mullatto slave who it is supposed has been seduced to undertake to carry letters or intelligence into New York ran away from the subscriber and took off with him a dark bay horse, 6 years old 14 and a half hands high, with two white feet and a blaze and is a natural trotter. The slave is near 6 feet high, strong and well made; had on and took with him, a variety of clothes, but those he most probably will wear are a a suit of superfine mixt broad cloth, a new red great cloth, white stockings, half boots , a black velvet stock and beaver hat, but little worn. He appears to be 40 odd years of age, speaks good English, reads and writes a tolerable hand and is a decent and well-behaved ingenious fellow, capable of a variety of works. His name is Michael Hoy but he may go by some other, and it is probably he may travel as a servant to a white man who is supposed to have gone off with him and as such may change his address. He went off in the night of the 20th Inst. Five hundred dollars will be given and all charges paid for securing the slave and the horse or two hundred and fifty dollars for either paid by George Morgan. P.S. A deep blood bay mare with a black mane and tail was stolen that same night the above mentioned slave went off supposedly by him or his accomplice. She has a short dock and a lump that looks like a wind-gall or small wen, on the hindermost part of one of her thighs. She is half-blooded, pretty old, trots and is with foal. Six hundred dollars will be paid by the Rev. Mr. Smith of this town to the person who shall return the mare and convict the thief or Three Hundred Dollars for the mare alone.","Hodges, Graham Russell Gao, and Alan Edward Brown, eds. “Pretends to Be Free”: Runaway Slave Advertisements from Colonial and Revolutionary New York and New Jersey. 1st ed. Fordham University Press, 2019. https://doi.org/10.2307/j.ctv7xbrzd.",
The Royal Gazette (New York),387,6/14/1780,"RUN away the 4th inst. from JOHN AMBERMAN living at Jamaica, Queen’s County; a Negro man named WILL, about 5 feet, 8 inches high, broad shouldered, has a scar on his forehead, and one on his head just in his hair, about the bigness of an English shilling, whereon grows no hair, has thick lips, had on when he went off, a home spun grey Jacket much worn, a pair of corduroy breeches; whoever takes up said Negro, and secures him so that his master may get him again, shall have one Guinea reward, or bring him home to his said Master shall have two Guineas reward. JOHN AMBERMAN. Jamaica, June 10, 1780.","Hodges, Graham Russell Gao, and Alan Edward Brown, eds. “Pretends to Be Free”: Runaway Slave Advertisements from Colonial and Revolutionary New York and New Jersey. 1st ed. Fordham University Press, 2019. https://doi.org/10.2307/j.ctv7xbrzd.",
The Royal Gazette (New York),388,6/17/1780,"Six Dollars Reward. RUN AWAY on Monday the 12th instant, a Negro Boy named Toney, about five feet high, black complexion, and something pitted with the small-pox, has a remarkable scar a little above his left ear, had on when he went away a brown sailor’s jacket, and striped Holland trowsers, a check shirt and a bound hat. Whoever takes up and delivers said run-away to his master, at No. 189, Queen-Street, will be entitled to the above reward. All masters of vessels and others are hereby cautioned and forbid to take off, harbour or conceal said boy, as they will answer it at their peril.","Hodges, Graham Russell Gao, and Alan Edward Brown, eds. “Pretends to Be Free”: Runaway Slave Advertisements from Colonial and Revolutionary New York and New Jersey. 1st ed. Fordham University Press, 2019. https://doi.org/10.2307/j.ctv7xbrzd.",
The New Jersey Journal (Chatham),71,6/21/1780,"Ran-Away from the Subscriber, a very slim black Negro man named Prince, about twenty-four or five years old , can talk low Dutch, and formerly belonged to one Van Riper at Second River; if he gets a little liquor is very talkative; has on a thick homespun bluish colored short coat, an old felt hat, a pair of linen breeches, and one pair of tow trouseers and one spare shirt, is about five feet seven or eight inches high. Any person taking up and securing said Negro so that his master may get him again shall receive Twenty Hard Dollars and all reasonable charges paid by John Blanchard. Hanover, Morris County, June 20, 1780.","Hodges, Graham Russell Gao, and Alan Edward Brown, eds. “Pretends to Be Free”: Runaway Slave Advertisements from Colonial and Revolutionary New York and New Jersey. 1st ed. Fordham University Press, 2019. https://doi.org/10.2307/j.ctv7xbrzd.",
The Royal Gazette (New York),392,7/5/1780,"RUN away last Sunday afternoon, the 2d of July instant, a Negro man named CAIN, a stout able young fellow, about 5 feet 8 inches high, had on when he went away a brown short coat, with white metal buttons, a brown waistcoat and white breeches, a cock’d hat, a black silk handkerchief about his head, and has taken with him sundry other wearing apparel; he is about 26 years of age, is but lately from Charlestown, speaks tolerable good English, has a fore head, and has lately had the small-pox. Whoever will apprehend the said runaway, and give notice thereof to Capt. Norman Tolmey, in Cherry Street, shall have FIVE DOLLARS reward, and be allowed all reasonable charges.","Hodges, Graham Russell Gao, and Alan Edward Brown, eds. “Pretends to Be Free”: Runaway Slave Advertisements from Colonial and Revolutionary New York and New Jersey. 1st ed. Fordham University Press, 2019. https://doi.org/10.2307/j.ctv7xbrzd.",
The New-Jersey Gazette (Trenton),134,7/19/1780,"Four Hundred Dollars Reward. MADE his escape on Monday the 3d instant, from the subscriber, a new Negro Man, that can scarcely speak a word of English, about 5 feet 9 or 10 inches high, who was confined in Trenton gaol, and is advertised to be sold on Thursday the 27th of July instant; had on and took with him two tow shirts, one pair tow trowsers, one pair leather breeches, a white flannel jacket, an old blue cloth jacket, old shoes, and a leather furred cap. Whoever takes up said Negro and secures him so that I get him again, shall have the above reward and reasonable charges, paid by JOSHUA CORSHON, Sheriff. Amwell, July 5, 1780.","Hodges, Graham Russell Gao, and Alan Edward Brown, eds. “Pretends to Be Free”: Runaway Slave Advertisements from Colonial and Revolutionary New York and New Jersey. 1st ed. Fordham University Press, 2019. https://doi.org/10.2307/j.ctv7xbrzd.",
The Royal Gazette (New York),402,8/5/1780,"RUN away Tuesday the first instant, a Negro Boy named TOM, the property of Dr. M ’Lean, No. 6 Water-Street; he is a strong thick well made fellow, about 16 years of age, speaks tolerable good English, had on when he went off a thicksett jacket, and osnaburgh trowsers. W hoever apprehends and restores him to his said master shall have an adequate reward for their trouble. All masters of vessels are strictly forbid harbouring this Negro, who will probably change his name to facilitate his escape. July 10, 1780.","Hodges, Graham Russell Gao, and Alan Edward Brown, eds. “Pretends to Be Free”: Runaway Slave Advertisements from Colonial and Revolutionary New York and New Jersey. 1st ed. Fordham University Press, 2019. https://doi.org/10.2307/j.ctv7xbrzd.",
The Royal Gazette (New York),403,8/9/1780,"RUN AWAY from the subscriber, a short thick set Negro Boy, named Dick, he belonged to his Majesty’s ship the Otter, and took away with him two coats, the one a dark French frock, the other a livery brown, lined, trimmed, and turned up with red; it is supposed he has let him self to some person living in the country who, if desirous of keeping him, till such time as said sloop arrives in this port, are requested to call on Mrs. M ’Fadyen, at No. 2, in the Fly-Market, and without such information being given, all persons are hereby desired not to harbour him. E. M ’FADYEN.","Hodges, Graham Russell Gao, and Alan Edward Brown, eds. “Pretends to Be Free”: Runaway Slave Advertisements from Colonial and Revolutionary New York and New Jersey. 1st ed. Fordham University Press, 2019. https://doi.org/10.2307/j.ctv7xbrzd.",
The Royal Gazette (New York),405,8/16/1780,"RUN AWAY, a NEGRO MAN on Saturday last, went on board a vessel in the harbour, his name is JAMES, speaks broken English, he is about five feet 8 or 9 inches high, bandy legged. The master on board whose vessel he is, may have his services, provided he will pay reasonable wages for his service. Inquire of the printer.","Hodges, Graham Russell Gao, and Alan Edward Brown, eds. “Pretends to Be Free”: Runaway Slave Advertisements from Colonial and Revolutionary New York and New Jersey. 1st ed. Fordham University Press, 2019. https://doi.org/10.2307/j.ctv7xbrzd.",
The Royal Gazette (New York),405,8/16/1780,"Five dollar Reward, Run away last Monday, a likely negro boy, about 15, he has a great impediment in his speech. James Ricketts. The boy’s name is Cyrus.","Hodges, Graham Russell Gao, and Alan Edward Brown, eds. “Pretends to Be Free”: Runaway Slave Advertisements from Colonial and Revolutionary New York and New Jersey. 1st ed. Fordham University Press, 2019. https://doi.org/10.2307/j.ctv7xbrzd.",
The Royal Gazette (New York),406,8/19/1780,"TEN DOLLARS REWARD. RUN away from the Subscriber about six weeks ago, a Negro Wench named SAVINAH, she is about 30 Years of Age, slim made, of a very dark Colour, and has a small Scar on the upper part of her Nose. Also eloped from the Subscriber last Wednesday Evening, a short yellow Wench, named Grace, she carried off her Child named Harry, he is nineteen Months old, and is a very yellow Mulatto. It is imagined the above described Negroes are lurking about this City.— whoever harbours, or attempts to conceal them may depend upon being treated as they deserve, and any person who will deliver them to their master who resides at the Sign of the Crown, No. 25 Peck’s Slip, shall have the above Reward, or Forty Shillings for each of the Wenches. JAMES DUN. August 18, 1780.","Hodges, Graham Russell Gao, and Alan Edward Brown, eds. “Pretends to Be Free”: Runaway Slave Advertisements from Colonial and Revolutionary New York and New Jersey. 1st ed. Fordham University Press, 2019. https://doi.org/10.2307/j.ctv7xbrzd.",
The Royal Gazette (New York),407,8/23/1780,"RUN AWAY, a Virginia Negro Woman called PAMELA, the property of the subscriber, aged about 18 years, and came here last summer with her mistress: she is squire built, very lusty and likely, affects to smile when she speaks or is spoken to, and is very deceitful and given to lying. She absconded about a month ago, and says she is a free Negro, tho’ born in my family, and often calls herself MIRA, after her sister. As it is imagined some evil disposed persons encourage her in this way, for wicked purposes: All persons, therefore, are hereby forwarned, not to harbour, employ, conceal, or carry off said Negro, by land or water, as they must do the same at their peril: And whoever will secure said Negro, or give timely notice who it is that secrets and entertains her, so as I may get her again, shall be handsomely rewarded, by applying at No. 30, in Roosevelt street, to J. Agnew, Chaplain, Queen’s Rangers","Hodges, Graham Russell Gao, and Alan Edward Brown, eds. “Pretends to Be Free”: Runaway Slave Advertisements from Colonial and Revolutionary New York and New Jersey. 1st ed. Fordham University Press, 2019. https://doi.org/10.2307/j.ctv7xbrzd.",
The Royal Gazette (New York),410,9/2/1780,"TWO GUINEAS REWARD. RUN away on Saturday the 26th of August, a Negro Boy, named SCIP, 14 years old, about four feet nine or ten inches high, he has a speck in the right eye, had on when he run away, a check shirt, a pair of striped trowsers. Whoever will give information to GIDEON CARSTANG, at the fresh water, so that his master may have him again, shall receive the above reward. This is to forewarn all masters of vessels or others not to harbour or carry him off at their peril.","Hodges, Graham Russell Gao, and Alan Edward Brown, eds. “Pretends to Be Free”: Runaway Slave Advertisements from Colonial and Revolutionary New York and New Jersey. 1st ed. Fordham University Press, 2019. https://doi.org/10.2307/j.ctv7xbrzd.",
The Royal Gazette (New York),410,9/2/1780,"Ran Away from Lucas Von Beverholdt of Beverwyck near Morris Town, on the 26th of last month, a negro man, named Jack, and is supposed will go to New York; he is low of stature, very black and limps a little in his walk, though not lame, speaks broken English and some Negro Dutch; he took with him a short blue cloth coat, with red lining cape cuffs; a scarlet jacket and breeches, a light coloured homespun coat, short cut with red cape and cuffs, a darker homespun jacket and breches with black buttons; homespun shirts and trousers also some fine shirts. W hoever apprehends said fellow and secures him so that he can be delivered to said Von Beverholdt or to Mr. Patrick Darcy, shall have one thousand continental dollars reward. Beverwyck, near Morristown.","Hodges, Graham Russell Gao, and Alan Edward Brown, eds. “Pretends to Be Free”: Runaway Slave Advertisements from Colonial and Revolutionary New York and New Jersey. 1st ed. Fordham University Press, 2019. https://doi.org/10.2307/j.ctv7xbrzd.",
The Royal Gazette (New York),410,9/2/1780,"RUN AWAY from the subscriber, on the evening of the 23d ult. a Negro Lad named FORTUNE, about eighteen years of age, of a brownish cast, much pitted with the small pox, is slender made, and about five feet seven or eight inches high, came from Georgia about ten months ago with Major Drummond of the New-Jersey Volunteers, is very fond of dress, and generally wears a small round hat bound with silver lace; one of his eyes are sore and much inflamed. Whoever will apprehend said Negro, and bring him to No. 42, White-Hall, or give information where he may be had, shall receive TWO GUINEAS reward, paid by BROUGHTON REYNOLDS. N.B. All persons and masters of vessels, are forewarned harbouring or secreting said negro at their peril, as in case of conviction they will be dealt with accordingly. New-York, September 1, 1780","Hodges, Graham Russell Gao, and Alan Edward Brown, eds. “Pretends to Be Free”: Runaway Slave Advertisements from Colonial and Revolutionary New York and New Jersey. 1st ed. Fordham University Press, 2019. https://doi.org/10.2307/j.ctv7xbrzd.",
The Royal Gazette (New York),411,9/6/1780,"EIGHT DOLLARS Reward, RUN AWAY on Sunday night last, a Negro Girl named JENNY, about 14 years of age, a native of Georgia, from whence she came in the last fleet with her owners; she is of a very black complexion, much marked with the small pox which she had not long since; has remarkable red eyes, short curl’d eye lashes and has lost one of her fore teeth of her underjaw: She had on when she went away a black callimanco coat, a white linen wrapper and cap, and carried all her other clothes with her. The above reward will be given to any person on delivering her to Mr. Dole, No. 128, Great Dock street, or give such information so as she may be taken; She was seen yesterday with some sailors on one of the docks. Captains of vessels and others are cautioned against harbouring her.— She is a remarkable thief and liar.","Hodges, Graham Russell Gao, and Alan Edward Brown, eds. “Pretends to Be Free”: Runaway Slave Advertisements from Colonial and Revolutionary New York and New Jersey. 1st ed. Fordham University Press, 2019. https://doi.org/10.2307/j.ctv7xbrzd.",
The New Jersey Gazette (Trenton),143,9/20/1780,"Ran Away On the Evening of the 17th Inst. A Negro Man called Ned, a stout fellow about five feet ten or eleven inches high, speaks very low; had on and took with him when he went away, a wool hat with white loops a brown homespun coat, one woolen check and a tow cloth shirt and two pair of tow cloth trowsers. Whoever apprehends and secures the said Negro so that his master may have him again, shall be amply rewarded and all reasonable charges paid by the subscriber. J. Winters. Rocky-Hill, September 19, 1780.","Hodges, Graham Russell Gao, and Alan Edward Brown, eds. “Pretends to Be Free”: Runaway Slave Advertisements from Colonial and Revolutionary New York and New Jersey. 1st ed. Fordham University Press, 2019. https://doi.org/10.2307/j.ctv7xbrzd.",
The Royal Gazette (New York),415,9/20/1780,"RUN AWAY from the Subscriber on the 16th day of September instant, a Negro Wench named ROSE, she is about the middle size, is a handsome black, and has an impediment in her speech; had on when she went away a green fluff petticoat, a red and white callico short gown, a red silk handkerchief, and a black sattin bonnet. Whoever brings her to me the subscriber, or secures her, shall, upon application, at No. 55, Queen-street, receive FIVE DOLLARS REWARD, and all charges, ALEXANDER ZUNTZ.","Hodges, Graham Russell Gao, and Alan Edward Brown, eds. “Pretends to Be Free”: Runaway Slave Advertisements from Colonial and Revolutionary New York and New Jersey. 1st ed. Fordham University Press, 2019. https://doi.org/10.2307/j.ctv7xbrzd.",
The Royal Gazette (New York),423,10/18/1780,"RUN AWAY from the suscriber on Monday evening, a Negro Boy called WILL, about 17 years old, five feet four inches high, remarkably marked with the small pox and scared in the face: Had on a blue jacket  up with red, a canvass pair of breeches and silver plated buckle. Whoever will apprehend or secure the said Negro, shall be handsomely rewarded. All masters of ships and others are desired not to harbour said Negro, as they will be prosecuted according to the law. JOHN SIBRELL.","Hodges, Graham Russell Gao, and Alan Edward Brown, eds. “Pretends to Be Free”: Runaway Slave Advertisements from Colonial and Revolutionary New York and New Jersey. 1st ed. Fordham University Press, 2019. https://doi.org/10.2307/j.ctv7xbrzd.",
The Royal Gazette (New York),427,11/1/1780,"A REWARD. RUN or enticed away a Negro Boy named BOB, about 12 years old, very black, and a remarkable flat nose, speaks good English, had on when he went away an oznaburg frock, and red jacket. Whoever secures the said negro, and brings him to the Printer, or No. 16, Maiden Lane; shall be handsomely rewarded. Masters of vessels and others are cautioned from harbouring or concealing said Negro at their peril.","Hodges, Graham Russell Gao, and Alan Edward Brown, eds. “Pretends to Be Free”: Runaway Slave Advertisements from Colonial and Revolutionary New York and New Jersey. 1st ed. Fordham University Press, 2019. https://doi.org/10.2307/j.ctv7xbrzd.",
The New-Jersey Gazette (Trenton),151,11/15/1780,"One Thousand Dollars Reward from the subscriber in Princeton, on Sunday evening the 12th instant. A Negro man named Cesar, about twenty-five years of age, about five feet eight inches high, marked with the small pox; had on a blue camblet coat worn out at the elbows, a pair of new buckskin breeches, straps without knee buckels old pumps with a hole in one of the toes or a new patch, a small felt hat lopt. Whoever apprehends the said Negro and delivers him to me shall have the above reward, paid by John Denton Princeton, November 4, 1780. P. S. There is good reason to believe that he has been advised to go away any substantial evidence who will discover the fact (if the plot is by a white person) on full conviction shall have a reward of six thousand dollars, if a black person, five hundred dollars. As it is more probable that there is more people goes to market in Staten Island than ought, but if any person going there will please to call on Mr. Cubberly and enquire of his negro man Cesar who is was that advised him to leave his master and make a suficent discovery whereby the subscriber may receive sufficient damage, shall have ten guines or the exchange thereof in continental money.","Hodges, Graham Russell Gao, and Alan Edward Brown, eds. “Pretends to Be Free”: Runaway Slave Advertisements from Colonial and Revolutionary New York and New Jersey. 1st ed. Fordham University Press, 2019. https://doi.org/10.2307/j.ctv7xbrzd.",
The Pennsylvania Gazette (Philadelphia),2634,12/6/1780,"A Half Johannes Reward or the Exchange in Continental Currency. Ran Away last night from the subscriber a Negro man named Briss a well-made fellow, about 35 years old, has remarkable large feet, formerly belonged to Major Hugg of Gloucester County; had on when he went away, abrown home-spun waistcoat, ozenbrigs shirt and trousers, old shoes and an old hat. Whoever takes up said Negroe and secures him in any gaol so as his master may have him again, shall have the above reward and reasonable charge paid by. Robert Johnson, Salem, October 30, 1780.","Hodges, Graham Russell Gao, and Alan Edward Brown, eds. “Pretends to Be Free”: Runaway Slave Advertisements from Colonial and Revolutionary New York and New Jersey. 1st ed. Fordham University Press, 2019. https://doi.org/10.2307/j.ctv7xbrzd.",
The Royal Gazette (New York),438,12/9/1780,"Charlestown, South Carolina. KIDNAPPED, inveigled, or seduced to go on board some vessel that sailed from this place in July last for New-York, a young Negro Man named Richard, but most commonly Dick, belonging to Dr. Alexander Garden, about eighteen or twenty years of age, short and stout made, but active and nimble, of a very black complexion, good features, with rather large lips, speaks good English, tho’ born in Africa, has no perceivable country marks, wore a light brown coat, waistcoat and breeches when he was secuced away from his Master’s house. Any person discovering and delivering the said Negro to Dr. Middleton of New-York, will receive a reward of FIVE GUINEAS.","Hodges, Graham Russell Gao, and Alan Edward Brown, eds. “Pretends to Be Free”: Runaway Slave Advertisements from Colonial and Revolutionary New York and New Jersey. 1st ed. Fordham University Press, 2019. https://doi.org/10.2307/j.ctv7xbrzd.",
The Royal Gazette (New York),438,12/9/1780,"FIVE DOLLARS REWARD. RUN AWAY (or impressed) from Thomas Skinner, No. 256, Broad Street, on Saturday evening the 9th inst. a Mulatto Slave, aged 22 years, about 5 feet inches high, a stout well made fellow, named Tony, but may call himself Anthony Frost, has a bushy thick head of hair, which he combs up very high before in the shape of a roll, round faced, has part of one of his fore-teeth broke out, a very remarkable high breast bone, is very saucy and pert, and thinks a great deal of himself; had on a short blue coat, white metal buttons, striped jacket, and a long pair of blue trowsers. Whoever will apprehend or secure said Mulatto so that his master may get him again, shall have the above reward. All masters of vessels and others are desired not to harbour said Mulatto at their peril, as they will be prosecuted with the utmost rigour.","Hodges, Graham Russell Gao, and Alan Edward Brown, eds. “Pretends to Be Free”: Runaway Slave Advertisements from Colonial and Revolutionary New York and New Jersey. 1st ed. Fordham University Press, 2019. https://doi.org/10.2307/j.ctv7xbrzd.",
The New Jersey Gazette (Trenton),157,12/27/1780,"Two Thousand Dollars Reward. Ran Away on Sunday last from the Subscriber in Mendham township, Morris County. A Negro man named Joe, about 30 years of age, five feet eight inches high, one leg a little shorter than the other, part of one of his great toes cut off, lost some foreteeth and his back is much scarrified and in lumps by whipping. Also a handsome Negro wench, 28 years of age with her child about six weeks old, which from some of its clothes being found, she is supposed to have killed. The Negroes went off with one Slight, a soldier belonging to the 2nd Pennsylvania Regiment and they stole and took with them a variety of clothes and two horses, the one a bay, four years old the other a grey, seven years old and have switch tails. The soldier stole a written discharge in the name of William Nelson whom he will probably personate. Whoever takes up the said Negroes and horses so that the owner may get them again, shall have the above reward or Twelve Hundred Dollars of the Negroes only or eight hundred dollars for the horses or inproportion for any or either of them and reasonable charges paid by Ebenezar Blackly, Jr. December 22, 1780.","Hodges, Graham Russell Gao, and Alan Edward Brown, eds. “Pretends to Be Free”: Runaway Slave Advertisements from Colonial and Revolutionary New York and New Jersey. 1st ed. Fordham University Press, 2019. https://doi.org/10.2307/j.ctv7xbrzd.",
The New Jersey Gazette (Trenton),159,1/11/1781,"Ran Away from the Subscribers last night. A Negro man named Joe and a Negro woman named Hester: The man is about five feet six or seven inches high, well-set, full faced of an open countenance, was formerly a servant to a British officer, speaks the German language well; had on and took with him a brown great coat badly dyed, white pewter buttons with the letters USA in a cypher, a green coat with red cuffs and cape and yellow buttons, white jacket and leather breeches a pair of boots and a pair of shoes, two or three pair of stockings and two or three shirts. The wench is small and well made and has a lively eye, being bred in Carolina and has the manners of the West-India slaves; she had on a red striped linsey short gown and petticoat and took with her a dark brown cloak and sundry other clothes. W hoever takes up and secures the above Negroes shall received Six Spanish milled dollars each and reasonable charges Robert L. Hooper, Robert Hoops, Trenton, January 8, 1781.","Hodges, Graham Russell Gao, and Alan Edward Brown, eds. “Pretends to Be Free”: Runaway Slave Advertisements from Colonial and Revolutionary New York and New Jersey. 1st ed. Fordham University Press, 2019. https://doi.org/10.2307/j.ctv7xbrzd.",
The New Jersey Gazette (Trenton),160,1/17/1781,"Philadelphia December 25, 1780. Two Thousand Dollars Reward. Ran Away this evening from the subscriber, a Negro wench named Maria alias Amoritta, she is about thirty-four years of age, tall and well-made, her face long and features more regular than are common with her colour. She had on or took with her a pale blue and white fine short linsey gown and petticoat almost new, a petticoat of tow linen, a pair of men’s shoes and good shifts of brown homespun linen and aprons of the same. It is supposed she will endeavour to get into the jersey as she came from thence and once lived with Mr. Thomas Lowrey of Flemington, but it is suspected that she is now lurking in this city or concealed by some free negroes. She also took with her her female child named Jane, about four years old, well made, fat, round faced and lively had on or took with her a blue and white linsey frock. Whoever will deliver the said wench and child to the subscriber in Philadelphia, shallhave the above reward. John Duffield. N.B. All persons are forebid to harbour her at their peril.","Hodges, Graham Russell Gao, and Alan Edward Brown, eds. “Pretends to Be Free”: Runaway Slave Advertisements from Colonial and Revolutionary New York and New Jersey. 1st ed. Fordham University Press, 2019. https://doi.org/10.2307/j.ctv7xbrzd.",
The New Jersey Gazette (Trenton),161,1/24/1781,"RAN Away On Saturday the 20th Instant from the subscriber living in Maidenhead. A Negro man named Will, formerly went by the name of Yerrah, about twenty three years of age, five feet eight inches high, has a very remarkable hair mole on his cheek. Had on and took with him a pair of new leather breeches, two pair of stockings, a pair of new shoes, light colored home-spun coat much worn and hat. It is thought he will endeavour to get within the enemy’s lines. Whoever takes up and secures said servantso that his master may get him again shall have Four Specie Dollars Reward and all reasonable charges paid by Samuel Hunt. January 22, 1781.","Hodges, Graham Russell Gao, and Alan Edward Brown, eds. “Pretends to Be Free”: Runaway Slave Advertisements from Colonial and Revolutionary New York and New Jersey. 1st ed. Fordham University Press, 2019. https://doi.org/10.2307/j.ctv7xbrzd.",
The Royal Gazette (New York),452,1/27/1781,"RUN-AWAY a Negro Boy, named Sim Sampson, about 18 years old, he wore a whitejacket, black hat, with a red ribbon, a pair of boots, and long blue and white trowsers. Whoever will bring him to Lieut. Le Moledar, of the Hessian Hussars, at No. 192, Queen Street, shall receive Two Guineas Reward. All Commanders of Vessels are warned against carrying him off, as they shall answer the same at their peril.","Hodges, Graham Russell Gao, and Alan Edward Brown, eds. “Pretends to Be Free”: Runaway Slave Advertisements from Colonial and Revolutionary New York and New Jersey. 1st ed. Fordham University Press, 2019. https://doi.org/10.2307/j.ctv7xbrzd.",
The New Jersey Gazette (Trenton),163,2/7/1781,"Ran Away Bucks County, January 31, 1781 from the subscriber on the 29th ult. A mullatto girl named Agnes Beat had on when she went away, a dark linsey gown and petticoat, light colored cloak, black bonnet, low heel’d shoes and as she has taken with her sundry other clothes, she may alter her dress. Whoever takes up said Mullatto shall have three hundred dollars reward and reasonable charges paid by me Adam Van Hart. N. B. All persons are hereby forbid to harbour her; if they do so they shall be prosecuted according to law.","Hodges, Graham Russell Gao, and Alan Edward Brown, eds. “Pretends to Be Free”: Runaway Slave Advertisements from Colonial and Revolutionary New York and New Jersey. 1st ed. Fordham University Press, 2019. https://doi.org/10.2307/j.ctv7xbrzd.",
The New Jersey Gazette (Trenton),164,2/14/1781,"RAN Away on Wednesday evening the 7th Inst from the subscriber in Penn’s Neck, Windsor township, Middlesex County. A Negro man named Cain, about forty years of age, very talkative and is well set about five feet five inches high. Had on when he went away a light coloured linsey coat and vest a good pair of buckskin breeches, a good felt hat blue stockings tow shirt and took other clothes with him but may change them as he is fond of trading. Any person securing said Negro man so that the owner may have him again shall have Six dollars reward and reasonable charges paid by Garret Couwenhoven February 10, 1781.","Hodges, Graham Russell Gao, and Alan Edward Brown, eds. “Pretends to Be Free”: Runaway Slave Advertisements from Colonial and Revolutionary New York and New Jersey. 1st ed. Fordham University Press, 2019. https://doi.org/10.2307/j.ctv7xbrzd.",
The Royal Gazette (New York),459,2/21/1781,"Two Guineas Reward. RUN away from his master, in Charlestown, a mustee fellow named BRAP, has bushy hair, stout made, a little bandy legg’d, marked with the smallpox, about 25 years of age, and speaks good English. Whoever will secure him, or give information of him to the Printer, & send him to his master, shall have the above reward. All persons are forbid to harbour or carry him off, as they shall answer it at their peril.","Hodges, Graham Russell Gao, and Alan Edward Brown, eds. “Pretends to Be Free”: Runaway Slave Advertisements from Colonial and Revolutionary New York and New Jersey. 1st ed. Fordham University Press, 2019. https://doi.org/10.2307/j.ctv7xbrzd.",
The Royal Gazette (New York),462,3/3/1781,"MY Negro Wench named Pleasant Queen Anne, ran away on the 18th instant, and had on a red moreen petticoat, a brown short gown, with white lining, a pair of brown rib’d stockings. Whoever will bring her to me shall receive Forty Shillings reward. JOHN CURRY, No. 30, William Street. All Captains of Vessels are warned against carrying her off.","Hodges, Graham Russell Gao, and Alan Edward Brown, eds. “Pretends to Be Free”: Runaway Slave Advertisements from Colonial and Revolutionary New York and New Jersey. 1st ed. Fordham University Press, 2019. https://doi.org/10.2307/j.ctv7xbrzd.",
The Royal Gazette (New York),467,3/21/1781,"Three Guineas Reward. RUN AWAY last night from the subscriber living in Crown Street, No. 4, a Negro Girl named PRUSSIA, about 21 years of age, tall stout and well made light, complexion, thick lips, speaks good English, has been heard to say she would go on board the first ship that would take her, had a quantity of good cloaths with her. Whoever apprehends the said Negro Girl, or confines her so that her owner may get her again, shall receive the above reward. All persons and masters of vessels are desired not to harbour or carry said Negro Girl away at their peril. ELIZABETH DUNCAN. March 20, 1781.","Hodges, Graham Russell Gao, and Alan Edward Brown, eds. “Pretends to Be Free”: Runaway Slave Advertisements from Colonial and Revolutionary New York and New Jersey. 1st ed. Fordham University Press, 2019. https://doi.org/10.2307/j.ctv7xbrzd.",
The Royal Gazette (New York),468,3/24/1781,"ONE GUINEA REWARD. RUN away from the subscriber, in the Township of Flushing, the 19th instant, a NEGRO MAN formerly called Oliver, but at present calls himself Joe, aged about 28 years, he is about 5 feet 10 inches high, has a thin long face, had on a blue short sailors coat, a grey homespun waistcoat and breeches. Whoever takes up said Negro Man, and secures him, so that the subscriber may have him again, shall have the above reward, and all reasonable charges paid by WILLIAM TALMAN. Flushing, March 20, 1781.","Hodges, Graham Russell Gao, and Alan Edward Brown, eds. “Pretends to Be Free”: Runaway Slave Advertisements from Colonial and Revolutionary New York and New Jersey. 1st ed. Fordham University Press, 2019. https://doi.org/10.2307/j.ctv7xbrzd.",
The Royal Gazette (New York),475,4/18/1781,"RUN AWAY a few days ago from the regiment of Brunswick Dragoons, at Flat-Land, on Long Island, a Black named Prince Dermen, Drummer in said regiment, about five feet ten inches high, stout built, had on a suit of light blue cloaths quite new. Whoever will secure him so that he may be brought back, or delivered over to any non-commissioned officer of the said regiment, shall receive a proper reward for so doing; and every one is forbid concealing him at their peril.","Hodges, Graham Russell Gao, and Alan Edward Brown, eds. “Pretends to Be Free”: Runaway Slave Advertisements from Colonial and Revolutionary New York and New Jersey. 1st ed. Fordham University Press, 2019. https://doi.org/10.2307/j.ctv7xbrzd.",
The New-Jersey Journal (Chatham),104,4/25/1781,"Fifteen Hundred Dollars Reward. RAN AWAY from the subscriber, the 21st instant, a Negro man named Frank, this country born, about forty-five years old; had on a brown broad cloth coat, and blue plush breeches.—Also went off at the same time, a Negro woman named Phebe, (wife of said fellow) about forty years old; her clothes cannot be described; had with her a male child, about sixteen months old.—They went off in company with a free fellow named Cuff, about twenty-five years of age; had on a light blue coat, and blue overalls. They took with them two horses, one a large forrel, and the other a bay, with a long tail, five years old this spring, fifteen hands high.—Whoever takes up said Negroes and horses, shall have the above reward, and reasonable charges, if brought home, paid by JOHN WILSON. N. B. Though the free fellow should have a pass, it is expected he will be apprehended with the rest. Hackett’s Town, April 23. 1781.","Hodges, Graham Russell Gao, and Alan Edward Brown, eds. “Pretends to Be Free”: Runaway Slave Advertisements from Colonial and Revolutionary New York and New Jersey. 1st ed. Fordham University Press, 2019. https://doi.org/10.2307/j.ctv7xbrzd.",
The Royal Gazette (New York),479,5/2/1781,"RUN away on Sunday the 29th of April, a NEGRO BOY, named TOM, the property of Doctor Donald M ‘Lean, No. 20, six doors from the Coffee-House, he is a stout well made fellow, speaks tolerable good English, had on when he went away, a Brown Cotton Jacket, a Black Velvet Jockey Cap, Blue Breeches, Shoes and Stockings; he may probably change his name and dress Whoever brings the said Negro to his Master, will be well rewarded. All Masters of Transports, Privateers, and Merchantmen, are strictly forbid to harbour the said Negro.","Hodges, Graham Russell Gao, and Alan Edward Brown, eds. “Pretends to Be Free”: Runaway Slave Advertisements from Colonial and Revolutionary New York and New Jersey. 1st ed. Fordham University Press, 2019. https://doi.org/10.2307/j.ctv7xbrzd.",
The Royal Gazette (New York),480,5/5/1781,"A N E G R O B O Y RUN away from the subscriber on Friday the 20th April last, a Negro Boy, named Charles Macaulay, about 16 or 17 years old, near five feet high; had on when he went away, an old red jacket, and a white flannel one under it, a pair of white fearnought trowsers, and a sailor’s round hat. A reward of two Guineas will be given to any person, who will bring him to the Ale Brewery, Maiden Lane, or to John Dickenson, at the King’s Arms, Whitehall. N.B. All Masters of vessels and others, are forbid to harbour or conceal the above boy at their peril.","Hodges, Graham Russell Gao, and Alan Edward Brown, eds. “Pretends to Be Free”: Runaway Slave Advertisements from Colonial and Revolutionary New York and New Jersey. 1st ed. Fordham University Press, 2019. https://doi.org/10.2307/j.ctv7xbrzd.",
The New Jersey Gazette (Trenton),176,5/9/1781,"One Thousand Continental Dollars Reward. Ran Away on the 24th ult. from the subscriber in Hopewell, a negro man named Toney, about 35 years of age, five feet six or seven inches high—Whoever takes him and secures him so that his master may have him again, shall have the above reward and all reasonable charges paid by Andrew Blackwell. N.B. All persons are forebid to harbour him at their peril.","Hodges, Graham Russell Gao, and Alan Edward Brown, eds. “Pretends to Be Free”: Runaway Slave Advertisements from Colonial and Revolutionary New York and New Jersey. 1st ed. Fordham University Press, 2019. https://doi.org/10.2307/j.ctv7xbrzd.",
The Royal Gazette (New York),482,5/12/1781,"Sunday, April 22d. 1781. RUN AWAY from the ship Euphrates, three negro men, named Will, Paul and Duke, each marked with three marks on each side the temple, and one between the eyes, about five feet seven inches high, speak good English. Whoever will apprehend said negroes, and deliver them on board said ship, shall receive a reward of one Guinea for each. N.B. Will is lame in one thigh.","Hodges, Graham Russell Gao, and Alan Edward Brown, eds. “Pretends to Be Free”: Runaway Slave Advertisements from Colonial and Revolutionary New York and New Jersey. 1st ed. Fordham University Press, 2019. https://doi.org/10.2307/j.ctv7xbrzd.",
The Royal Gazette (New York),483,5/16/1781,"RUN away from Messrs. Ray, and Fitzsimmons, two miles beyond Jamaica, a Negro and Negro Wench, about eight days ago. The Negro’s name HERCULES, about 22 years of age, apt to stutter on a surprize, has thick lips, and had on a white flannel shirt, whitejacket with sleeves, velvet plush breeches; the Wench young and lusty, with three scars on each cheek, both from the southward, the wench was seen in New York, and the negro at Brooklyn. Whoever secures said negro, and negro Wench, so as they may be had by the subscribers, shall receive for each Five Dollars reward, and reasonable charges paid by us. RAY and FITZSIMONS. Jamaica, May 7, 1781.","Hodges, Graham Russell Gao, and Alan Edward Brown, eds. “Pretends to Be Free”: Runaway Slave Advertisements from Colonial and Revolutionary New York and New Jersey. 1st ed. Fordham University Press, 2019. https://doi.org/10.2307/j.ctv7xbrzd.",
The New Jersey Gazette (Trenton),180,6/6/1781,"Three Pounds in Gold or Silver Reward. Ran Away on Sunday night last, the 27th of this instant, from the subscriber living in Newtown Buck’s County Pennsylvania; a negro woman named Fann, a short thick wench, about 18 or 19 years of age, very black, thick lips; had on a short gown and petticoat made of linsey black and white stripes a large bundle of other cloths for herself and female child about three years old; it is expected she has been assisted by some negro or mullatto. Whoever takes up and secures said Negro wench and child, so that her master may have them again, shall receive the above reward paid by Samuel Yardley. May 29, 1781.","Hodges, Graham Russell Gao, and Alan Edward Brown, eds. “Pretends to Be Free”: Runaway Slave Advertisements from Colonial and Revolutionary New York and New Jersey. 1st ed. Fordham University Press, 2019. https://doi.org/10.2307/j.ctv7xbrzd.",
The Royal Gazette (New York),495,6/27/1781,"RUN away, a likely Mulatto Wench, called PAMELIA, 18 years old, about five feet three inches high, stout and well made, had on when she went away, a short purple callicoe gown and pink petticoat. Whoever apprehends and will conduct her to the subscriber in Dutch-Street shall be grately rewarded. All persons are cautioned from harbouring or carrying her off the Island. ELIZABETH EVANS. New York, 26th June, 1781.","Hodges, Graham Russell Gao, and Alan Edward Brown, eds. “Pretends to Be Free”: Runaway Slave Advertisements from Colonial and Revolutionary New York and New Jersey. 1st ed. Fordham University Press, 2019. https://doi.org/10.2307/j.ctv7xbrzd.",
The New-Jersey Journal (Chatham),123,6/27/1781,"RANAWAY from the subscriber living near the Cross Roads, at Lamington, the 20th instant, a yellow fellow, twenty-two years old, near six feet high, named Pomp; had on when he went away a tow shirt and trowsers, a red jacket, and had with him a black and white mixed coat.— Whoever secures said Negro in any gaol, or returns him to his master, shall have a Half Joe reward, and reasonable charges, paid by DAVID HENRY. Hunterdon, June 27, 1781.","Hodges, Graham Russell Gao, and Alan Edward Brown, eds. “Pretends to Be Free”: Runaway Slave Advertisements from Colonial and Revolutionary New York and New Jersey. 1st ed. Fordham University Press, 2019. https://doi.org/10.2307/j.ctv7xbrzd.",
The Royal Gazette (New York),498,6/30/1781,"Eight Dollars Reward. RUN AWAY from the Subscriber, Matthew Daniel, living at No. 34, Duke Street, a Negro Boy, named Duff, had on when he went away a red waistcoat, check shirt and osnaburgh trowsers, no shoes nor hat. W hoever brings said boy to his master, or gives intelligence where he can be had, shall have the above reward. N.B. All masters of vessels and others are forwamed to harbour or conceal the said Negro Boy, as they may expect to answer for the same.","Hodges, Graham Russell Gao, and Alan Edward Brown, eds. “Pretends to Be Free”: Runaway Slave Advertisements from Colonial and Revolutionary New York and New Jersey. 1st ed. Fordham University Press, 2019. https://doi.org/10.2307/j.ctv7xbrzd.",
The New-Jersey Gazette (Trenton),185,7/11/1781,"Eight Hard Dollars Reward Run Away a negro boy about fifteen years of age named Jack has a down look and is a very great liar. He was in Trenton last Saturday night and left it on Sunday morning. His intention is to escape to the enemy. Whoever will secure and deliver the said Negro boy to the printer hereof shall have the above reward and reasonable charges paid. Trenton, July 10, 1781.","Hodges, Graham Russell Gao, and Alan Edward Brown, eds. “Pretends to Be Free”: Runaway Slave Advertisements from Colonial and Revolutionary New York and New Jersey. 1st ed. Fordham University Press, 2019. https://doi.org/10.2307/j.ctv7xbrzd.",
The New-Jersey Gazette (Trenton),185,7/11/1781,"Ten Hard Dollars Reward Run Away from the subscriber yesterday morning; a certain negro woman named Bet, about 21 years of age: Had on a green hat, a long red strriped calico gown, a brown linsey petticoat, a striped lawn aprong. She took with her a female child of about three years of age and several other sorts of cloths. Whoever secures her and delivers her to the subscribers shall have the above reward paid by Jacob Phillips. Burlington, July 11, 1781.","Hodges, Graham Russell Gao, and Alan Edward Brown, eds. “Pretends to Be Free”: Runaway Slave Advertisements from Colonial and Revolutionary New York and New Jersey. 1st ed. Fordham University Press, 2019. https://doi.org/10.2307/j.ctv7xbrzd.",
The Royal Gazette (New York),502,7/21/1781,"Five Dollars Reward. RUN AWAY from the Subscriber, on Tuesday the 3rd instant, A Negro Wench named LUCE, about twenty-eight years old, has a large mark on one of her cheeks which looks like a scar, she had on when she went off, a homespun short gown and petticoat. Whoever takes up the said wench and secures her, or gives information so that her mistress may get her again, shall receive the above reward, from ANN PRICE, on Golden Hill, next door to the comer of Fair-Street. N.B. If the aforsaid wench will return, she will be forgiven.","Hodges, Graham Russell Gao, and Alan Edward Brown, eds. “Pretends to Be Free”: Runaway Slave Advertisements from Colonial and Revolutionary New York and New Jersey. 1st ed. Fordham University Press, 2019. https://doi.org/10.2307/j.ctv7xbrzd.",
The Royal Gazette (New York),503,7/25/1781,"RUN-AWAY on Monday night, nine o’clock, from John O ’Brien, at the Four Alls, near the Ferry-Stairs, a young negro girl named Sarah, about 19 years old, she wore a white short gown and a cotton petticoat. Whoever returns her to her master, or gives information for her recovery, shall receive eight Dollars reward. All masters of vessels and others are forwamed against harbouring her at their peril.","Hodges, Graham Russell Gao, and Alan Edward Brown, eds. “Pretends to Be Free”: Runaway Slave Advertisements from Colonial and Revolutionary New York and New Jersey. 1st ed. Fordham University Press, 2019. https://doi.org/10.2307/j.ctv7xbrzd.",
The Royal Gazette (New York),503,7/25/1781,"Ten Dollars Reward. RUN AWAY from the Subscriber, about six or eight weeks ago, an indented negro man named York Re vers, about one or two and twenty years of age, five feet five inches high; had on when he went away, a brown coat with red cuffs and collar, and osnaburgh trowsers.------Also, on Saturday last a negro boy named Jack, about twelve years of age, had on when he went away, a blue coat faced with red. Whoever will secure the above negroes and bring them to the subscriber, shall receive the above reward, or five dollars for either of them. All masters of vessels and others are hereby strictly charged not to harbour or conceal either of them as they shall answer the same at their peril. JOHN GRIFFITHS, No. 195, Water-Street.","Hodges, Graham Russell Gao, and Alan Edward Brown, eds. “Pretends to Be Free”: Runaway Slave Advertisements from Colonial and Revolutionary New York and New Jersey. 1st ed. Fordham University Press, 2019. https://doi.org/10.2307/j.ctv7xbrzd.",
The Royal Gazette (New York),506,8/4/1781,"One Guinea Reward. RUN AWAY from the Provost Marshal, a black man named Richmon, formerly the property of the Rebel Colonel Pattison, at Christeen Bridge, in Pennsylvania: He formerly lived at Mr. Saufe’s, Merchant at the Fly-market: All masters of vessels are hereby warned against harbouring him at their peril, he being the Common HANGMAN. The above reward will be paid to any person who will secure said negro, so as the Provost Marshal may have him again, by CAPTAIN CUNNINGHAM, Provost Martial.","Hodges, Graham Russell Gao, and Alan Edward Brown, eds. “Pretends to Be Free”: Runaway Slave Advertisements from Colonial and Revolutionary New York and New Jersey. 1st ed. Fordham University Press, 2019. https://doi.org/10.2307/j.ctv7xbrzd.",
The Royal Gazette (New York),506,8/4/1781,"Eight Dollars Reward. RUN away from the Subscriber, a stout Negro Man named SAM IVEY, a carpenter and caulker by trade, pitted with the small pox. I forwarn all Captains of vessels, or others from harbouring or taking him away; also any other person employing him and paying him wages without an order from me, shall be answerable for the same after this date. Whoever secures said Negro Slave, or delivers him to me at No. 71, Beekman-Street, shall be paid the above reward, with every other expense. JONATHAN EILBECK July 30 1781.","Hodges, Graham Russell Gao, and Alan Edward Brown, eds. “Pretends to Be Free”: Runaway Slave Advertisements from Colonial and Revolutionary New York and New Jersey. 1st ed. Fordham University Press, 2019. https://doi.org/10.2307/j.ctv7xbrzd.",
The New-Jersey Journal (Chatham),129,8/8/1781,"Ten Hard Dollars Reward. RANAWAY last night, from the subscriber, a NEGRO MAN named FRANK, about 40 years of age, 5 feet 8 or 10 inches high, slender made, has small legs, remarkable large flat feet, stoops and hobbles very much in his walking; had on or took with him a long brown broad cloth coat, a pair of blue plush breeches, several cloth jackets, some tow shirts and trowsers. Also ranaway at same time, a Negro Wench named PHOEBE, (wife of said Negro man) about 40 years of age, very talkative, active, and smart; had on or took with her a dark brown chintz gown, a black calimanco quilt, some short gowns and pettycoats, besides several things she has stolen.— She also took with her her male child named Obadiah, about 18 months old, but small for his age; he has a very large head and crooked legs.—Whoever secures the said Negroes, that the subscriber may have them again, shall receive the above reward, and reasonable charges if brought home, paid by JOHN WILSON. Hackett’s Town, July 24, 1781.","Hodges, Graham Russell Gao, and Alan Edward Brown, eds. “Pretends to Be Free”: Runaway Slave Advertisements from Colonial and Revolutionary New York and New Jersey. 1st ed. Fordham University Press, 2019. https://doi.org/10.2307/j.ctv7xbrzd.",
The New-Jersey Journal (Chatham),129,8/8/1781,"Twenty Four Hard Dollars Reward. RAN AWAY in the night of the 7th inst. from the subscriber, near Coryell’s ferry, a negro man named WILL, aged about 22 years, about five feet four inches high, an artful cunning fellow, speaks good English, his hair turns up from his forehead; had on when he went away, an old blue coat, faced with red, white woollen overalls, and white breeches; it is supposed he will make for the enemies lines, and New-York. W hoever apprehends said negro, and secures him in any gaol, with giving notice, or delivers him at Morristown to Thomas Kinney, shall have the above reward, paid by either of us. PETER CASE. Morristown, August 8, 1781.","Hodges, Graham Russell Gao, and Alan Edward Brown, eds. “Pretends to Be Free”: Runaway Slave Advertisements from Colonial and Revolutionary New York and New Jersey. 1st ed. Fordham University Press, 2019. https://doi.org/10.2307/j.ctv7xbrzd.",
The Royal Gazette (New York),509,8/15/1781,"Five Dollars Reward. RUN-AWAY on Monday afternoon, from the Subscriber, living at No. 14, Golden-Hill Street, a mulatto Wench named JANE, about nineteen years of age, four feet, six or seven inches high, middling likely, had on or took with her two light coloured callico short gowns, a black callimanco skirt and old stuff shoes. Whoever secures the said wench so that her master may get her again., shall have the above reward paid by JOSEPH THOMAS. All persons are forewarned from harbouring her. August 14, 1781.","Hodges, Graham Russell Gao, and Alan Edward Brown, eds. “Pretends to Be Free”: Runaway Slave Advertisements from Colonial and Revolutionary New York and New Jersey. 1st ed. Fordham University Press, 2019. https://doi.org/10.2307/j.ctv7xbrzd.",
The Royal Gazette (New York),512,8/25/1781,"ONE GUINEA REWARD. RUN away from the subscriber a Negro Boy, eleven years of age, small growth, thin face, had on when he went away, a coarse round hat, small strip’d jacket, without sleeves, check shirt, a pair of Russia  trowsers, open at the foot. I forwarn any person to conceal or carry off said Negro Boy, at their peril. Any person bringing him to the Coffee House, shall have the above reward. JOHN BAIN.","Hodges, Graham Russell Gao, and Alan Edward Brown, eds. “Pretends to Be Free”: Runaway Slave Advertisements from Colonial and Revolutionary New York and New Jersey. 1st ed. Fordham University Press, 2019. https://doi.org/10.2307/j.ctv7xbrzd.",
The Royal Gazette (New York),512,8/25/1781,"WENT away early on Wednesday morning the 15th of August inst. and has not since returned, a negro lad named MATTIS, he is a good looking well made lad, about 22 years of age but appears rather younger; is about five feet eight or nine inches high, has two scars just under one of his ears: he took with him three check shirts, oznaburg trowsers and frock, a pair of mottled nankeen breeches patched on the right knee, a striped jacket, and a round hat. His master is persuaded he did not mean to stay away, but has been seduced and is still secreted by someone. If the boy will return immediately he has nothing to fear; but should he not, those who detain him after this notice may depend upon being prosecuted with the utmost rigour. EIGHT DOLLARS Reward will be paid to any one who will bring him home, or FOUR DOLLARS to any person who will give the Printer information where he is.","Hodges, Graham Russell Gao, and Alan Edward Brown, eds. “Pretends to Be Free”: Runaway Slave Advertisements from Colonial and Revolutionary New York and New Jersey. 1st ed. Fordham University Press, 2019. https://doi.org/10.2307/j.ctv7xbrzd.",
The Royal Gazette (New York),512,8/25/1781,"Sometime about last fall, ran away from his master, a negro man named SAM, he is a tolerable chunkey lad, about 5 feet 6 or 7 inches high, about 22 years of age, and has a remarkable scar on one cheek. Also ran away a considerable time since a negro man named C7ESAR, but calls himself Julius Caesar; he is about 5 feet 7 or eight inches high, by trade a sail maker, but has employed himself at times in going to sea, and in the wood boating business. Whoever will secure either of the above and give information to the Printer, that they may be had again, shall receive FIVE DOLLARS for each, and reasonable expences. It is pretty certain that both of them are lurking about this town.","Hodges, Graham Russell Gao, and Alan Edward Brown, eds. “Pretends to Be Free”: Runaway Slave Advertisements from Colonial and Revolutionary New York and New Jersey. 1st ed. Fordham University Press, 2019. https://doi.org/10.2307/j.ctv7xbrzd.",
The Royal Gazette (New York),512,8/25/1781,"RUN away last Monday night from his Mother in Chapel- street, a Negro Boy named JACOB, near fourteen years old, has a cut on the side of his left eye, had on a red jacket, Osnaburgh trowsers, and check shirt, but without hat or shoes.— Whoever will bring him back to his Mother Jenny, at Mr. Ludlow’s, the comer of George’s-street in Chapel- street, shall receive Three Dollars reward.","Hodges, Graham Russell Gao, and Alan Edward Brown, eds. “Pretends to Be Free”: Runaway Slave Advertisements from Colonial and Revolutionary New York and New Jersey. 1st ed. Fordham University Press, 2019. https://doi.org/10.2307/j.ctv7xbrzd.",
The Royal Gazette (New York),514,9/1/1781,"ABSCONDED a few days ago, from their owners, from the house of Mr. Ruble, at Flat-Bush: two Negro Girls, Slaves, one named Betsey, marked on the right shoulder T. A, the other named Polly, without any mark, they both speak bad English. Whoever may apprehend one or both Negroes, and deliver them to Alexander Forteath, No. 52, Burling Slip, shall receive for each Eight Dollars, if concealed, or harboured by any person, they may depend on being prosecuted.","Hodges, Graham Russell Gao, and Alan Edward Brown, eds. “Pretends to Be Free”: Runaway Slave Advertisements from Colonial and Revolutionary New York and New Jersey. 1st ed. Fordham University Press, 2019. https://doi.org/10.2307/j.ctv7xbrzd.",
The Royal Gazette (New York),514,9/1/1781,"One Guinea Reward. RUN AWAY on Thursday last, a likely Negro Boy named Jack, about fourteen years old, had on a check shirt and trowsers. Whoever will bring him to Charles Hewitt, on Hallett’s wharf shall receive the above reward. N. B. All masters of vessels and others are forewarned not to harbour or conceal him but at their peril.","Hodges, Graham Russell Gao, and Alan Edward Brown, eds. “Pretends to Be Free”: Runaway Slave Advertisements from Colonial and Revolutionary New York and New Jersey. 1st ed. Fordham University Press, 2019. https://doi.org/10.2307/j.ctv7xbrzd.",
The Royal Gazette (New York),514,9/1/1781,"FIVE DOLLARS REWARD. RUN away from the Subscriber, Captain Charles Grant, of the 42d, or Royal Highland Regiment of Foot, a negro man named TOM, about 27 years of age, five feet five or six inches high, thick and well made, has a cut in his forehead. Whoever brings the said negro man TOM, to Captain Grant, or Mr. Hunt, at Newtown, Long-Island, or give information where he can be found, shall have the above reward. All Masters of vessels and others are forwarned to harbour or conceal the said negro man, as they may expect to answer for the same.","Hodges, Graham Russell Gao, and Alan Edward Brown, eds. “Pretends to Be Free”: Runaway Slave Advertisements from Colonial and Revolutionary New York and New Jersey. 1st ed. Fordham University Press, 2019. https://doi.org/10.2307/j.ctv7xbrzd.",
The New Jersey Gazette (Trenton),194,9/12/1781,"Ran Away from the subscriber, living in Trenton Ferry, a Negroe Boy named Jack, between 15 and 16 years old, yellowish complexion and slim built, late the property of General Philemon Dickinson: Had on an old felt hat, small in the rim, tow shirt and long pair of trousers. W hoever secures said boy in any gaol in the state shall have eight dollars reward and reasonable charges paid by me Patrick Colvin, September 4, 1781.","Hodges, Graham Russell Gao, and Alan Edward Brown, eds. “Pretends to Be Free”: Runaway Slave Advertisements from Colonial and Revolutionary New York and New Jersey. 1st ed. Fordham University Press, 2019. https://doi.org/10.2307/j.ctv7xbrzd.",
The Royal Gazette (New York),523,10/3/1781,"TWO DOLLARS REWARD. RUN away from Major James Grant, of the King’s American regiment, a negro boy named Bristol, about 14 years of age, stout made, high nose, and pretty black, his wool short, had on when he went off, a brown homespun linen shirt and trowsers. Whoever will secure the said negro boy, so as his master can have him again, is entitled the above reward. All masters of vessels and others are forwarned to conceal the said negro, as in so doing they may expect to answer for the same.","Hodges, Graham Russell Gao, and Alan Edward Brown, eds. “Pretends to Be Free”: Runaway Slave Advertisements from Colonial and Revolutionary New York and New Jersey. 1st ed. Fordham University Press, 2019. https://doi.org/10.2307/j.ctv7xbrzd.",
The Royal Gazette (New York),525,10/10/1781,"RUN AWAY from the Subscriber Oct 1, 1781, a Mulatto Girl, named DIANA, about 14 years of age, about four feet high, stout and well made, rough face, and had on when she went away a short red callico bed gown, osnaburgh petticoat, and a blue check handerchief, she was bought of Mr. Newton the 4th of June 1781. Whoever apprehends or gives information on to the Printer, so that the said run away may be had again, shall receive Five Dollars reward. Any person or persons harbouring or concealing the said run away, shall be prosecuted as the law directs.","Hodges, Graham Russell Gao, and Alan Edward Brown, eds. “Pretends to Be Free”: Runaway Slave Advertisements from Colonial and Revolutionary New York and New Jersey. 1st ed. Fordham University Press, 2019. https://doi.org/10.2307/j.ctv7xbrzd.",
The Royal Gazette (New York),525,10/10/1781,"DESERTED from the Civil Branch of the Royal Artillery, two labourers, viz. James Herbert, a Mulatto, about 5 feet 9 inches high, and 34 years old, he had on a brown jacket, and, Tom Whiten, a Black, about 5 feet 4 inches high, 23 years old, he had on a green jacket. Whoever will take up the said Deserters, shall be handsomely rewarded, by making application at the Paymaster of Artillery’s Office, opposite St. Paul’s. All masters of vessels and others are forewarned not to harbour them on pain of prosecution. New-York, Oct 9, 1781.","Hodges, Graham Russell Gao, and Alan Edward Brown, eds. “Pretends to Be Free”: Runaway Slave Advertisements from Colonial and Revolutionary New York and New Jersey. 1st ed. Fordham University Press, 2019. https://doi.org/10.2307/j.ctv7xbrzd.",
The Royal Gazette (New York),525,10/10/1781,"RUN AWAY from the subscriber on Thursday last a Negro Wench, named Peg, about 18 years of age, bom in Carolina, had on when she went away a blue cloth jacket with long sleeves, made in the form of a riding dress, with bright yellow buttons; this is to forwarn all persons from harbouring her and all masters of vessels from carrying her out of this port upon the penalty of paying whatever the law directs. Whosoever will take up the said Negro, and bring her to No. 48, Cherry Street, shall receive One Guinea reward. WILLIAM WILLSON.","Hodges, Graham Russell Gao, and Alan Edward Brown, eds. “Pretends to Be Free”: Runaway Slave Advertisements from Colonial and Revolutionary New York and New Jersey. 1st ed. Fordham University Press, 2019. https://doi.org/10.2307/j.ctv7xbrzd.",
The New Jersey Gazette (Trenton),204,11/21/1781,"Thirty Pounds Hard Money Reward Run Away from the subscribers living near Racoon Ford Orange County Virginia on Sunday the second of September, three Negro slaves, viz. George a dark mullatto fellow, about seventeen years of age, near or quite six feet tall, has a sour down look, had on or carried with him a white yeam coat, turned up with blue, one pair of green cloth breeches one pair of cotton blue coat, one striped Virginia cloth coat, one pair of green cloth breeches, one pair of cotton breeches filled in with thred;— Harry, a black Negro, about the same age as George, a very well set fellow sprightly and well-spoken; had on an old white coat and a new hunting shirt and an old maccarroni hat;— Charles, a black Negro fellow, about sixteen years of age, sparer than Harry, has a very pleasant countenance and speaks slow; had on a black hunting shirt and an old felt hat— He spins well on the foot wheel. We have reason to believe there was a white man with them who had on a white cloth coat with buttons on each side of the breast and a maccarroni hat, the other parts of his dress we cannot leam. We will give Five Pounds reward for each or either of them if taken up and secured so that we can get them or Ten Pounds for each if delivered to us John Bledsoe, Benjamin Craig, Jeremiah Craig.","Hodges, Graham Russell Gao, and Alan Edward Brown, eds. “Pretends to Be Free”: Runaway Slave Advertisements from Colonial and Revolutionary New York and New Jersey. 1st ed. Fordham University Press, 2019. https://doi.org/10.2307/j.ctv7xbrzd.",
The Royal Gazette (New York),542,12/8/1781,"One GUINEA Reward. RUN AWAY on Thursday the 4th instant, a stout Negro Boy, named TOM, of a very black complexion, had on when he went away a long scarlet coat, double lapelled, with gilt buttons, red jacket, double breasted, white breeches, grey worsted ribbed Stockings, strong shoes, and white metal buckles, an old black velvet cap; he probably may change his name and dress. It is presumed that no person whatever, will carry off the said negro; whoever will secure the said Run-away, so that his master may get him, will receive the above reward, by applying to the Printer. December 7, 1781.","Hodges, Graham Russell Gao, and Alan Edward Brown, eds. “Pretends to Be Free”: Runaway Slave Advertisements from Colonial and Revolutionary New York and New Jersey. 1st ed. Fordham University Press, 2019. https://doi.org/10.2307/j.ctv7xbrzd.",
The Royal Gazette (New York),545,12/19/1781,"RUN AWAY from his master Lieutenant de Bardeleben (formerly in the regiment of Diasurth) at Charlestown, and supposed to have gone on board a ship, and sailed for New York, a Negro Man named JOE, of middle size, not very black, but rather a brownish complexion, a Carpenter by trade. Whoever meets or hears of said fellow, or actually is in possession of the same, is desired to secure and bring him, or give notice thereof to Judge Advocate Heym II, quartered at Mrs. Rosevelt’s, No. 20, Gold-Street, facing Ferry Street, where further information about a handsome reward will be given.","Hodges, Graham Russell Gao, and Alan Edward Brown, eds. “Pretends to Be Free”: Runaway Slave Advertisements from Colonial and Revolutionary New York and New Jersey. 1st ed. Fordham University Press, 2019. https://doi.org/10.2307/j.ctv7xbrzd.",
The Royal Gazette (New York),545,12/19/1781,"New-York, Dec. 24, 1781. RUN away, last night, from Capt. Henry Reeve, who this morning sailed for Charlestown, in his Majesty’s service, a NEGRO MAN named CUFFEE, about 23 years of age, a well made fellow, a full black, with a remarkable long scar down the middle of his forehead, had on a blue coattee, fustian waistcoat, crimson plush breeches, shoes, and black and white striped stockings, he is an old transgressor, and eloped from his said master some time ago, and came to this city, called himself Jack, and reported that he was a free man; when apprehended by his master was about indenting himself to Mr. Thomas Cotton, Peruke Maker, at the New Slip. Whoever secures him in prison, or brings him to the subscriber, who is legally empowered to act for the said Capt. Reeve, shall receive a Guinea Reward, paid by me JOHN COX, No. 21, Wall Street.","Hodges, Graham Russell Gao, and Alan Edward Brown, eds. “Pretends to Be Free”: Runaway Slave Advertisements from Colonial and Revolutionary New York and New Jersey. 1st ed. Fordham University Press, 2019. https://doi.org/10.2307/j.ctv7xbrzd.",
The Royal Gazette (New York),547,12/26/1781,"DESERTED from her service at Greenwich, on Thursday the 27th inst. a Negro Wench called BETSEY, the property of Mr. Christopher Roberts, some time of Portsmouth in Virginia, now of London. She is a tall, good looking Wench, and lived for some time in this city, lastly in the service of Mr. Terence Kerin. Five Dollars reward will be given to any person who will apprehend her, and bring her to No. 33, Wall Street, the Office of Mr. David Campbell, who has a Power of Attorney from her Master, authorizing him to let and dispose of this Wench, in any manner he thinks proper; all persons are therefore cautioned against hiring her, or paying her any money on that account, as they will certainly be accountable to her Master, or his Attorney, for her wages.","Hodges, Graham Russell Gao, and Alan Edward Brown, eds. “Pretends to Be Free”: Runaway Slave Advertisements from Colonial and Revolutionary New York and New Jersey. 1st ed. Fordham University Press, 2019. https://doi.org/10.2307/j.ctv7xbrzd.",
The Royal Gazette (New York),547,12/26/1781,"ONE GUINEA REWARD, RUN away the 6th of December past, from on board of the ship Emanuel and Hercules, Alexander M'Dougal Master, a negro boy named Cudjoe, about five feet six inches high, stout and well made, very black complexion, speaks both English and French; had on when he went away, a bluejacket and trowsers. Whoever will bring him to Thomas Erskine, at Mrs. Smyth’s, No. 5, Hanover-Square, will receive the above reward.","Hodges, Graham Russell Gao, and Alan Edward Brown, eds. “Pretends to Be Free”: Runaway Slave Advertisements from Colonial and Revolutionary New York and New Jersey. 1st ed. Fordham University Press, 2019. https://doi.org/10.2307/j.ctv7xbrzd.",
The Royal Gazette (New York),551,1/9/1782,"RUN AWAY from the subscriber on the 3d of January, a fat lusty Negro Wench, named Rachel, had on when she went away a dark callicoe short gown and homespun petticoat, without cloak or hat. Whoever will secure said wench so that the owner may recover his property shall receive Four Dollars reward from me DAVID BLAIR, No. 30, Little Dock Street.","Hodges, Graham Russell Gao, and Alan Edward Brown, eds. “Pretends to Be Free”: Runaway Slave Advertisements from Colonial and Revolutionary New York and New Jersey. 1st ed. Fordham University Press, 2019. https://doi.org/10.2307/j.ctv7xbrzd.",
The Royal Gazette (New York),551,1/9/1782,"RUN AWAY last night a Negro Girl named POLLY, about 13 years old, she went off without shoes or stockings, and wore a blue baize frock. Whoever will give intelligence where she may be recover’d shall have Two Dollars reward at Dr. Dastuge’s, comer of Duke Street, in Broad Street.","Hodges, Graham Russell Gao, and Alan Edward Brown, eds. “Pretends to Be Free”: Runaway Slave Advertisements from Colonial and Revolutionary New York and New Jersey. 1st ed. Fordham University Press, 2019. https://doi.org/10.2307/j.ctv7xbrzd.",
The New Jersey Gazette (Trenton),211,1/9/1782,"Run Away from the Subscribers, the 6th instant a Negro man named Joe, about twenty-two years of age, near six feet tall; had on when he left a brown broad cloth coat, white broad cloth waistcoat and black woolen trousers. Whoever takes up the said Negro man and delivers him to the subscribers, living near Ringo’s Tavern, Hunterdon County, shall have Ten Dollars reward and all reasonable charges paid by John Runyan, Jacob Williamson January 6, 1782.","Hodges, Graham Russell Gao, and Alan Edward Brown, eds. “Pretends to Be Free”: Runaway Slave Advertisements from Colonial and Revolutionary New York and New Jersey. 1st ed. Fordham University Press, 2019. https://doi.org/10.2307/j.ctv7xbrzd.",
The Royal Gazette (New York),558,1/23/1782,"A NEGRO Deserted. LEFT his Master’s house the 10th inst, a negro man called ADAM, he is a tall stout made fellow, with a remarkable scar, a mark above his left eye-brow. Whoever will apprehend the said negro, and bring him to Mr. Campbell’s Office, near the Coffee-House, shall have a reward of Three Guineas; and the same reward will be given to any person, who may inform where he is lurking, so as that he may be apprehended, Masters of vessels and others are hereby warned not to employ or protect him, otherwise they may depend upon being prosecuted according to law; concealing a run-away negro being as criminal as receiving stolen goods.","Hodges, Graham Russell Gao, and Alan Edward Brown, eds. “Pretends to Be Free”: Runaway Slave Advertisements from Colonial and Revolutionary New York and New Jersey. 1st ed. Fordham University Press, 2019. https://doi.org/10.2307/j.ctv7xbrzd.",
The Royal Gazette (New York),560,2/9/1782,"RUN away from her Master on Monday morning last, a NEGRO Wench, named Jane, she had on a pale green callimanco petticoat, a red short gown, a scarlet cloak with a hood on it; about fifteen years of age, very talkative and speaks very good English. Whoever takes up said Negro Wench, and brings her to Francis Doyl, No. 63, Chatham- Street, shall have Two Dollars reward. February 7, 1782.","Hodges, Graham Russell Gao, and Alan Edward Brown, eds. “Pretends to Be Free”: Runaway Slave Advertisements from Colonial and Revolutionary New York and New Jersey. 1st ed. Fordham University Press, 2019. https://doi.org/10.2307/j.ctv7xbrzd.",
The Royal Gazette (New York),561,2/13/1782,"Two Guineas Reward. RUN AWAY, on the 28th instant, a Negro Wench named LISSA, the property of John Carow, had on when she went away, a brown short gown, and brown serge petticoat, a blue short cloak unbound with a cap to it, and took off with her two striped callico long gowns, with some other cloathing. she has a mark on her breast, occasioned by being burnt. She speaks good English, and is rather more yellow than black, aged about 24 years old. Whoever takes up said Wench, and brings her to her master, living in Fair-street, No. 3, shall receive the above reward. All persons are forbid harbouring the said Wench. JOHN CAROW. N. B. The above Wench formerly belonged to Parson Burnet, on Long Island.","Hodges, Graham Russell Gao, and Alan Edward Brown, eds. “Pretends to Be Free”: Runaway Slave Advertisements from Colonial and Revolutionary New York and New Jersey. 1st ed. Fordham University Press, 2019. https://doi.org/10.2307/j.ctv7xbrzd.",
The Royal Gazette (New York),507,3/6/1782,"EIGHT DOLLARS REWARD, RUN away from the subscriber, on Sunday evening last, a likely NEGRO WENCH, nineteen years of age, named Charlottee, formerly the property of Captain Salter, she is somewhat pitted with the small pox, had on when she went away, a white gown and petticoat: Whoever takes up said Wench, and secures her so that her master can obtain her, shall receive the above reward, and all reasonable charges paid by me JOHN VANDERHOVEN. All masters of vessels and others are strictly forbid to carry off or conceal her at their peril.","Hodges, Graham Russell Gao, and Alan Edward Brown, eds. “Pretends to Be Free”: Runaway Slave Advertisements from Colonial and Revolutionary New York and New Jersey. 1st ed. Fordham University Press, 2019. https://doi.org/10.2307/j.ctv7xbrzd.",
The Royal Gazette (New York),507,3/6/1782,"One Guinea Reward. RUN away on Thursday the 12th instant, a stout well made Negro Boy, about five feet four inches, had on when he went away, a black super-fine broad cloth coat and waistcoat, black silk breeches and stockings, and a beaver hat with crape round it. Whoever will secure the said Negro Boy to the Printer, will be entitled to the above reward. All Masters of vessels and others, are cautioned from harbouring or carrying off the said Negro Boy.","Hodges, Graham Russell Gao, and Alan Edward Brown, eds. “Pretends to Be Free”: Runaway Slave Advertisements from Colonial and Revolutionary New York and New Jersey. 1st ed. Fordham University Press, 2019. https://doi.org/10.2307/j.ctv7xbrzd.",
The Royal Gazette (New York),572,3/23/1782,"RUN AWAY on Thursday the 12th inst. a stout well made Negro Boy, named Tom, about five feet four inches, had on when he run off, a suit of mourning, he may probably change his name and dress. Whoever will apprehend the said Negro, or give information to the subscriber, so that he may be found, will be handsomely rewarded HENRIETTA M ’LEAN. It is presumed that no masters of vessels or others, will harbour or carry off the said Negro Boy, upon any pretext whatever.","Hodges, Graham Russell Gao, and Alan Edward Brown, eds. “Pretends to Be Free”: Runaway Slave Advertisements from Colonial and Revolutionary New York and New Jersey. 1st ed. Fordham University Press, 2019. https://doi.org/10.2307/j.ctv7xbrzd.",
The Royal Gazette (New York),575,4/3/1782,"DESERTED from the Ship Thomas, on Thursday last, a Negro Man named Tom, aged 25 years, had on a bluejacket with a white frock over it, a blue cap, is cropp’d of both ears, talks pretty good English, plays the fife and beats the drum, he also understands hair dressing and shaving. Likewise deserted a Negro Boy called Cato, aged 18 years, knock-kneed, heavy down cast look, had on a blue jacket and blue cap, and fearnought trowsers, also a Negro Boy called Marquiss, about 18 years old, had on a blue jacket, blue cap, &c. well set, and strait made, a Creole of Grenada. Whoever will secure, or give information of the said Negroes to Capt. Casey, shall receive Three Guineas reward, or One Guinea for each of them, apply at Mrs. M ’Kenny’s, No. 31, Broad Street. N.B. It is requested that all masters of vessels or privateers, will not harbour them, but at their peril.","Hodges, Graham Russell Gao, and Alan Edward Brown, eds. “Pretends to Be Free”: Runaway Slave Advertisements from Colonial and Revolutionary New York and New Jersey. 1st ed. Fordham University Press, 2019. https://doi.org/10.2307/j.ctv7xbrzd.",
The New-Jersey Gazette (Trenton),225,4/17/1782,"THREE POUNDS REWARD. RUN away from the subscriber, in Trenton, a negro man, named Peter, about 5 feet 8 or 9 inches high; he had on a blue surtout coat, yellow worsted under coat, brown jacket and breeches, and blue yarn stockings, he plays on the fiddle, and uses the bow with the left hand; he made his escape the 27th of March last, and is supposed to be gone in the pines, as he formerly lived there. Whoever takes up said negro, and secures him, so that his master may have him again, shall have the above reward, and reasonable charges, paid by JON A. RICHMOND. April 16, 1782.","Hodges, Graham Russell Gao, and Alan Edward Brown, eds. “Pretends to Be Free”: Runaway Slave Advertisements from Colonial and Revolutionary New York and New Jersey. 1st ed. Fordham University Press, 2019. https://doi.org/10.2307/j.ctv7xbrzd.",
The Royal Gazette (New York),580,4/20/1782,"Run or taken away from the subscriber the 16th of April 1782, a Negro man named Joe, about 5 feet 5 inches high, a slit in the upper part of his left ear, lately from Charles- Town, had on when he went away a blue short jacket, and straw hat. Whoever will secure said Negro, and bring him to No. 10 John Street so that the owner may have him again, shall be handsomely rewarded for their pains. JENKINS ON JEANES. All masters of vessels are forbid harbouring said Negro.","Hodges, Graham Russell Gao, and Alan Edward Brown, eds. “Pretends to Be Free”: Runaway Slave Advertisements from Colonial and Revolutionary New York and New Jersey. 1st ed. Fordham University Press, 2019. https://doi.org/10.2307/j.ctv7xbrzd.",
The Royal Gazette (New York),580,4/20/1782,"RAN-AWAY on the 21st inst. a negro boy named James; had on when he went off, a cap, one part red and the other light coloured, a short brown coat, white dimity jacket, and homespun linen trowsers. He went off under pretence of searching for some horses that were lost, having a bridle in his hand: He is about sixteen or seventeen years of age. A reward of two Guineas and all other reasonable expences, will be paid to any person who will deliver him to STEPHEN DAVENPORT, at the New-Slip, in St. James’s- Street, No. 27.","Hodges, Graham Russell Gao, and Alan Edward Brown, eds. “Pretends to Be Free”: Runaway Slave Advertisements from Colonial and Revolutionary New York and New Jersey. 1st ed. Fordham University Press, 2019. https://doi.org/10.2307/j.ctv7xbrzd.",
The New-Jersey Gazette (Trenton),229,5/15/1782,"Run Away a Negro Man named Jack, about thirty-five years old, straight and well-limbed and about five feet ten inches high, very white even teeth, has holes in his ears, understands the coopers trade and can talk French; had on a striped woolen shirt, a clothcolored jacket and waistcoat much worn and patched, a pair of buckskin breeches almost new and stained in the seat by riding bareback, grey stockings and shoes newly soaled took with him a homespun coat, buttons covered with same and lined with blue, a jacket and breeches of homespun dimity, a white linen shirt and pair of new shoes. Whoever apprehends the said Negro and delivers him to the subscriber or secures him in any gaol so that he may be had again, shall be paid three Pounds and reasonable charges by James Parker. Pitts Down, Hunterdon County, March 9, 1782.","Hodges, Graham Russell Gao, and Alan Edward Brown, eds. “Pretends to Be Free”: Runaway Slave Advertisements from Colonial and Revolutionary New York and New Jersey. 1st ed. Fordham University Press, 2019. https://doi.org/10.2307/j.ctv7xbrzd.",
The New-Jersey Gazette (Trenton),229,5/15/1782,"New-York, May 14, 1782. RUN AWAY on Friday the 10th instant, a middle sized Negro Wench named PHILLIS; had on when she went away, a brown strouding jacket, black shirt, cheque apron, blue stockings, and M en’s shoes, simple in behavior.— Whoever will bring her to the Owner at No. 32, John-Street, shall receive Two Dollars reward. All persons are forbid harbouring or employing said Negro Wench, as she is a warranted property.","Hodges, Graham Russell Gao, and Alan Edward Brown, eds. “Pretends to Be Free”: Runaway Slave Advertisements from Colonial and Revolutionary New York and New Jersey. 1st ed. Fordham University Press, 2019. https://doi.org/10.2307/j.ctv7xbrzd.",
The Royal Gazette (New York),594,6/8/1782,"One Guinea Reward. RUN AWAY, from the Subscriber, on the 4th of June, a NEGRO-BOY, named BACCHUS, about twelve years old: Had on, when he went away, a white jacket, striped trowsers, no shoes nor hat. Whoever takes up the said Negro, and brings him to No. 20, Ann-Street, shall receive the above Reward.","Hodges, Graham Russell Gao, and Alan Edward Brown, eds. “Pretends to Be Free”: Runaway Slave Advertisements from Colonial and Revolutionary New York and New Jersey. 1st ed. Fordham University Press, 2019. https://doi.org/10.2307/j.ctv7xbrzd.",
The Royal Gazette (New York),594,6/8/1782,"Ten Dollars Reward. RUN AWAY, Friday the 7th of June, from the Subscriber, living at No. 7, King’s Street, a tall slim yellow NEGRO-WENCH, named DINAH about 28 years of age, speaks good English. All persons are forbid concealing or employing said Negro-Wench, or they must answer it at their peril. Whoever secure the aforesaid Wench, so that her master can get her again, shall be intitled to the above Reward. JAMES CALLOW.","Hodges, Graham Russell Gao, and Alan Edward Brown, eds. “Pretends to Be Free”: Runaway Slave Advertisements from Colonial and Revolutionary New York and New Jersey. 1st ed. Fordham University Press, 2019. https://doi.org/10.2307/j.ctv7xbrzd.",
The Royal Gazette (New York),594,6/8/1782,"DESERTED, Caesar Augustus, black driver to the horse department of the Royal Artillery, about five feet high, very much bandy-leg’d; had on when he went away, a regimental blue coat with a red collar, red waistcoat, linen trowsers and round hat. Whoever apprehends the said deserter, shall receive one Guinea reward, by applying to the office of the horse department, No. 16, Nassau Street. It is suspected that he is gone to Bergen Point, or on board some of the vessels in the harbour. Whoever harbours or conceals the said deserter, shall be prosecuted as the law directs.","Hodges, Graham Russell Gao, and Alan Edward Brown, eds. “Pretends to Be Free”: Runaway Slave Advertisements from Colonial and Revolutionary New York and New Jersey. 1st ed. Fordham University Press, 2019. https://doi.org/10.2307/j.ctv7xbrzd.",
The Royal Gazette (New York),596,6/15/1782,"Five Dollars Reward. RUN AWAY from his Master, on Sunday night, the 2d of June, a NEGRO-BOY, named JACK, about 15 years of age, quite black, well set; and speaks broken English. Had on, when he went away, a blue and white striped linen Jacket; a pair of parson’s grey broad cloth Trowsers; white homespun linen Shirt; and a small round Hat. He was lurking about town for two or three days, and it is imagined he is since got on board some vessel. Whoever brings said boy to his Master, at No. 198, Queen-Street, or secures him and gives information, so that his said master gets him again, shall receive the above Reward. And all masters of vessels and others are forbid harbouring, concealing, or carrying off said Negro-Boy, as for so doing they shall be prosecuted with the utmost severity. WILLIAM RHINELANDER.","Hodges, Graham Russell Gao, and Alan Edward Brown, eds. “Pretends to Be Free”: Runaway Slave Advertisements from Colonial and Revolutionary New York and New Jersey. 1st ed. Fordham University Press, 2019. https://doi.org/10.2307/j.ctv7xbrzd.",
The Royal Gazette (New York),596,6/15/1782,"Ten Dollars Reward. RUN AWAY, on Wednesday the 12th instant, a NEGRO-BOY, named FRANK, about 5 feet high; aged 19 years, not very black: He may be known by one of his great toes which has been much bruis’d: He took with him a pale blue broad cloth Coat and Jacket; a brown Coat; corduroy Jacket and Breeches; a pair of fustain and striped Trowsers; a new castor Hat, and some other articles. It is imagined he intends going on board some privateer. The Masters of all vessels are warned not to take him, as they must answer it at their peril. Whoever will apprehend the said Negro-Boy, or give information to the Subscriber, at Jamaica on Long-Island, shall receive the above Reward. DOUWE DITMAN.","Hodges, Graham Russell Gao, and Alan Edward Brown, eds. “Pretends to Be Free”: Runaway Slave Advertisements from Colonial and Revolutionary New York and New Jersey. 1st ed. Fordham University Press, 2019. https://doi.org/10.2307/j.ctv7xbrzd.",
The New-Jersey Journal (Chatham),177,7/3/1782,"MISTAKEN the road from Philadelphia to Morristown or the North-River, PETER, a Negro man who was bom at Hartford, and is the servant of Mr. David Sears, of Boston. He was mounted on a sorrel horse with a white face, had a small portmantua and pistols. If any person has stopped said servant, upon suspicion of his being a runaway, it is desired that he may be released to pursue his journey.—The Negro man is desired to call on Col. De Hart, or Mr. Eleazer Miller, at Morristown, for directions to his master. Morristown, June 18, 1782.","Hodges, Graham Russell Gao, and Alan Edward Brown, eds. “Pretends to Be Free”: Runaway Slave Advertisements from Colonial and Revolutionary New York and New Jersey. 1st ed. Fordham University Press, 2019. https://doi.org/10.2307/j.ctv7xbrzd.",
The Royal Gazette (New York),601,7/3/1782,"RUN AWAY from the subscriber a Negro wench named Venus, about 26 years old, this is to warn all masters of vessels and others from harbouring or carrying off the said Wench, as they shall answer for it as the law directs. W hoever will apprehend the said W ench, shall be handsomely rewarded by bringing her to No. 27, Roosevelt- Street. Charles Boardwine.","Hodges, Graham Russell Gao, and Alan Edward Brown, eds. “Pretends to Be Free”: Runaway Slave Advertisements from Colonial and Revolutionary New York and New Jersey. 1st ed. Fordham University Press, 2019. https://doi.org/10.2307/j.ctv7xbrzd.",
The Royal Gazette (New York),602,7/6/1782,"ONE GUINEA REWARD TO any person who will apprehend a certain black fellow of the name of SQUASH, who came from Rhode-Island, he belonged to a vessel called the Supple Jack, burnt at Sandy Hook, the said fellow stole to the value of Forty Pounds from Humphrey Wadey of Sandy Hook, consisting chiefly of womens cloaths, viz. 1 Green Silk Gown, 1 Brown Silk do. 1 Brocaded Silk, 1 Chrystal Buckle set in Silver, and several other articles, also Seven or Eight Pounds in cash. Enquire of the Printer.","Hodges, Graham Russell Gao, and Alan Edward Brown, eds. “Pretends to Be Free”: Runaway Slave Advertisements from Colonial and Revolutionary New York and New Jersey. 1st ed. Fordham University Press, 2019. https://doi.org/10.2307/j.ctv7xbrzd.",
The Royal Gazette (New York),605,7/17/1782,"Ten Dollars Reward. RUN from the Subscriber, on Friday the 12th Instant, a MULATO BOY, named DAVID, about 13 or 14 Years old, round Visage, and stares much when questioned; had on when he went away, a scarlet Waistcoat and Trowsers. The above Reward will be paid any Person that brings him to No. 39, Dock-street. All Persons are forwamed harbouring or employing him at their Peril. John Goodrich , jun June 16, 1782.","Hodges, Graham Russell Gao, and Alan Edward Brown, eds. “Pretends to Be Free”: Runaway Slave Advertisements from Colonial and Revolutionary New York and New Jersey. 1st ed. Fordham University Press, 2019. https://doi.org/10.2307/j.ctv7xbrzd.",
The Royal Gazette (New York),605,7/17/1782,"Ten Guineas Reward. RUN AWAY from their master’s service, and are known to be lurking about this city the four following Negroes, viz. CATO RAMSAY, a stout able bodied man, formerly lived with Mrs. Willoughby Morgan, in Dover-Street. DANIEL FISHER, a tall stout man somewhat marked with the Small Pox, and of a yellowish complexion ’tis said he lives on Staten Island where he has a wife and children. LUKE WILSON, a short man, has a wife somewhere in town, and is well known among the blacks.— The above three Negroes were all of them out in the privateer brig Fair American on her last cruize. SAM, a short chunky man, about twenty five years of age, and has often been seen at Ellis’s Island. Whoever will secure the above Negroes, and give information to the Printer, that they be had again shall receive the above reward, or in proportion for either of them.","Hodges, Graham Russell Gao, and Alan Edward Brown, eds. “Pretends to Be Free”: Runaway Slave Advertisements from Colonial and Revolutionary New York and New Jersey. 1st ed. Fordham University Press, 2019. https://doi.org/10.2307/j.ctv7xbrzd.",
The Royal Gazette (New York),608,7/27/1782,"Four Guineas Reward. RUN AWAY from the subscriber, a Negro Wench, about 24 years of age, middle sized, has a scar over her left eye. Had on when she went off a shift and under petticoat. She is well known in this city, having for several years carried Biscuit through it, she was formerly the property of John White Baker. Also a NEGRO MAN, Named CAESAR, about five feet four inches high, twenty eight years of age—he is much addicted to strong liquors, formerly the property of Mrs. Cromeline, of Long-Island, and is well known, by his having carried Bread through the city. Whoever takes up said Negroes, and delivers them to their master, shall have the above reward or TWO GUINEAS for each. RICHARD JENKINS, No. 23, John Street","Hodges, Graham Russell Gao, and Alan Edward Brown, eds. “Pretends to Be Free”: Runaway Slave Advertisements from Colonial and Revolutionary New York and New Jersey. 1st ed. Fordham University Press, 2019. https://doi.org/10.2307/j.ctv7xbrzd.",
The Royal Gazette (New York),608,7/27/1782,"TWO DOLLARS Reward. RUN AWAY from the Subscriber, a young NEGRO GIRL, about thirteen or fourteen years of age; had on when she went away, a white short gown, and black calimanco skirt, no cap, but a black bonnet; of a fair complexion, with three specks of the small pox on her nose, and has two of her upper teeth out, and a pair of gold bobs in her ears. I forwam all masters of vessels or others from harbouring or concealing her at their peril. If any person will deliver her to her Mother, living at theWhite- Hall, shall be paid the above reward, by me, ELIZABETH WALKER.","Hodges, Graham Russell Gao, and Alan Edward Brown, eds. “Pretends to Be Free”: Runaway Slave Advertisements from Colonial and Revolutionary New York and New Jersey. 1st ed. Fordham University Press, 2019. https://doi.org/10.2307/j.ctv7xbrzd.",
The Royal Gazette (New York),615,8/17/1782,"TEN DOFLARS REWARD. RUN AWAY, or impressed, on Sunday evening the eleventh instant, from Thomas Skinner, No. 47, Broad-Way, a Mulatto Slave, aged twenty- four years, about 5 feet 8 inches high, a stout well made fellow, named TONY, but may call himself Anthony Frost; a Baker by trade, has a bushy thick head of hair, which he combs up very high before, in the shape of a roll; he is round faced, with part of one of his fore teeth broke out, a remarkable high breast bone, is very saucy and pert, and thinks a great deal of himself: Had on a short light coloured wilton coat, a callico jacket, and a pair long brown silk trowsers, a pair of new shoes, and a round black hat. Whoever will apprehend or secure the said Mulatto, so that the owner shall get him again, shall receive the above reward. All masters of vessels and others are desired not to harbour or conceal said Slave at their peril, as they will be prosecuted with the utmost rigour. August 15th, 1782.","Hodges, Graham Russell Gao, and Alan Edward Brown, eds. “Pretends to Be Free”: Runaway Slave Advertisements from Colonial and Revolutionary New York and New Jersey. 1st ed. Fordham University Press, 2019. https://doi.org/10.2307/j.ctv7xbrzd.",
The Royal Gazette (New York),615,8/17/1782,"New-Town, August 8, 1782. RUN away from the subscriber, on Sunday the 4th inst. a negro named ADAM, 19 years of age, olive complexion, 5 feet 7 or 8 inches high, an impediment in his speech, wore an officers old red coat faced with white, and a gold basket button, a brown jacket and trowsers. Masters of vessels, and others, are strictly forbid to conceal or carry off said Negro. One Guinea reward will be paid to any person who secures him, and gives me notice thereof, so that I may get him again, with reasonable charges. GARRET LUYSTER.","Hodges, Graham Russell Gao, and Alan Edward Brown, eds. “Pretends to Be Free”: Runaway Slave Advertisements from Colonial and Revolutionary New York and New Jersey. 1st ed. Fordham University Press, 2019. https://doi.org/10.2307/j.ctv7xbrzd.",
The Royal Gazette (New York),618,8/28/1782,"TWO GUINEAS REWARD. RUN AWAY on Tuesday morning the 20th instant, from Doctor David Brooks, of Cow Neck, on Long-Island, a Negro Boy named BEN, about five feet six inches high; he is tall, round faced, and of a yellow complexion, has a scar under one of his eyes from a bum, and has lost the first joints of three of his small toes on the left foot; he walks limping with one foot turned outward; had on when he went away, a brown homespun coat, with Pewter buttons, a black sattin lasting jacket, tow shirt and trowsers, and a round black hat. Whoever will apprehend or secure the said Negro slave, so that the Owner may get him again, shall receive the above reward. All Masters of Vessels and others, are desired not to harbour or conceal said slave, as they will answer it at their peril. New-York, August 21th, 1782.","Hodges, Graham Russell Gao, and Alan Edward Brown, eds. “Pretends to Be Free”: Runaway Slave Advertisements from Colonial and Revolutionary New York and New Jersey. 1st ed. Fordham University Press, 2019. https://doi.org/10.2307/j.ctv7xbrzd.",
The New-Jersey Gazette (Trenton),244,8/28/1782,"EIGHT HALF-JOES REWARD. BROKE out of the gaol of this town on Sunday night last, a certain John Cumtain, of Woodbridge, with three negro fellows, viz. One that says he belongs to Count Rochambeau, a black smooth skin, narrow visage, speaks but little, about five feet eight inches high, not exceeding twenty-five years old; also one named Fortune, but now goes by the name of Jack, five feet six or seven inches high, stout, well made, and active, African born, but speaks good English, smooth skin, full-faced, and has a smiling open countenance, is a good cook and butcher, fond of strong drink, and, when drunk, very impudent and quarrelsome, has been a waiter for some time at Mr. Cape’s in this town, in which he is very active, was raised by lawyer Wickham in New-York, and now belongs to Mr. William Buchanan of Baltimore town; the other not so black as the former, about five feet eight or nine inches high, not exceeding twenty years old, was brought up in a low Dutch family, which he discovers very plainly. Any person securing the said John Cumtain, with the negroes, shall have the above reward, or in proportion for any of them, and if delivered in this place, all reasonable charges, paid by PETER HULICK, Gaoley. N. B. A further reward of Three Pistoles will be given for the above named Fortune, if delivered to Mr. George Davis, in Trenton. Trenton, August 28, 1782.","Hodges, Graham Russell Gao, and Alan Edward Brown, eds. “Pretends to Be Free”: Runaway Slave Advertisements from Colonial and Revolutionary New York and New Jersey. 1st ed. Fordham University Press, 2019. https://doi.org/10.2307/j.ctv7xbrzd.",
The New-Jersey Journal (Chatham),187,9/11/1782,"Three Guineas Reward. RAN AWAY, a negro wench named PEG, who formerly lived with Justice Campbell, at the Short Hills, in New Jersey, and lately with John D. Crimsheir, in Philadelphia. She is 29 years of age, low of stature, and strong made; she had on when she went away, a blue petticoat, striped short gown, a new black bonnet with red lining, and a pair of mens shoes. It is presumed that she is gone to Chatham in New Jersey, or else is concealed in this city, or some place near it, by some free negroes or others, who wish to avail themselves of the service of other people’s servants. All persons are therefore strictly forbid to harbour the said wench, or employ her, as they will not only be prosecuted for keeping her, but be sued for her work and labour. Whoever takes up the said wench, and secures her so that she may be had again, shall receive the above reward, and all expences, by applying to ELEAZER OSWALD, next door to the Coffee House in Market-Street. Philadelphia, August 19, 1782.","Hodges, Graham Russell Gao, and Alan Edward Brown, eds. “Pretends to Be Free”: Runaway Slave Advertisements from Colonial and Revolutionary New York and New Jersey. 1st ed. Fordham University Press, 2019. https://doi.org/10.2307/j.ctv7xbrzd.",
The Royal Gazette (New York),625,9/21/1782,"Ten Dollars Reward. RUN AWAY the 20th instant a Negro Wench, named FLORA, about 24 years old, pretty tall long visaged, and has a slow mild way of talking, she was born in South-Carolina, and had a pass at Charles Town, of which she may attempt to avail herself here; this is therefore to warn all masters of transports or other vessels from carrying off said slave, and all others from harbouring or employing her, as they may depend on being prosecuted to the utmost rigour of the law. Any person who will secure and deliver her to Mr. Charles Keeling, on the New-Dock, or the subscriber at Mr. Stone’s, No. 66, Water-Street, shall receive the above reward, and all charges paid. N. B. If the Wench will come home she shall be forgiven. WILLIAM O’BRIEN.","Hodges, Graham Russell Gao, and Alan Edward Brown, eds. “Pretends to Be Free”: Runaway Slave Advertisements from Colonial and Revolutionary New York and New Jersey. 1st ed. Fordham University Press, 2019. https://doi.org/10.2307/j.ctv7xbrzd.",
The Royal Gazette (New York),626,9/25/1782,"A GUINEA Reward. RAN away, a week since, a Negro MAN, named John Jackson, about twenty-two years of age, an indented servant, (three years of his time unexpired) about five feet five inches high, slight made, shaves and dresses hair, and waits at table well; had on when he went away, a light coloured Fustian Jacket, W aistcoat, and Breeches, and a cock’d Hat; but he has also a Green, and a Red short outside Jacket, and a pair of Black Silk Breeches. If the Master of any Ship or Vessel, or any other person harbours, secrets, or employs him, they may depend on being punished with the utmost rigour. W hoever will secure and deliver him to Captain Cunningham, at the Provost, in this City, shall receive the above reward. N. B. If he voluntarily returns to his Master, ask his pardon, and promise never to leave him again, he will be forgiven, and no notice taken of his ungrateful behaviour.","Hodges, Graham Russell Gao, and Alan Edward Brown, eds. “Pretends to Be Free”: Runaway Slave Advertisements from Colonial and Revolutionary New York and New Jersey. 1st ed. Fordham University Press, 2019. https://doi.org/10.2307/j.ctv7xbrzd.",
The Royal Gazette (New York),628,10/2/1782,"One Guinea Reward. RUN AWAY from his Master a Negro Boy, named PETER, had on when he went away, a white linen shirt, white cloth waistcoat without sleeves, and striped Holland trowsers. Whoever will bring him to No. 56, Water-Street, shall receive the above reward. B. Legrange.","Hodges, Graham Russell Gao, and Alan Edward Brown, eds. “Pretends to Be Free”: Runaway Slave Advertisements from Colonial and Revolutionary New York and New Jersey. 1st ed. Fordham University Press, 2019. https://doi.org/10.2307/j.ctv7xbrzd.",
The Royal Gazette (New York),631,10/12/1782,"RUN AWAY from George Powers, Butcher at Brooklyn Ferry, a young Negro Fellow, named CATO, about five feet six inches high, had on a blue short jacket, lined with green, and long linen trowsers. Whoever will bring him home, shall receive Two Guineas reward, by George Powers.","Hodges, Graham Russell Gao, and Alan Edward Brown, eds. “Pretends to Be Free”: Runaway Slave Advertisements from Colonial and Revolutionary New York and New Jersey. 1st ed. Fordham University Press, 2019. https://doi.org/10.2307/j.ctv7xbrzd.",
The Royal Gazette (New York),631,10/12/1782,"A Mulatto Boy, NAMED JACK, was taken off, on Sunday evening last, supposed by some Boat belonging to the Shipping. He is ten years old, very likely, had on a coarse white shirt and trowsers, an old light brown cloth jacket, a round hat, and without shoes or stockings.— Whoever gives information, so that he may be found, or brings him to No. 9, Little Dock-street, shall receive FIVE POUNDS Reward, from EDWARD NICOLL.","Hodges, Graham Russell Gao, and Alan Edward Brown, eds. “Pretends to Be Free”: Runaway Slave Advertisements from Colonial and Revolutionary New York and New Jersey. 1st ed. Fordham University Press, 2019. https://doi.org/10.2307/j.ctv7xbrzd.",
The Royal Gazette (New York),632,10/16/1782,"RUN AWAY on the 7th instant, from David Wilson, at the Sign of the XVIIth Dragoon, Broad-Way, a NEGRO BOY, named JACK, about four feet high; he had on a blue waistcoat, striped jacket, canvas trowsers, grey stockings, and without a hat. Whoever brings him to David Wilson, as above, shall receive a genteel reward.","Hodges, Graham Russell Gao, and Alan Edward Brown, eds. “Pretends to Be Free”: Runaway Slave Advertisements from Colonial and Revolutionary New York and New Jersey. 1st ed. Fordham University Press, 2019. https://doi.org/10.2307/j.ctv7xbrzd.",
The Royal Gazette (New York),632,10/16/1782,"One Guinea Reward. RUN AWAY from the Subscriber, a NEGRO BOY, about Thirteen Years of age; had on when he went away, a check shirt, Oznabrig trowsers, an old red coat with a black collar and cuffs, has a small bare spot on one side of his forehead, a little within the hair. Whoever brings him to the Subscriber, at No. 56, between Beekman’s and Burling-Slips, Water-Street, shall receive the above reward. All Masters of vessels and others, are strictly forbid harbouring, concealing, or carrying him off, at their peril. Bamardus Legrange.","Hodges, Graham Russell Gao, and Alan Edward Brown, eds. “Pretends to Be Free”: Runaway Slave Advertisements from Colonial and Revolutionary New York and New Jersey. 1st ed. Fordham University Press, 2019. https://doi.org/10.2307/j.ctv7xbrzd.",
The New-Jersey Gazette (Trenton),253,10/30/1782,"ONE HUNDRED DOLLARS R E W A R D . RAN away from the subscribers on the night of the 22d inst. five slaves, viz. Moses, 5 feet 9 or so inches high, forty years old, strong built, and hump-shouldered; had on a striped short coat and trowsers, and a calico vest. Ben George, six feet high, strong built; had on a striped short coat, green jacket, and wollen trowsers. Syrus, a mulatto, 20 years old, 5 feet 8 or 9 inches high, slim built; had on a dark bearskin coat, a light coloured cloth vest, and tow trowsers. Tom, 20 years old, short and well set, has a down look; had on a blue sailor’s jacket, with white lining, old tow trowsers, and very thick double soaled shoes almost new. And Harry, 5 feet 9 inches high, seventeen years old, very likely; had on and took with him two blue coats, one lappeled, two light cloth jackets, one pair of leather and one do. corduroy breeches, and white ribbed yarn stockings; he also carried off an English fuzee, and silver mounted ivory handled sword.— Whoever takes up the above negro men, and delivers them to their masters in Trenton, or secures them in any gaol, so that they may be had again, shall have the above reward, or in proportion for either of them, paid by A. LAMBERT, ELIHU S p e n c e r , Jo h n Be l l , W m . Ch a m b e r s , Ja m e s THOMPSON. Trenton, Oct. 29, 1782.","Hodges, Graham Russell Gao, and Alan Edward Brown, eds. “Pretends to Be Free”: Runaway Slave Advertisements from Colonial and Revolutionary New York and New Jersey. 1st ed. Fordham University Press, 2019. https://doi.org/10.2307/j.ctv7xbrzd.",
The Royal Gazette (New York),636,10/30/1782,"RUN AWAY from Laurel Hill, Sunday night the 20th instant, a Negro Boy, fourteen years old, called LONDON, had on a white woollen waistcoat, breeches, and a shirt, who is supposed to live with his mother BET, in or about town, Whoever brings them to me, or to No. 21, Princess Street, shall receive one Guinea reward. All persons are hereby forwarned not to employ them, carry them off, or harbour them. JOHN HEINEMAN, Judge Advocate of the Hessian Regiment de Losberg, jun.","Hodges, Graham Russell Gao, and Alan Edward Brown, eds. “Pretends to Be Free”: Runaway Slave Advertisements from Colonial and Revolutionary New York and New Jersey. 1st ed. Fordham University Press, 2019. https://doi.org/10.2307/j.ctv7xbrzd.",
The New-Jersey Gazette (Trenton),255,11/13/1782,"Monckton Park, Nov. 5, 1782. RAN away from the above farm last night, a negro man, about twenty-three years old, middle-sized, bandy or bow-legged; had on a blanket or white coarse short coat, with red cape and red buttons, an iron collar about his neck, which had been on a few days on account of his concerting with another negro to rob his master and attempt for New-York. He is fond of playing on the fiddle, which he does badly, and is a great thief, liar and drunkard: W hoever takes up the said negro man, and delivers him to the subscriber on the above farm, two miles below Bristol, on the river Delaware, shall receive Thirty Dollars reward. ROBERT M. MALCOLM.","Hodges, Graham Russell Gao, and Alan Edward Brown, eds. “Pretends to Be Free”: Runaway Slave Advertisements from Colonial and Revolutionary New York and New Jersey. 1st ed. Fordham University Press, 2019. https://doi.org/10.2307/j.ctv7xbrzd.",
The New-Jersey Gazette (Trenton),256,11/20/1782,"RAN away from the subscriber at Middlebush, in Somerset county, State of New-Jersey, a mulatto wench, about fifteen years of age, five feet four or five inches high; had on when she went off a linen short gown and petticoat: Whoever takes up the said wench, and secures her, so that the owner may have her again, shall have Twenty Shillings reward, and all reasonable charges paid by JEROMUS RAPPEL YEA. N. B. It is supposed she went off with the French troops.","Hodges, Graham Russell Gao, and Alan Edward Brown, eds. “Pretends to Be Free”: Runaway Slave Advertisements from Colonial and Revolutionary New York and New Jersey. 1st ed. Fordham University Press, 2019. https://doi.org/10.2307/j.ctv7xbrzd.",
The Royal Gazette (New York),644,11/27/1782,"R U N A W A Y , From the Subscriber, On Sunday last, the 17th Instant. A Likely young Guinea NEGRO FELLOW, named NERO: He had on when he went away, an ordinary shirt, a blue frieze shooting jacket, lined with green baize, had four slack pockets and hair buttons, brown cloth trowsers, and an old flapped hat; he also carried with him a new suit of gray coating, the waistcoat and coat lined with green baize, with plain white metal buttons, and a pair of boots. Whoever will secure the said Negro, and deliver him to the subscriber, at Newtown, Long-island, or to Mr. Robert Dunbar, No. 37, Maiden-Lane, New-York, shall receive FIVE GUINEAS Reward. Wm. GARDEN. Newtown, Nov. 22, 1782.","Hodges, Graham Russell Gao, and Alan Edward Brown, eds. “Pretends to Be Free”: Runaway Slave Advertisements from Colonial and Revolutionary New York and New Jersey. 1st ed. Fordham University Press, 2019. https://doi.org/10.2307/j.ctv7xbrzd.",
The New-York Gazette: and the Weekly M ercury,1630,1/13/1783,"Twenty Dollars Reward. RUN away from his master, a negro boy named BILLY, lately from the island of Jamaica, about twenty years of age, and near about 5 feet 6 inches high: He was bom in Guinea, and speaks bad English, is of a very black complexion, with a yellow cast in his eyes; he is branded on the breast with a D. S. He had on when he went off the common dress of a sailor, viz. a blue jacket, a pair of blue trowsers, round hat and check shirt. As he has made some voyages to sea, it is probable he may look for employment in some vessel, therefore master of vessels and others are forewarn’d not to harbour or carry him off. DANIEL McCormick.","Hodges, Graham Russell Gao, and Alan Edward Brown, eds. “Pretends to Be Free”: Runaway Slave Advertisements from Colonial and Revolutionary New York and New Jersey. 1st ed. Fordham University Press, 2019. https://doi.org/10.2307/j.ctv7xbrzd.",
The New-York Gazette: and the Weekly M ercury,1630,1/13/1783,"TWENTY DOLLARS REWARD. RAN away from the subscribers on the evening of the 26th ult. two negro men, viz. One named Elimas, 20 or 21 years old, about 5 feet 6 inches high, straight and stout built, has a lump on the second joint of one of his thumbs, lisps in his talk; had on a light yellow broadcloth coat, and jacket of the same, leather breeches, and a small round hat; the rest of his clothes unknown.— The other named Ben, near of the same age with Elimas, about 5 feet 7 or 8 inches high, a good countenanced fellow, has a scar on the right side of his forehead, stoops in his walk; had on a lead coloured fulled linsey coat half worn, and an old jacket of the same colour, leather breeches, black stockings, an almost new felt hat, with a piece of yellow binding round the crown; but ’tis suspected they may change both their names and clothes. Whoever apprehends and secures said negroes, so that their masters may get them again, shall have the above reward, or Ten Dollars for either of them, and all reasonable charges paid by JOHN LAQUEAR, TEUNIS QUICK. Amwell, February 1, 1783.","Hodges, Graham Russell Gao, and Alan Edward Brown, eds. “Pretends to Be Free”: Runaway Slave Advertisements from Colonial and Revolutionary New York and New Jersey. 1st ed. Fordham University Press, 2019. https://doi.org/10.2307/j.ctv7xbrzd.",
The Royal Gazette (New York),667,2/15/1783,"R U N A W A Y , On Thursday morning, the 13th instant, A stout NEGRO WENCH, The property of Mrs. Mary Carey, named Nancy Blond: She had on a green baize wrapper, a light coloured petticoat, and a bundle of other clothes. Whoever will bring her to her Mistress at the Rose and Crown, in Queen-street, shall receive Forty Shillings reward. It is ordered she shall be stopped at the Ferry, and all masters of vessels are warned not to take her on board.","Hodges, Graham Russell Gao, and Alan Edward Brown, eds. “Pretends to Be Free”: Runaway Slave Advertisements from Colonial and Revolutionary New York and New Jersey. 1st ed. Fordham University Press, 2019. https://doi.org/10.2307/j.ctv7xbrzd.",
The New-Jersey Journal (Chatham),211,2/26/1783,"Six Dollars Reward. RAN away from the subscriber, on the evening of the 10th instant, a negro man named POMP, 37 or 38 years old, about 4 feet 5 inches high, and stout built; had on and took with him a brown coloured fulled linsey coat and great coat, old leather breeches, two pair of yarn stockings, one blue the other black, old shoes, two woollen shirts, a linen coat, linen corded jacket and breeches, and other clothes. Whoever apprehends and secures said negro, so that his master may get him again, shall have the above reward, and all reasonable charges paid, by BETHUEL PIERSON. Orange, February 25, 1783.","Hodges, Graham Russell Gao, and Alan Edward Brown, eds. “Pretends to Be Free”: Runaway Slave Advertisements from Colonial and Revolutionary New York and New Jersey. 1st ed. Fordham University Press, 2019. https://doi.org/10.2307/j.ctv7xbrzd.",
The New-Jersey Journal (Chatham),213,3/12/1783,"RAN away from the subscriber, the 19th of January last, a NEGRO GIRL, named HAGER, about thirteen years of age, likely and strong. Whoever will take up said negro, and bring her to the subscriber, shall be entitled to Three Dollars reward. ELEAZER CAMPBELL. N. B. All persons are forbid harbouring, employing, or assisting the said girl to keep away from her master. Springfield, March 11, 1783.","Hodges, Graham Russell Gao, and Alan Edward Brown, eds. “Pretends to Be Free”: Runaway Slave Advertisements from Colonial and Revolutionary New York and New Jersey. 1st ed. Fordham University Press, 2019. https://doi.org/10.2307/j.ctv7xbrzd.",
The Royal Gazette (New York),675,3/15/1783,"R U N A W A Y , From the Subscriber on the 10th instant, A Mulatto, or Quadroon Girl, about 14 years of age, named Seth, but calls herself Sail, sometimes says she is white and often paints her face to cover that deception; she staid out of her master’s house for two or three nights before she went off, and was seen dancing in a house, at or near the old barracks, where, it is probable, she is still lurking.— She had on when she went off, a red baize jacket, petticoat, and high-heel’d shoes; she has black curled hair, and a large spot of the leprosy on her right side, she is well known in town and particularly at the Fly-Market, for many wicked tricks. Two Dollars reward will be given to any person who will bring her home, or give information so that she may be found. All Masters of vessels, and others are forewarned not to harbour the said Mulatto Girl, as they shall answer at their peril. A. A. M ’KAY, No. 27, Maiden Lane.","Hodges, Graham Russell Gao, and Alan Edward Brown, eds. “Pretends to Be Free”: Runaway Slave Advertisements from Colonial and Revolutionary New York and New Jersey. 1st ed. Fordham University Press, 2019. https://doi.org/10.2307/j.ctv7xbrzd.",
The New-Jersey Gazette (Trenton),275,4/2/1783,"FIVE DOLLARS REWARD. Ran away from the subscriber living in Monmouth county, and township of Upper Freehold, on the 23d of March inst. a likely young negro man named Cuff, about 19 or 20 years of age, 5 feet 7 or 8 inches high; had on when he went away a black and white mixt coloured coat, butternut coloured jacket, flannel shirt, buckskin breeches, white yarn stockings, shoes half soled, and felt hat. Any person apprehending said negro and securing him, so that the owner may have him again, shall be entitled to the above reward, and reasonable charges, paid by RICHARD JAMES. March 31, 1783.","Hodges, Graham Russell Gao, and Alan Edward Brown, eds. “Pretends to Be Free”: Runaway Slave Advertisements from Colonial and Revolutionary New York and New Jersey. 1st ed. Fordham University Press, 2019. https://doi.org/10.2307/j.ctv7xbrzd.",
The Royal Gazette (New York),682,4/9/1783,"ONE GUINEA REWARD. RUN AWAY, on Sunday the 6th instant, from his Master, a Negro Boy, eighteen years of age, about five feet six inches high, named EBB. Had on when he went off, a Brown Coat, made French fashion, Grey Cloth Jacket, Black Breeches, and a large brimed bound Hat. Whoever takes up said Negro, and returns him to Captain Joshua Pell, in the Bowery, shall be entitled to the above Reward, and all necessary expences. All masters of vessels are cautioned not to take him away. New-York, April 9, 1783.","Hodges, Graham Russell Gao, and Alan Edward Brown, eds. “Pretends to Be Free”: Runaway Slave Advertisements from Colonial and Revolutionary New York and New Jersey. 1st ed. Fordham University Press, 2019. https://doi.org/10.2307/j.ctv7xbrzd.",
The New-York Gazette: and the Weekly M ercury,1643,4/28/1783,"ONE GUINEA Reward. RUN-away from Mathew Daniel, living at No. 34 Duke-street, a negro boy called DUFF : Had on when he went away, a brown jacket, new fustian trowsers, and a new wool hat. Whoever apprehends said boy, or gives information so that his master may get him again, shall have the above reward. All masters of vessels and others, are forewarned to harbour or conceal said negro boy as they must answer for the same.","Hodges, Graham Russell Gao, and Alan Edward Brown, eds. “Pretends to Be Free”: Runaway Slave Advertisements from Colonial and Revolutionary New York and New Jersey. 1st ed. Fordham University Press, 2019. https://doi.org/10.2307/j.ctv7xbrzd.",
The Royal Gazette (New York),688,4/30/1783,"EIG HT DOLLARS REWARD. RUN-AWAY from the Subscriber on the 22d inst. April, a Mulatto Negro Man, named Sam, the property of the Subscriber, about 5 feet 9 inches high, well made, and somewhat marked with the small-pox: had on when he went off, a brown short coat and waistcoat, and cloth trowsers, speaks both English and Low Dutch, and formerly lived in Bergen.—Whoever will deliver or secure the said Negro, so that his master may have him again, or to George and Jeronimus Remsen, shall be entitled to the above reward, by applying to Rem H. Remsen, at the Wallabough, Long-Island.","Hodges, Graham Russell Gao, and Alan Edward Brown, eds. “Pretends to Be Free”: Runaway Slave Advertisements from Colonial and Revolutionary New York and New Jersey. 1st ed. Fordham University Press, 2019. https://doi.org/10.2307/j.ctv7xbrzd.",
The Royal Gazette (New York),691,5/10/1783,"ONE GUINEA REWARD. RUN AWAY the 19th of April last, from the prize schooner Swan, prize to the polac Prince William Henry, a negro boy named YORK; he is about 4 feet 5 inches high, neat built, tawney complexion, round visage, has remarkable small ears, is a cunning smart boy, but much addicted to getting drunk; he has deserted from his master sundry times within these three years past, and has been on board of several of his Majesty’s ships, viz. the Adamant, Thames, and Bellisarius frigates, and is now supposed to be on board of some ship in this harbour. All Gentlemen are requested to give notice to the Subscriber if said boy should apply to them for service; and every other person is forwamed to conceal or take him off at their peril. Peter Creighton.","Hodges, Graham Russell Gao, and Alan Edward Brown, eds. “Pretends to Be Free”: Runaway Slave Advertisements from Colonial and Revolutionary New York and New Jersey. 1st ed. Fordham University Press, 2019. https://doi.org/10.2307/j.ctv7xbrzd.",
The Royal Gazette (New York),691,5/10/1783,"FIVE GUINEAS REWARD. RAN-AWAY from the subscriber, on Monday evening the 6th instant, a negro man named JACK; he had on when he went off a check shirt, blue waistcoat, a blue coatee with a red cape, long white trowsers, white stockings, &c. can speak very little English to be understood, stutters much in his speech, is about 23 years of age, has taken soars on his left arm, and a small scar on his nose. All house keepers are forwarned harbouring him at their peril: Masters of vessels are forbid concealing or carrying him off, as they will be prosecuted to the utmost rigour of the law. VALENTINE NUTTER. N. B. Ten Guineas will be given to discover the person who enticed him.","Hodges, Graham Russell Gao, and Alan Edward Brown, eds. “Pretends to Be Free”: Runaway Slave Advertisements from Colonial and Revolutionary New York and New Jersey. 1st ed. Fordham University Press, 2019. https://doi.org/10.2307/j.ctv7xbrzd.",
The New-York Gazette: and the Weekly M ercury,1647,5/12/1783,"SIX POUNDS Reward. RUN-away from the subscriber, a negro boy about eighteen years of age, stout and well countenanced, known by the name of Frederick. He was some time waiter upon Col. Webster of the 33d regt. and is supposed to be about this city or on Long-Island. Whoever takes up said boy, and delivers him to Mr. John Vanderhoven, near White Hall, or secures him in goal so that his owner may get him again, shall have the above rew ard, and all reasonable charges paid. ISAAC COTHEAL.","Hodges, Graham Russell Gao, and Alan Edward Brown, eds. “Pretends to Be Free”: Runaway Slave Advertisements from Colonial and Revolutionary New York and New Jersey. 1st ed. Fordham University Press, 2019. https://doi.org/10.2307/j.ctv7xbrzd.",
The Royal Gazette (New York),695,5/24/1783,"FIVE GUINEAS REWARD. WENT off from his master on Thursday night, a Negro Wench, called VIOLET, with her male children, one about 7 years old, called Willis, the other about two years old, named Joe. The Wench is about 26 years old, tall, thin, and somewhat pitted with the small-pox. The youngest boy is rather of a yellow complection. Both boys have lately had their hair or wooll cut short. Whoever apprehends said Negroes, and brings them to the Subscriber’s House, at Greenwich, shall have a reward of Five Guineas immediately paid them. David Campbell.","Hodges, Graham Russell Gao, and Alan Edward Brown, eds. “Pretends to Be Free”: Runaway Slave Advertisements from Colonial and Revolutionary New York and New Jersey. 1st ed. Fordham University Press, 2019. https://doi.org/10.2307/j.ctv7xbrzd.",
The Royal Gazette (New York),701,6/14/1783,"ONE GUINEA REWARD. RUN-AWAY, a Negro Man, named Cesar, about 26 years old, 5 feet 4 inches high, an honest look, smooth face, a scar over one of his eyes: Had on when he went away, a light coloured cloth waistcoat, without sleeves, white metal hollow buttons, a pair of jean breeches, shoes and stockings, and a half worn white hat: He is well known by carrying bread and biskets about the streets. Whoever gives information where he may be found, shall receive the above reward, from the Subscriber, at No. 23, John’s Street. RICHARD JENKINS.","Hodges, Graham Russell Gao, and Alan Edward Brown, eds. “Pretends to Be Free”: Runaway Slave Advertisements from Colonial and Revolutionary New York and New Jersey. 1st ed. Fordham University Press, 2019. https://doi.org/10.2307/j.ctv7xbrzd.",
The Royal Gazette (New York),701,6/14/1783,"RUN-AWAY from the Subscriber, living at No. 110, Water-street, near the New Slip, A Negro Girl, named POLL, about 13 years of age, very black, marked with the Small-Pox, and had on when she went away a red cloath petticoat, and a light blue short gown, home made. Whoever wil take up and secure the said Girl, so that the owner may get her, shall be handsomely rewarded by Thomas Brinckley. New-York, May 28, 1783.","Hodges, Graham Russell Gao, and Alan Edward Brown, eds. “Pretends to Be Free”: Runaway Slave Advertisements from Colonial and Revolutionary New York and New Jersey. 1st ed. Fordham University Press, 2019. https://doi.org/10.2307/j.ctv7xbrzd.",
The Royal Gazette (New York),703,6/21/1783,"Ten Dollars Reward. RUN-AWAY on Monday the 9th June, from Long Island, a negro man named JACK, formerly belonged to John Packer, of New-York; had on when he went away a brown coat, red jacket, and leather breeches, with a large flopt hat. Whoever secures the above negro, and delivers him at No. 174, Water-street, shall receive the above reward. All masters of vessels, and others, are hereby forwarned not to harbour or carry off said negro, as they shall answer the same at their peril.","Hodges, Graham Russell Gao, and Alan Edward Brown, eds. “Pretends to Be Free”: Runaway Slave Advertisements from Colonial and Revolutionary New York and New Jersey. 1st ed. Fordham University Press, 2019. https://doi.org/10.2307/j.ctv7xbrzd.",
The New-Jersey Gazette (Trenton),287,6/25/1783,"WHEREAS negro Adam still continues to absent himself from the service of the subscriber, in such a manner as that the constables have not been able to take him, after being publickly declared to be the property of the subscriber by a solemn adjudication had on a writ of Habeas Corpus, before the Justices of the Supreme Court: And whereas there is great reason to believe that he is still employed, protected, secreted and encouraged, by the same evil-minded advisers as formerly, having been seen on Tuesday the 17th inst. by different and indifferent creditable witnesses, mowing in the meadow of Nathan Beakes, in company with a young man who lives at his house, and not been heard to abide many minutes in one place since. This is therefore to forbid all people from harbouring, employing, or dealing with the said negro, and to beg that they woulf apprehend and deliver him to the constable, the gaol-keeper, or to the subscriber in Trenton, give information or encourage him to return to his duty, which will prove much to the advantage of the negro, and they shall be generously rewarded by DAVID COWELL.","Hodges, Graham Russell Gao, and Alan Edward Brown, eds. “Pretends to Be Free”: Runaway Slave Advertisements from Colonial and Revolutionary New York and New Jersey. 1st ed. Fordham University Press, 2019. https://doi.org/10.2307/j.ctv7xbrzd.",
The New-York Gazette: and the Weekly M ercury,1656,6/29/1783,"Fifteen Dollars Reward. RUN away on Friday the 13th instant, a negro wench named LUCE, about 30 years of age, middling, or rather low in stature; her right cheek stained of a different colour from her natural black, carries her head remarkably high, and seems to have a difficulty to open her eyes, she is very noisy and quarrelsome in the streets; had on when she went away a green striped fluff gown that has been washed, a dark blue moreen petticoat, a gauze cap and pink ribbons, no hat, she had also with her a dark purple callicoe gown, she commonly goes by the name of Luce Price, from her having formerly lived with Edward Price, the pilot, on Cruger’s wharf; she has been seen two or three times since she run away about the streets, the last time at the Fly Market, supposed to be going over the Ferry, where she sometimes used to run, as also to Harlaem and Shrewsbury: It is supposed she is lurking somewhere in this city, and is afraid to come home. Any person who will discover her to her master, at No. 49, the comer next to the Exchange, so that he may apprehend her shall receive the above reward; and if said wench will voluntarily return home, her master will forgive her.—All persons are cautioned not to conceal, harbour, or carry off said wench.","Hodges, Graham Russell Gao, and Alan Edward Brown, eds. “Pretends to Be Free”: Runaway Slave Advertisements from Colonial and Revolutionary New York and New Jersey. 1st ed. Fordham University Press, 2019. https://doi.org/10.2307/j.ctv7xbrzd.",
The New-Jersey Gazette (Trenton),288,7/2/1783,"Three Pounds R E W A R D . RAN away from the subscriber in Mendham, Morris county, the 25th of May, a negro fellow named Cuff, about 26 years old, five feet ten inches high, has a scar on one of his hands by the cut of an ax, from his little finger knuckle to the third finger, so that it occasions his little finger to stand in to the palm of his hand; had on when he went away a thick coat, black and white wool mixed in the cards, tow shirt and trowsers, new shoes. Whoever takes up said fellow, and secures him in any gaol, so that the owner may have him again, shall receive the above reward, and all reasonable charges by SAMUEL WELLS. Mendham, June 18, 1783.","Hodges, Graham Russell Gao, and Alan Edward Brown, eds. “Pretends to Be Free”: Runaway Slave Advertisements from Colonial and Revolutionary New York and New Jersey. 1st ed. Fordham University Press, 2019. https://doi.org/10.2307/j.ctv7xbrzd.",
The New-Jersey Journal (Chatham),230,7/9/1783,"RAN-AWAY from the subscriber at New-Brunswick, the 22d day of June last, a NEGRO MAN named CUFFE, about 24 years of age, five feet six or seven inches high; is a likely fellow, speaks good English, and walks nimbly; had on a light coloured coat and jacket, corduroy breeches, checked shirt, silver shoe and stock buckles. Whoever takes him up, and secures him in gaol, or brings him to his master, shall have one guinea reward, and all reasonable charges paid, by JOHN DUNHAM. New-Brunswick, July 8, 1783.","Hodges, Graham Russell Gao, and Alan Edward Brown, eds. “Pretends to Be Free”: Runaway Slave Advertisements from Colonial and Revolutionary New York and New Jersey. 1st ed. Fordham University Press, 2019. https://doi.org/10.2307/j.ctv7xbrzd.",
The Royal Gazette (New York),708,7/9/1783,"ONE GUINEA REWARD. RUN AWAY from Peter Alexander Al, on Saturday the 5th instant, a MULLATTO BOY, named Jack, between 11 and 12 years of age, full and flat faced; had on when he went away, an Osnaburg shirt and tow trowsers, supposed to be harboured by some free negroes in town. Any person who will apprehend said Negro Boy, and bring him to No. 14, in Wall-Street, shall receive the above reward. All Masters of Vessels are forwamed to carry him off. New-York, July 9, 1783,","Hodges, Graham Russell Gao, and Alan Edward Brown, eds. “Pretends to Be Free”: Runaway Slave Advertisements from Colonial and Revolutionary New York and New Jersey. 1st ed. Fordham University Press, 2019. https://doi.org/10.2307/j.ctv7xbrzd.",
The Royal Gazette (New York),714,7/30/1783,"Ran-away from the Subscriber, On the 18th of June last, A NEGRO BOY named JACK, aged about sixteen years.------Any person taking up said Negro Boy, and delivering him to his Master, shall have one Guinea Reward for his trouble; and also a Reward of Five Guineas for discovering such person or persons, who may have employed, harboured, concealed, or entertained said Negro Boy. JEROMUS LOTT. K ing’s-County, July 29, 1783.","Hodges, Graham Russell Gao, and Alan Edward Brown, eds. “Pretends to Be Free”: Runaway Slave Advertisements from Colonial and Revolutionary New York and New Jersey. 1st ed. Fordham University Press, 2019. https://doi.org/10.2307/j.ctv7xbrzd.",
The Royal Gazette (New York),715,8/2/1783,"EIGHT DOLLARS REWARD. RUN-AWAY from the Subscriber, whilst in West-Chester County, New-York State, the 23d of July last, a Negro fellow, named JACK, 26 years old, about five feet high, thick set, he can read and write, and has served as an hostler this some time past to take care of the noted horses, Pastime and Goldfmder; and it is most likely he will make towards Rhode-Island, as he formerly came from thence: He had on when he went away, an old white short brown jacket, and a pair of striped trousers; a wool hat, bound with white, and cock’d, no shoes nor stockings on. And I desire all Captains of vessels, to beware not to take or receive such fellow on board; and whoever will take up and secure him, so that the owner may get him again, shall have the above reward and all reasonable charges, per me, D emas Fo rd , or Joseph Pu r d y .","Hodges, Graham Russell Gao, and Alan Edward Brown, eds. “Pretends to Be Free”: Runaway Slave Advertisements from Colonial and Revolutionary New York and New Jersey. 1st ed. Fordham University Press, 2019. https://doi.org/10.2307/j.ctv7xbrzd.",
The Royal Gazette (New York),719,8/16/1783,"RAN-Away a few days ago, a little Negro Boy, had on a blue coat with red cuffs and collar, a pair of fustian trowsers, with buttons all down the sides; he has got marks on the fingers of his left hand like a burn. All Masters of vessels and others, are warned against keeping said Negro, any information of said Boy, will be thankfully received, and all reasonable charges paid. Enquire of Mr. Rivington. New-York August 15, 1783.","Hodges, Graham Russell Gao, and Alan Edward Brown, eds. “Pretends to Be Free”: Runaway Slave Advertisements from Colonial and Revolutionary New York and New Jersey. 1st ed. Fordham University Press, 2019. https://doi.org/10.2307/j.ctv7xbrzd.",
The New-York Gazette: and the Weekly M ercury,1661,8/18/1783,"Eight Dollars Reward. RUN-away on Sunday morning the 3d instant, a tall, stout negro wench and her child; the wench is named LUCY, the child VENUS. The wench is very much pitted with the small pox, and her feet is so large that she is obliged to ware mens shoes. She took with her two short gowns, and two petticoats, one striped bottom short gown and a yellow ground callicoe one; one black petticoat and one other supposed green, either of which she wears. The child had on a tow cloth frock, has a scar on her shoulder, and is about 5 or 6 years old. Her mother is about 28 years. Whoever gives information to the printer so as the owner may have them again, shall receive the above reward. All persons are forewarned not to conceal, harbour or carry off the said wench and her child, as they will have to answer for it at their peril.","Hodges, Graham Russell Gao, and Alan Edward Brown, eds. “Pretends to Be Free”: Runaway Slave Advertisements from Colonial and Revolutionary New York and New Jersey. 1st ed. Fordham University Press, 2019. https://doi.org/10.2307/j.ctv7xbrzd.",
The New-York Gazette: and the Weekly M ercury,1661,8/18/1783,"Five Dollars Reward a Head, RUN-away from the subscriber, on Saturday the 16th inst. three negro men, who it is likely will keep together; one of them is named William, a slim fellow, 27 years of age, about 5 feet 9 inches high, has a remarkable scar across his nose, speaks very good English and Low Dutch: Had on when he went away an old brown coloured coat, and a blue cloth jacket, a pair of new spotted breeches, and linen stockings. Another fellow goes by the name of Harry, about 5 feet 7 inches high, about 30 years of age, had on a linsey woolsey coat coloured grey, a white jacket of ditto, striped over-hawls, and new shoes; took with him a short pair of white linen breeches. The third is called John, about 39 years of age, 5 feet 8 inches high, well set, has a remarkable scar on his upper lip: Had on a brown cloth coat, a blue cloth jacket, linen breeches, and black trowsers. Whoever secures the above negroes, so that their masters may have them again, shall have the above reward, and all reasonable charges, paid by us, DAVID HASBROUCK, NATHANIEL LEFEVER, ANDRES LEFEVER, jun. New-Paltz, in Ulster County, 1 August 18, 1783 J","Hodges, Graham Russell Gao, and Alan Edward Brown, eds. “Pretends to Be Free”: Runaway Slave Advertisements from Colonial and Revolutionary New York and New Jersey. 1st ed. Fordham University Press, 2019. https://doi.org/10.2307/j.ctv7xbrzd.",
The Royal Gazette (New York),726,9/10/1783,"RUN AWAY, from the Widow Suydain, at Flushing, a negro Wench, named P E G , about twenty years of age, very black, thick set.—Whoever will secure the said Wench, shall receive TWO GUINEAS reward, by the Widow Suydain, and all reasonable charges paid. September 6, 1783.","Hodges, Graham Russell Gao, and Alan Edward Brown, eds. “Pretends to Be Free”: Runaway Slave Advertisements from Colonial and Revolutionary New York and New Jersey. 1st ed. Fordham University Press, 2019. https://doi.org/10.2307/j.ctv7xbrzd.",
The Royal Gazette (New York),726,9/10/1783,"RUN AWAY from the Subscriber, a MULATTO M an named S A M , had on when he went away, a striped jacket and trowsers, made out of a ; carried off a bag of cloaths, consisting of a red waistcoat, skin pair of breeches, and two pair of white breeches.—Whoever will bring him to the Subscriber or to William Byron, the Corner of the Fly- Market, by the Ferry-Stairs, will be handsomely rewarded. EDWARD BARDIN, Jamaica, Long-Island.","Hodges, Graham Russell Gao, and Alan Edward Brown, eds. “Pretends to Be Free”: Runaway Slave Advertisements from Colonial and Revolutionary New York and New Jersey. 1st ed. Fordham University Press, 2019. https://doi.org/10.2307/j.ctv7xbrzd.",
The Royal Gazette (New York),727,9/13/1783,"F I V E P O U N D S Reward. RUN AWAY, about two months ago, a Negro Boy, named GEORGE SCRIBENS, free born, at Craddock Neck, in Acomack County, Virginia, from whence he was brought, with his Father, to this city, about October, 1781.— He is supposed to be gone to Nova-Scotia. The above reward will be given on the delivery of this Boy to his Master, (to whom he is an indented apprentice.) Shadrack Fur m a n , Facing Oswego-market, in the Broad-Way. The same reward will be given on delivering the Boy to Captain Wheeler, at Port-Roseway, Nova-Scotia.","Hodges, Graham Russell Gao, and Alan Edward Brown, eds. “Pretends to Be Free”: Runaway Slave Advertisements from Colonial and Revolutionary New York and New Jersey. 1st ed. Fordham University Press, 2019. https://doi.org/10.2307/j.ctv7xbrzd.",
The Royal Gazette (New York),728,9/17/1783,"ABSCONDED from his MASTER. A NEGRO MAN SLAVE, named JEM, belonging to Mr. Anthony Stewart. This Negro is well known in the City, and goes amongst his Companions by the name of JAMES BUTLER. He is a likely man, about thirty years of age; an exceeding good House Servant, and understands waiting upon a Gentleman. Whoever apprehends and secures him so as his Master may have him again, shall receive F I V E G U I N E A S Reward, paid by applying to the Printer, or at No. 206, Water-Street.","Hodges, Graham Russell Gao, and Alan Edward Brown, eds. “Pretends to Be Free”: Runaway Slave Advertisements from Colonial and Revolutionary New York and New Jersey. 1st ed. Fordham University Press, 2019. https://doi.org/10.2307/j.ctv7xbrzd.",
The Royal Gazette (New York),732,10/3/1783,"A NEGRO GIRL, ABOUT 12 years old, named Madlane, who arrived in this Town yesterday, strayed away, having on a striped Woollen Rapper, dark blue Petticoat, with white flowers, and was bare footed. Whoever will show her to No. 11, Little Queen-Street, shall have FOUR DOLLARS for their trouble. October 1, 1783.","Hodges, Graham Russell Gao, and Alan Edward Brown, eds. “Pretends to Be Free”: Runaway Slave Advertisements from Colonial and Revolutionary New York and New Jersey. 1st ed. Fordham University Press, 2019. https://doi.org/10.2307/j.ctv7xbrzd.",
The Royal Gazette (New York),736,10/15/1783,"FIVE GUINEAS Reward. RUN AWAY from the Subscriber, from on board the Brig Neptune, RICHARD DAVIS, Master, lying at Murray’s Wharf, F E L I X, a Mulatto Man, of a dark complexion, about 5 feet 8 or 9 inches high, stout built, large head and face, with thick short curled hair, has lost some of his fore teeth, is much inclined to drink, and when so, talks very much; he speaks French and English, and professes to be a Barber, Cook and Sailor; no doubt he will change his name, he being an artful fellow.—Whoever will apprehend the said Felix, and deliver him on board the said Brig, or to Mr. Bartholomew Anster, No. 24, Water-Street, or to Mr. Anthony Van Dam, shall receive the above reward. Jacob Howell.","Hodges, Graham Russell Gao, and Alan Edward Brown, eds. “Pretends to Be Free”: Runaway Slave Advertisements from Colonial and Revolutionary New York and New Jersey. 1st ed. Fordham University Press, 2019. https://doi.org/10.2307/j.ctv7xbrzd.",
The Royal Gazette (New York),736,10/15/1783,"FIVE DOLLARS Reward. RUN-away from the Subscriber, on Wednesday last, a negro wench about seventeen years of age. Whoever will apprehend and secure her so that her master may get her again, shall be entitled to the above reward, and all reasonable charges paid, by applying to Gilliam Cornell, opposite to the Fly M arket, or the subscriber, at New Town, Long-Island. ISAAC CORNELL. N.B. All masters of Vessels and others, are hereby warned not to harbour, conceal, or carry off the said wench, as they shall answer it at their peril. Oct. 11, 1783.","Hodges, Graham Russell Gao, and Alan Edward Brown, eds. “Pretends to Be Free”: Runaway Slave Advertisements from Colonial and Revolutionary New York and New Jersey. 1st ed. Fordham University Press, 2019. https://doi.org/10.2307/j.ctv7xbrzd.",
The New-York Gazette: and the Weekly M ercury,1672,11/3/1783,"TWENTY DOLLARS Reward. ESCAPED last night out of the Main Guard, a mulatto man named Thomas, a well set thick fellow, long bushy hair; had on a blue sailors jacket, green under waistcoat, whitish woollen, or oznabrig trowsers. Whoever will apprehend, or give information of him to the Printer, or Mr. David Berkman, No. 15 Smith Street, so that he may be taken, shall receive the above reward. All persons are forbid harbouring him, and all masters of vessels from carrying him off, as they may depend on being prosecuted for the same, as he has been guilty of robbing his Master. New York, October 19th, 1783.","Hodges, Graham Russell Gao, and Alan Edward Brown, eds. “Pretends to Be Free”: Runaway Slave Advertisements from Colonial and Revolutionary New York and New Jersey. 1st ed. Fordham University Press, 2019. https://doi.org/10.2307/j.ctv7xbrzd.",
The Royal Gazette (New York),738,10/22/1783,"FIVE POUNDS REWARD. RUN-AWAY, on Friday 19th September, a NEGRO WENCH, named KATE, bom in the family of Jacob Bennet, on Long-Island, has lived with Mr. George Hunter and Ephraim Smith, of this City: She is very stout made, about 5 feet 9 or 10 inches high, of a light black, and likely face, without any particular marks, generally wears her hair very high and straight up, over a roll, with a great deal of pomatum, a great talker and shrill voice; took with her a variety of clothes, among which there was a Callico Short Gown, with the figure of horses, carriages, and soldiers, in blue and yellow colours, particularly a row of the latter round the bottom of it; and several caps, all with long ears. Is supposed to feign the name of Boyle, an Ensign in General De Lancey’s corps. Whoever will apprehend and secure her, so that her master may get her, shall have the above reward, and all reasonable charges paid, by applying to the Printer, or No. 19, Crown-street. All Masters of vessels and others, are hereby warned not to harbour, conceal, or carry off the said Wench, as they shall answer it at their peril.","Hodges, Graham Russell Gao, and Alan Edward Brown, eds. “Pretends to Be Free”: Runaway Slave Advertisements from Colonial and Revolutionary New York and New Jersey. 1st ed. Fordham University Press, 2019. https://doi.org/10.2307/j.ctv7xbrzd.",
The Royal Gazette (New York),742,11/5/1783,"Reward of Twenty Dollars for each. RAN away from the Subscriber, two NEGROES, viz. one went away the 4th of October last, a well-set Fellow, named Cuffey, a Taylor, speaks pretty good English; had on when he went away a brown Surtout-Coat. The other left the Subscriber the 4th of November inst. called Johannis, speaks but little English; had on when he went away a blue and white striped Linen Jacket, with Shoes and Stockings: They are both from St. Croix. Whoever apprehends the said Negroes, or either, shall be entitled to the above Reward, by bringing them to Mr. Tobias Stoutenburg , just behind the main Guard, or to me the Subscriber at the Said Mr. Stoutenburg’s. P. H. Loorburg h .","Hodges, Graham Russell Gao, and Alan Edward Brown, eds. “Pretends to Be Free”: Runaway Slave Advertisements from Colonial and Revolutionary New York and New Jersey. 1st ed. Fordham University Press, 2019. https://doi.org/10.2307/j.ctv7xbrzd.",
The Royal Gazette (New York),742,11/5/1783,"FIVE DOLLARS Reward. RUN-AWAY, on the 3d day of this instant, from his Master, HENRY STANTON, living at Brooklyne, Long-Island, a NEGRO BOY, named JESS: Had on when he went away, a brown homespun coat, vest and breeches, and a red silk handkerchief about his neck, has a great turn at whistling.—Whoever takes up said Negro Boy, and brings him to his Master, shall receive the above Reward. N. B. All Masters of Vessels are strictly forbid harbouring or carrying off said Negro, at their peril. Henry Stan to n . November 7, 1783.","Hodges, Graham Russell Gao, and Alan Edward Brown, eds. “Pretends to Be Free”: Runaway Slave Advertisements from Colonial and Revolutionary New York and New Jersey. 1st ed. Fordham University Press, 2019. https://doi.org/10.2307/j.ctv7xbrzd.",
The New-York Gazette: and the Weekly M ercury,1673,11/10/1783,"RUN-AWAY on Tuesday night the 4th instant, from the subscriber at Hampstead, in Queen’s county, Long-Island, a negro man slave named ANTHONY, about 35 years old, of a middling stature, a black complexion, very talkative, speaks good English, and pretends to be a preacher, and sometimes officiates in that capacity among the Blacks. Had on when he went away a bearskin great coat, and the rest of the cloaths chiefly of the same kind, and partly worn, and may very likely have changed his clothes. Any person who will apprehend said negro man, and delivers him to the subscriber, or secures him so that his master may have him again, shall receive a reward of FIVE DOLLARS, if taken in Queen’s county; and TEN DOLLARS if taken elsewhere to be paid by me. N. B. All masters of vessels, and others, are hereby forbid to carry him off, &c. S. CLOWES.","Hodges, Graham Russell Gao, and Alan Edward Brown, eds. “Pretends to Be Free”: Runaway Slave Advertisements from Colonial and Revolutionary New York and New Jersey. 1st ed. Fordham University Press, 2019. https://doi.org/10.2307/j.ctv7xbrzd.",
The New-York Gazette: and the Weekly M ercury,1673,11/10/1783,"Eight Dollars Reward. RUN-AWAY, two weeks ago, a NEGRO MAN named George, 42 years of age, a small slim made fellow, speaks bad English, a very great liar, he is a regular bred gardener, much addicted to liquor, went off in a drunken fit, leaving all his best cloaths behind him, had on an old short blue coat, and a round hat.— He is the property of a gentleman in this neighbourhood.—If taken within six miles of this place four dollars will be paid, if at a greater distance eight, by JACOB BENJAMIN. Trenton, November 2, 1783.","Hodges, Graham Russell Gao, and Alan Edward Brown, eds. “Pretends to Be Free”: Runaway Slave Advertisements from Colonial and Revolutionary New York and New Jersey. 1st ed. Fordham University Press, 2019. https://doi.org/10.2307/j.ctv7xbrzd.",
The Royal Gazette (New York),744,11/12/1783,"FOUR GUINEAS Reward. ABSCONDED from the Subscriber, a NEGRO WENCH, named FLORA, also a NEGRO MAN, named JAMES, usually called JAMES JACKSON.— The Wench about 44 or 45 years of age, middle size, generally wears striped Homespun. The Man about 21 years old, rather short, slender make, has bow shins, wears dark brown, turned up with scarlet; plays on the German Flute and Fife. Any person that apprehends the above Negroes, and delivers them to the Subscriber, shall receive a reward of FOUR GUINEAS, or TWO GUINEAS for either of them.— All Masters of Vessels and others, are forbid to take away said Negroes, or harbour them. M. Brownejohn, No. 24, Hanover-Square. N. B. They may be both in black.","Hodges, Graham Russell Gao, and Alan Edward Brown, eds. “Pretends to Be Free”: Runaway Slave Advertisements from Colonial and Revolutionary New York and New Jersey. 1st ed. Fordham University Press, 2019. https://doi.org/10.2307/j.ctv7xbrzd.",
The Royal Gazette (New York),745,11/15/1783,"TWO GUINEAS Reward. RAN away from the Subscriber, on Sunday the 9th instant, a N E G R O M A N , named PETER, about 5 feet 7 inches high, very black, has a down cast look; had on when he went away a short brown coat, lined with green baize, a double-breasted waistcoat, dark brown, lined with striped linsey woolsey, a pair of red cloth trowsers, quite new, and an old felt hat; and took with him a pair of brown trowsers. Whoever takes up said Negro, and returns him to the subscriber near Brooklyne, on Long- Island, or to Mr. R. S U Y D A M , No. 9, Little Dock- street, shall have the above reward, and all Charges paid. N. B. All Masters of Vessels and other persons are forbid harbouring said Negro, as they may depend answering for the same at their peril.","Hodges, Graham Russell Gao, and Alan Edward Brown, eds. “Pretends to Be Free”: Runaway Slave Advertisements from Colonial and Revolutionary New York and New Jersey. 1st ed. Fordham University Press, 2019. https://doi.org/10.2307/j.ctv7xbrzd.",
The Royal Gazette (New York),745,11/15/1783,"FIVE DOLLARS Reward. RAN away, on Friday Night last, from the Subscriber, living in East-Jersey, Essex County, a NEGRO LAD, about 19 years of age; a tall, thin built fellow, a little on the yellow cast; had on when he went away a sailor’s jacket, with a red one under it. Whoever will take him up, and send him to his Master, living within a few miles of Elizabeth-Town, shall receive the above reward, and all reasonable charges, paid by me, JOHN ROSS, jun. November 14, 1783.","Hodges, Graham Russell Gao, and Alan Edward Brown, eds. “Pretends to Be Free”: Runaway Slave Advertisements from Colonial and Revolutionary New York and New Jersey. 1st ed. Fordham University Press, 2019. https://doi.org/10.2307/j.ctv7xbrzd.",
The Royal Gazette (New York),746,11/19/1783,"TEN POUNDS Reward. RAN away from the Subscriber, some time ago, a stout young NEGRO MAN, aged 22 years, about 5 feet ten inches high, his name formerly was NEPTUNE, but now goes by the Name of JOHN NEPTUNE. Any person delivering him at No. 12, in Crown-street, shall be entitled to the above reward. All Masters of Vessels are forbid carrying him away, as they may depend on being prosecuted, by THOMAS GUION New-York, Nov. 17, 1783.","Hodges, Graham Russell Gao, and Alan Edward Brown, eds. “Pretends to Be Free”: Runaway Slave Advertisements from Colonial and Revolutionary New York and New Jersey. 1st ed. Fordham University Press, 2019. https://doi.org/10.2307/j.ctv7xbrzd.",
The Royal Gazette (New York),746,11/19/1783,"TEN POUNDS Reward. RUN-AWAY from the Subscriber, on Sunday night the 16th inst. a NEGRO WENCH, named ISABEL; had on when she run-away, a short whitish Cloth Cloak, with a hood, about 5 feet 6 inches high, very black colour, speaks pretty thick. She was taken away by her Husband, a Negro Man, called Peter Longster, about 6 feet high, pretty stout, formerly lived with Col. Lutwyche, at Brooklyne-Ferry, Long-Island.—Whoever will secure either of them, or give information to the Subscriber, or to William Bryan, at the Fly-Market Stairs, so that he may get his property again, shall receive the above reward, and all reasonable charges paid. Edw ard Bardin , at Jamaica, Long-Island. N. B. All Masters of Vessels and others, are hereby forewarned not to harbour them, but at their peril.","Hodges, Graham Russell Gao, and Alan Edward Brown, eds. “Pretends to Be Free”: Runaway Slave Advertisements from Colonial and Revolutionary New York and New Jersey. 1st ed. Fordham University Press, 2019. https://doi.org/10.2307/j.ctv7xbrzd.",
The Royal Gazette (New York),746,11/19/1783,"TWO GUINEAS Reward. RUN-AW AY from the Subscriber, on the 14th instant, a NEGRO BOY, named HECTOR, about eighteen years of age, four feet six inches high, speaks tolerable good English: Had on when he went away, a round hat, a short coatee, of a light colour, cloth waistcoat, much the same, a watch-coat, with a velvet cape, a coating pair of trowsers, of a grey colour, a pair of white stockings.— He is a well-set fellow.—Whoever secures the said Negro, and brings him to the Subscriber, living near the Provost, in Great George Street, No. 7, shall be entitled to the above reward, and all reasonable charges paid. N. B. All Masters of Vessels, and others, are forbid taking him off, or concealing him, as they shall answer it at their peril. PHILIP RUCKEL.","Hodges, Graham Russell Gao, and Alan Edward Brown, eds. “Pretends to Be Free”: Runaway Slave Advertisements from Colonial and Revolutionary New York and New Jersey. 1st ed. Fordham University Press, 2019. https://doi.org/10.2307/j.ctv7xbrzd.",
The Political Intelligencer and New-Jersey Advertiser (Trenton),7,11/25/1783,"Five Pounds Reward. RUN-AWAY from the subscriber at Delaware-Mills, Bucks County, and State of Pennsylvania, two NEGROES, the one named JIM, about five feet six or seven inches high, thirty years of age, well made, a smart active fellow, of a yellowish complexion, had on when he went away a light coloured coat with a red cape, brown jacket and overalls— The other a WENCH, wife to Jim, about thirty years of age, small in stature, slow in motion and speech, some scars in her face, had on when she went away a striped linsey petticoat and short-gown; they both have changes of cloaths.—Whoever takes up and secures said Negroes shall have the above reward and reasonable charges paid by MARK BIRD. November 10, 1783.","Hodges, Graham Russell Gao, and Alan Edward Brown, eds. “Pretends to Be Free”: Runaway Slave Advertisements from Colonial and Revolutionary New York and New Jersey. 1st ed. Fordham University Press, 2019. https://doi.org/10.2307/j.ctv7xbrzd.",
Rivington’s New-York Gazetteer and Universal Advertiser,751,12/6/1783,"RUN-AWAY from the Subscriber this morning, about nine o’clock, Two Negro Lads, called STEPNEY and PRINCE: The first 20 years of age, about 5 feet 8 inches high, well made genteel fellow, has a small impediment in his speech, red eyes from an inflamation in them, and has taken clothes with him of various kinds, but generally wears a green short coat, a blue under waist-coat, and buck-skin breeches, with a blue surtout-coat, and has been used to wait in a Gentleman’s family.—PRINCE is about 5 feet 5 inches high, 17 years of age, has thick lips, and a remarkable large mouth; he is talkative and impudent; had on a pair of blue cloth trowsers, a reddish sailors jacket, and dark brown great coat; he has been used to work at the Ship-Carpenters Business, and understands caulking and mast-making pretty well. It is supposed they have gone on board some vessel immediately bound to sea. All Masters of vessels are requested not to harbour or take them off. Any person delivering them to Capt. Nicholson, No. 92, William street, shall have Five Guineas Reward for each. New-York, Dec. 2, 1783.","Hodges, Graham Russell Gao, and Alan Edward Brown, eds. “Pretends to Be Free”: Runaway Slave Advertisements from Colonial and Revolutionary New York and New Jersey. 1st ed. Fordham University Press, 2019. https://doi.org/10.2307/j.ctv7xbrzd.",
Rivington’s New-York Gazetteer and Universal Advertiser,754,12/17/1783,"TWENTY DOLLARS REWARD. RUN AWAY from the Subscriber, at Yongkers, near Kingsbridge, about two months since, a negro man named Y a f f ; but goes generally by the nickname of MINK, about 20 years of age, 5 feet 6 inches high, thick set, yellow complexion, a scar upon his cheek, and another upon his forehead, given very much to drink; had on when he went away a blue coat, with a white lining, a clouded velvet waistcoat, and white plush breeches. The above reward will be paid to any person who can give such information that he may be found again, by applying to Edward Huestis, Shoe-maker, the upper end of Queen street, near the Tea-Water Pump, or to the Subscriber. JESSE HUESTIS. December 16, 1783.","Hodges, Graham Russell Gao, and Alan Edward Brown, eds. “Pretends to Be Free”: Runaway Slave Advertisements from Colonial and Revolutionary New York and New Jersey. 1st ed. Fordham University Press, 2019. https://doi.org/10.2307/j.ctv7xbrzd.",
Rivington’s New-York Gazetteer and Universal Advertiser,754,12/17/1783,"TWO G U INEAS REW ARD. RUN-Away from the Subscriber, the 24th day of November last, a likely Negro Woman, named Sarah, brought up in the family of Mr. Deycay, deceased, where she went by the name of Clarender, about thirty years of age; she is pretty tall and slender made, her complexion being very black, has a remarkable wart on her right eye-lash. Had on when she went away, a callicoe short gown, black skirt, and a black hat trimmed with edging, but as she has a great number of good cloaths, which she carried away with her, it is impossible to describe the dress she may now be in. It is supposed, that she is kept concealed somewhere in this city, she having a great many relations and acquaintances here. This is to forewarn all persons from harbouring her, as they will answer it at their peril. Any person who will apprehend the said Negro Woman, and secure her so that her mistress may have her again, shall receive the above reward, paid them by me, living at No. 385, Murray-Street. ELIZABETH MILLER. N. B. All Masters of vessels are forewarned not to harbour or carry off the said Negro Woman.","Hodges, Graham Russell Gao, and Alan Edward Brown, eds. “Pretends to Be Free”: Runaway Slave Advertisements from Colonial and Revolutionary New York and New Jersey. 1st ed. Fordham University Press, 2019. https://doi.org/10.2307/j.ctv7xbrzd.",
Rivington’s New-York Gazetteer and Universal Advertiser,756,12/24/1783,"ABSCONDED from his Master, since Sunday morning, an INDIAN BOY, of a yellow colour, about 13 years of age, had on a blue short jacket, and trowsers of the same cloth. It is imagined he was inticed away by a white boy, who went about the city offering some gold rings for sale, and said he run away from a ship of war. Whoever will apprehend said Negro Boy, and bring or send him to his Master, at Mr. Stoutenberg’s, shall have Four Dollars Reward. All masters of vessels are requested to search for him on board their","Hodges, Graham Russell Gao, and Alan Edward Brown, eds. “Pretends to Be Free”: Runaway Slave Advertisements from Colonial and Revolutionary New York and New Jersey. 1st ed. Fordham University Press, 2019. https://doi.org/10.2307/j.ctv7xbrzd.",
The New-York Gazette: and the Weekly Mercury,1242,7/31/1775,"FOUR POUNDS Reward.
RUN-AWAY on the second day of July, from his master living near Coryell's ferry, Amwell town-ship, Hunterdon county, a negro man named T O M, about 22 years of age, 5 feet 7 inches high, this country born, likely featur'd, and well made : It is supposed that he has a forged pass. Had on and took with him when he went away, a lightish-colour'd sagothee coat, a white striped silken jacket, a white linen shirt, sagothee breeches, worsted stockings, good shoes, with brass buckles in them, a felt hat, a new pair of tow cloth trowsers, a tow and linen shirt, and an old claret colour'd jacket patch'd with brown broad cloth. Whoever takes up and secures said slave in any of his Majesty's goals in America, or delivers him to his said master, shall have the above reward, and all reasonable charges, paid by JACOB HOLCOMB.","https://www.loc.gov/resource/sn83030493/1775-07-31/ed-1/?sp=1&q=%22runaway%22%2C+%22negro%22%2C+%22ran%22%2C+%22slave%22&st=text&r=-0.139,-0.085,1.277,1.703,0",
The New-York Gazette: and the Weekly Mercury,1250,9/25/1775,"RUN-AWAY hom the lubicriber, a negro mart
Slave named BEN, aged about 18 years, is about:
5 feet 8 inches high, middling black, full fac'd, likely
visage, ftreight lim'd, African born, but has been in
this country since he was five or fix years of age, fpeafas
good English, and some Dutch ;.Had on when he went
away (which was on the 10th instant) a homespun
jacket, without Sleeves, a tow shirt and trowfers, Shoes
and flockings, and a felt hat about half-worn, but has
be n lately seen in New-York with a long brown furtout.
Whoever apprehends the said slave, and will deliver him
to the owner, at Poughkeepsie, in Dutchefs county, or
to William Martin, of the New Paltz, or will confine
him in any prifen, giving notice to his said master, Shall
receive FIVE DOLLARS reward, and all reason
able charges paid.
JOHN CONCKLIN.","https://www.loc.gov/resource/sn83030493/1775-09-25/ed-1/?sp=3&st=text&r=0.695,0.018,0.319,0.319,0",
The New-York Gazette: and the Weekly Mercury,Not Visible,11/27/1775,"FIVE DOLLARS Reward.
RUN-AWAY, a likely young negro man, named REDDING, about 5 feet 9 or 10 inches high, country born, of a very black complexion, and speaks good English : Had on when he went away, a green coat, a pair of duffles trowsers, yarn stockings, and a felt hat : He is supposed to be upon this island. Whoever appre-hends the said fellow, and will bring him to H. Gaine, shall receive the above reward, and have all reasonable charges paid.","https://www.loc.gov/resource/sn83030493/1775-11-27/ed-1/?sp=2&q=%22runaway%22%2C+%22negro%22%2C+%22ran%22%2C+%22slave%22&st=image&r=0.415,1.102,0.4,0.267,0",
The New-Jersey gazette (Burlington [N.J.]),328,8/23/1784,"Eight Dollars Reward.
RAN away last night from the subscriber in Tren-
ton, an English servant man named Thomas
Ferguson, about 25 or 30 years of age, 5 feet 10 or
11 inches high, round shouldered, long visaged, fair
complexion, brown hair, has a wife and child with
him, the child he had by a former wife, and is about
six years old ; he has been in the American service—
is addicted to swearing and other ill language, drink-
ing strong liquor to excess, &c. Whoever takes up
said servant, and secures him in any gaol in this state,
so that his master may get him again, shall have FOR-
TY SHILLINGS reward ; or if taken out of the state
THREE POUNDS, and all reasonable charges paid by
JOHN WHITMER.
N. B. Said runaway is supposed to be gone with
his wife towards Cohansey creek, where she formerly
lived, and was known by the name of Hannah Herritage.

August 16, 1784.","https://www.loc.gov/resource/sn83025471/1784-08-23/ed-1/?sp=3&q=%22runaway%22%2C+%22negro%22%2C+%22ran%22%2C+%22slave%22&r=0.283,0.989,0.541,0.361,0",
The daily advertiser (New York [N.Y.]),1159,11/7/1788,"TEN DOLLARS Reward.
RAN AWAY from the subscriber in Elizabethtown, on Friday last, the 31st of October, a Negro Man, named HECTOR, of a yellow complexion, slender built, about 30 years old, five feet six inches high, had on when he went away, a light coloured vest, tow trowsers, old shoes and no stockings, except a pair he may have stolen, of light coloured homespun, which he was accused of taking, the conviction of which has probably caused him to run away. His hat was made of wool, and almost worn out. His left arm is smaller than his right one, and has a large lump on it near the elbow, occasioned by the wound of a ball, also a scar very near it from a hurt when a child. He is much addicted to drinking and lying, and is very talkative. He was conveyed from the Jersey shore Saturday last, the 1st instant, by Simon Vanormand, of Staten-Island, and from Staten-Island by Joseph Decylve a boat-man from that place on Monday last, the 3d inst. and landed at White-Hall, in New York. He told Decylve he was going to Mr. Stevens's livery stable. Any person taking up and securing said negro, so that the owner may have him again, shall be entitled to the above reward, and reasonable charges paid, by
SAMUEL SMITH.

Elizabethtown, Nov. 4, 1788.","https://www.loc.gov/resource/sn83030007/1788-11-07/ed-1/?sp=3&st=image&r=-0.016,0.774,0.455,0.304,0",